transaction_id,scenario,fraud_probability,alert_threshold,block_threshold,decision,action,pred_fraud,true_fraud,result_type,top_features,probability_calculation,reason
0,07_balance_draining_attack,0.0,0.12,0.3,ALLOW,LOG,0,0,TN,"step, amount, oldbalanceOrg, newbalanceOrig, oldbalanceDest","P(fraud) = 0.0000. Since 0.0000 < alert_threshold 0.12, the system returns ALLOW and binary fraud prediction = 0.","Scenario pattern: Amount is made close to the sender balance to simulate account draining.

Probability source: The trained ML model calculated this using model.predict_proba(). The fraud probability is the second class probability: predict_proba(X)[:, 1].

Threshold calculation: P(fraud) = 0.0000. Since 0.0000 < alert_threshold 0.12, the system returns ALLOW and binary fraud prediction = 0.

Decision reason: The transaction risk is below the alert threshold, so it is allowed and only logged.

Top feature evidence:
step = 7.0 | Transaction time step in the simulation.
amount = 80635.05 | Transaction amount. High values can increase fraud risk.
oldbalanceOrg = 84879.0 | Sender balance before the transaction.
newbalanceOrig = 4243.949999999997 | Sender balance after the transaction.
oldbalanceDest = 136365.0 | Receiver balance before the transaction."
1,07_balance_draining_attack,0.02,0.12,0.3,ALLOW,LOG,0,0,TN,"step, amount, oldbalanceOrg, newbalanceOrig, oldbalanceDest","P(fraud) = 0.0200. Since 0.0200 < alert_threshold 0.12, the system returns ALLOW and binary fraud prediction = 0.","Scenario pattern: Amount is made close to the sender balance to simulate account draining.

Probability source: The trained ML model calculated this using model.predict_proba(). The fraud probability is the second class probability: predict_proba(X)[:, 1].

Threshold calculation: P(fraud) = 0.0200. Since 0.0200 < alert_threshold 0.12, the system returns ALLOW and binary fraud prediction = 0.

Decision reason: The transaction risk is below the alert threshold, so it is allowed and only logged.

Top feature evidence:
step = 8.0 | Transaction time step in the simulation.
amount = 0.0 | Transaction amount. High values can increase fraud risk.
oldbalanceOrg = 0.0 | Sender balance before the transaction.
newbalanceOrig = 0.0 | Sender balance after the transaction.
oldbalanceDest = 0.0 | Receiver balance before the transaction."
2,07_balance_draining_attack,0.01,0.12,0.3,ALLOW,LOG,0,0,TN,"step, amount, oldbalanceOrg, newbalanceOrig, oldbalanceDest","P(fraud) = 0.0100. Since 0.0100 < alert_threshold 0.12, the system returns ALLOW and binary fraud prediction = 0.","Scenario pattern: Amount is made close to the sender balance to simulate account draining.

Probability source: The trained ML model calculated this using model.predict_proba(). The fraud probability is the second class probability: predict_proba(X)[:, 1].

Threshold calculation: P(fraud) = 0.0100. Since 0.0100 < alert_threshold 0.12, the system returns ALLOW and binary fraud prediction = 0.

Decision reason: The transaction risk is below the alert threshold, so it is allowed and only logged.

Top feature evidence:
step = 8.0 | Transaction time step in the simulation.
amount = 365402.58499999996 | Transaction amount. High values can increase fraud risk.
oldbalanceOrg = 384634.3 | Sender balance before the transaction.
newbalanceOrig = 19231.715000000026 | Sender balance after the transaction.
oldbalanceDest = 0.0 | Receiver balance before the transaction."
3,07_balance_draining_attack,0.13,0.12,0.3,REVIEW,ALERT,0,1,FN,"step, amount, oldbalanceOrg, newbalanceOrig, oldbalanceDest","P(fraud) = 0.1300. Since alert_threshold 0.12 <= 0.1300 < block_threshold 0.30, the system returns REVIEW and binary fraud prediction = 0.","Scenario pattern: Amount is made close to the sender balance to simulate account draining.

Probability source: The trained ML model calculated this using model.predict_proba(). The fraud probability is the second class probability: predict_proba(X)[:, 1].

Threshold calculation: P(fraud) = 0.1300. Since alert_threshold 0.12 <= 0.1300 < block_threshold 0.30, the system returns REVIEW and binary fraud prediction = 0.

Decision reason: The transaction is suspicious but not risky enough for automatic blocking. It should be sent to manual review or an alert queue.

Top feature evidence:
step = 6.0 | Transaction time step in the simulation.
amount = 13018.8 | Transaction amount. High values can increase fraud risk.
oldbalanceOrg = 13704.0 | Sender balance before the transaction.
newbalanceOrig = 685.2000000000007 | Sender balance after the transaction.
oldbalanceDest = 3382.84 | Receiver balance before the transaction."
4,07_balance_draining_attack,0.0,0.12,0.3,ALLOW,LOG,0,0,TN,"step, amount, oldbalanceOrg, newbalanceOrig, oldbalanceDest","P(fraud) = 0.0000. Since 0.0000 < alert_threshold 0.12, the system returns ALLOW and binary fraud prediction = 0.","Scenario pattern: Amount is made close to the sender balance to simulate account draining.

Probability source: The trained ML model calculated this using model.predict_proba(). The fraud probability is the second class probability: predict_proba(X)[:, 1].

Threshold calculation: P(fraud) = 0.0000. Since 0.0000 < alert_threshold 0.12, the system returns ALLOW and binary fraud prediction = 0.

Decision reason: The transaction risk is below the alert threshold, so it is allowed and only logged.

Top feature evidence:
step = 8.0 | Transaction time step in the simulation.
amount = 45207.65 | Transaction amount. High values can increase fraud risk.
oldbalanceOrg = 47587.0 | Sender balance before the transaction.
newbalanceOrig = 2379.3499999999985 | Sender balance after the transaction.
oldbalanceDest = 61091.61 | Receiver balance before the transaction."
5,07_balance_draining_attack,0.0,0.12,0.3,ALLOW,LOG,0,0,TN,"step, amount, oldbalanceOrg, newbalanceOrig, oldbalanceDest","P(fraud) = 0.0000. Since 0.0000 < alert_threshold 0.12, the system returns ALLOW and binary fraud prediction = 0.","Scenario pattern: Amount is made close to the sender balance to simulate account draining.

Probability source: The trained ML model calculated this using model.predict_proba(). The fraud probability is the second class probability: predict_proba(X)[:, 1].

Threshold calculation: P(fraud) = 0.0000. Since 0.0000 < alert_threshold 0.12, the system returns ALLOW and binary fraud prediction = 0.

Decision reason: The transaction risk is below the alert threshold, so it is allowed and only logged.

Top feature evidence:
step = 4.0 | Transaction time step in the simulation.
amount = 0.0 | Transaction amount. High values can increase fraud risk.
oldbalanceOrg = 0.0 | Sender balance before the transaction.
newbalanceOrig = 0.0 | Sender balance after the transaction.
oldbalanceDest = 0.0 | Receiver balance before the transaction."
6,07_balance_draining_attack,0.03,0.12,0.3,ALLOW,LOG,0,0,TN,"step, amount, oldbalanceOrg, newbalanceOrig, oldbalanceDest","P(fraud) = 0.0300. Since 0.0300 < alert_threshold 0.12, the system returns ALLOW and binary fraud prediction = 0.","Scenario pattern: Amount is made close to the sender balance to simulate account draining.

Probability source: The trained ML model calculated this using model.predict_proba(). The fraud probability is the second class probability: predict_proba(X)[:, 1].

Threshold calculation: P(fraud) = 0.0300. Since 0.0300 < alert_threshold 0.12, the system returns ALLOW and binary fraud prediction = 0.

Decision reason: The transaction risk is below the alert threshold, so it is allowed and only logged.

Top feature evidence:
step = 8.0 | Transaction time step in the simulation.
amount = 0.0 | Transaction amount. High values can increase fraud risk.
oldbalanceOrg = 0.0 | Sender balance before the transaction.
newbalanceOrig = 0.0 | Sender balance after the transaction.
oldbalanceDest = 716259.23 | Receiver balance before the transaction."
7,07_balance_draining_attack,0.0,0.12,0.3,ALLOW,LOG,0,0,TN,"step, amount, oldbalanceOrg, newbalanceOrig, oldbalanceDest","P(fraud) = 0.0000. Since 0.0000 < alert_threshold 0.12, the system returns ALLOW and binary fraud prediction = 0.","Scenario pattern: Amount is made close to the sender balance to simulate account draining.

Probability source: The trained ML model calculated this using model.predict_proba(). The fraud probability is the second class probability: predict_proba(X)[:, 1].

Threshold calculation: P(fraud) = 0.0000. Since 0.0000 < alert_threshold 0.12, the system returns ALLOW and binary fraud prediction = 0.

Decision reason: The transaction risk is below the alert threshold, so it is allowed and only logged.

Top feature evidence:
step = 7.0 | Transaction time step in the simulation.
amount = 19287.85 | Transaction amount. High values can increase fraud risk.
oldbalanceOrg = 20303.0 | Sender balance before the transaction.
newbalanceOrig = 1015.1500000000015 | Sender balance after the transaction.
oldbalanceDest = 0.0 | Receiver balance before the transaction."
8,07_balance_draining_attack,0.265,0.12,0.3,REVIEW,ALERT,0,1,FN,"step, amount, oldbalanceOrg, newbalanceOrig, oldbalanceDest","P(fraud) = 0.2650. Since alert_threshold 0.12 <= 0.2650 < block_threshold 0.30, the system returns REVIEW and binary fraud prediction = 0.","Scenario pattern: Amount is made close to the sender balance to simulate account draining.

Probability source: The trained ML model calculated this using model.predict_proba(). The fraud probability is the second class probability: predict_proba(X)[:, 1].

Threshold calculation: P(fraud) = 0.2650. Since alert_threshold 0.12 <= 0.2650 < block_threshold 0.30, the system returns REVIEW and binary fraud prediction = 0.

Decision reason: The transaction is suspicious but not risky enough for automatic blocking. It should be sent to manual review or an alert queue.

Top feature evidence:
step = 7.0 | Transaction time step in the simulation.
amount = 5187002.7645 | Transaction amount. High values can increase fraud risk.
oldbalanceOrg = 5460002.91 | Sender balance before the transaction.
newbalanceOrig = 273000.14550000057 | Sender balance after the transaction.
oldbalanceDest = 0.0 | Receiver balance before the transaction."
9,07_balance_draining_attack,0.105,0.12,0.3,ALLOW,LOG,0,0,TN,"step, amount, oldbalanceOrg, newbalanceOrig, oldbalanceDest","P(fraud) = 0.1050. Since 0.1050 < alert_threshold 0.12, the system returns ALLOW and binary fraud prediction = 0.","Scenario pattern: Amount is made close to the sender balance to simulate account draining.

Probability source: The trained ML model calculated this using model.predict_proba(). The fraud probability is the second class probability: predict_proba(X)[:, 1].

Threshold calculation: P(fraud) = 0.1050. Since 0.1050 < alert_threshold 0.12, the system returns ALLOW and binary fraud prediction = 0.

Decision reason: The transaction risk is below the alert threshold, so it is allowed and only logged.

Top feature evidence:
step = 1.0 | Transaction time step in the simulation.
amount = 6963723.8105 | Transaction amount. High values can increase fraud risk.
oldbalanceOrg = 7330235.59 | Sender balance before the transaction.
newbalanceOrig = 366511.7795000002 | Sender balance after the transaction.
oldbalanceDest = 17000998.23 | Receiver balance before the transaction."
10,07_balance_draining_attack,0.02,0.12,0.3,ALLOW,LOG,0,0,TN,"step, amount, oldbalanceOrg, newbalanceOrig, oldbalanceDest","P(fraud) = 0.0200. Since 0.0200 < alert_threshold 0.12, the system returns ALLOW and binary fraud prediction = 0.","Scenario pattern: Amount is made close to the sender balance to simulate account draining.

Probability source: The trained ML model calculated this using model.predict_proba(). The fraud probability is the second class probability: predict_proba(X)[:, 1].

Threshold calculation: P(fraud) = 0.0200. Since 0.0200 < alert_threshold 0.12, the system returns ALLOW and binary fraud prediction = 0.

Decision reason: The transaction risk is below the alert threshold, so it is allowed and only logged.

Top feature evidence:
step = 8.0 | Transaction time step in the simulation.
amount = 0.0 | Transaction amount. High values can increase fraud risk.
oldbalanceOrg = 0.0 | Sender balance before the transaction.
newbalanceOrig = 0.0 | Sender balance after the transaction.
oldbalanceDest = 0.0 | Receiver balance before the transaction."
11,07_balance_draining_attack,0.02,0.12,0.3,ALLOW,LOG,0,0,TN,"step, amount, oldbalanceOrg, newbalanceOrig, oldbalanceDest","P(fraud) = 0.0200. Since 0.0200 < alert_threshold 0.12, the system returns ALLOW and binary fraud prediction = 0.","Scenario pattern: Amount is made close to the sender balance to simulate account draining.

Probability source: The trained ML model calculated this using model.predict_proba(). The fraud probability is the second class probability: predict_proba(X)[:, 1].

Threshold calculation: P(fraud) = 0.0200. Since 0.0200 < alert_threshold 0.12, the system returns ALLOW and binary fraud prediction = 0.

Decision reason: The transaction risk is below the alert threshold, so it is allowed and only logged.

Top feature evidence:
step = 8.0 | Transaction time step in the simulation.
amount = 0.0 | Transaction amount. High values can increase fraud risk.
oldbalanceOrg = 0.0 | Sender balance before the transaction.
newbalanceOrig = 0.0 | Sender balance after the transaction.
oldbalanceDest = 0.0 | Receiver balance before the transaction."
12,07_balance_draining_attack,0.01,0.12,0.3,ALLOW,LOG,0,0,TN,"step, amount, oldbalanceOrg, newbalanceOrig, oldbalanceDest","P(fraud) = 0.0100. Since 0.0100 < alert_threshold 0.12, the system returns ALLOW and binary fraud prediction = 0.","Scenario pattern: Amount is made close to the sender balance to simulate account draining.

Probability source: The trained ML model calculated this using model.predict_proba(). The fraud probability is the second class probability: predict_proba(X)[:, 1].

Threshold calculation: P(fraud) = 0.0100. Since 0.0100 < alert_threshold 0.12, the system returns ALLOW and binary fraud prediction = 0.

Decision reason: The transaction risk is below the alert threshold, so it is allowed and only logged.

Top feature evidence:
step = 7.0 | Transaction time step in the simulation.
amount = 547.1999999999999 | Transaction amount. High values can increase fraud risk.
oldbalanceOrg = 576.0 | Sender balance before the transaction.
newbalanceOrig = 28.800000000000068 | Sender balance after the transaction.
oldbalanceDest = 0.0 | Receiver balance before the transaction."
13,07_balance_draining_attack,0.11,0.12,0.3,ALLOW,LOG,0,1,FN,"step, amount, oldbalanceOrg, newbalanceOrig, oldbalanceDest","P(fraud) = 0.1100. Since 0.1100 < alert_threshold 0.12, the system returns ALLOW and binary fraud prediction = 0.","Scenario pattern: Amount is made close to the sender balance to simulate account draining.

Probability source: The trained ML model calculated this using model.predict_proba(). The fraud probability is the second class probability: predict_proba(X)[:, 1].

Threshold calculation: P(fraud) = 0.1100. Since 0.1100 < alert_threshold 0.12, the system returns ALLOW and binary fraud prediction = 0.

Decision reason: The transaction risk is below the alert threshold, so it is allowed and only logged.

Top feature evidence:
step = 5.0 | Transaction time step in the simulation.
amount = 114070.9935 | Transaction amount. High values can increase fraud risk.
oldbalanceOrg = 120074.73 | Sender balance before the transaction.
newbalanceOrig = 6003.736499999999 | Sender balance after the transaction.
oldbalanceDest = 0.0 | Receiver balance before the transaction."
14,07_balance_draining_attack,0.005,0.12,0.3,ALLOW,LOG,0,0,TN,"step, amount, oldbalanceOrg, newbalanceOrig, oldbalanceDest","P(fraud) = 0.0050. Since 0.0050 < alert_threshold 0.12, the system returns ALLOW and binary fraud prediction = 0.","Scenario pattern: Amount is made close to the sender balance to simulate account draining.

Probability source: The trained ML model calculated this using model.predict_proba(). The fraud probability is the second class probability: predict_proba(X)[:, 1].

Threshold calculation: P(fraud) = 0.0050. Since 0.0050 < alert_threshold 0.12, the system returns ALLOW and binary fraud prediction = 0.

Decision reason: The transaction risk is below the alert threshold, so it is allowed and only logged.

Top feature evidence:
step = 8.0 | Transaction time step in the simulation.
amount = 47432.549999999996 | Transaction amount. High values can increase fraud risk.
oldbalanceOrg = 49929.0 | Sender balance before the transaction.
newbalanceOrig = 2496.4500000000044 | Sender balance after the transaction.
oldbalanceDest = 0.0 | Receiver balance before the transaction."
15,07_balance_draining_attack,0.175,0.12,0.3,REVIEW,ALERT,0,0,TN,"step, amount, oldbalanceOrg, newbalanceOrig, oldbalanceDest","P(fraud) = 0.1750. Since alert_threshold 0.12 <= 0.1750 < block_threshold 0.30, the system returns REVIEW and binary fraud prediction = 0.","Scenario pattern: Amount is made close to the sender balance to simulate account draining.

Probability source: The trained ML model calculated this using model.predict_proba(). The fraud probability is the second class probability: predict_proba(X)[:, 1].

Threshold calculation: P(fraud) = 0.1750. Since alert_threshold 0.12 <= 0.1750 < block_threshold 0.30, the system returns REVIEW and binary fraud prediction = 0.

Decision reason: The transaction is suspicious but not risky enough for automatic blocking. It should be sent to manual review or an alert queue.

Top feature evidence:
step = 7.0 | Transaction time step in the simulation.
amount = 8166660.217999999 | Transaction amount. High values can increase fraud risk.
oldbalanceOrg = 8596484.44 | Sender balance before the transaction.
newbalanceOrig = 429824.22200000007 | Sender balance after the transaction.
oldbalanceDest = 300375.97 | Receiver balance before the transaction."
16,07_balance_draining_attack,0.14,0.12,0.3,REVIEW,ALERT,0,0,TN,"step, amount, oldbalanceOrg, newbalanceOrig, oldbalanceDest","P(fraud) = 0.1400. Since alert_threshold 0.12 <= 0.1400 < block_threshold 0.30, the system returns REVIEW and binary fraud prediction = 0.","Scenario pattern: Amount is made close to the sender balance to simulate account draining.

Probability source: The trained ML model calculated this using model.predict_proba(). The fraud probability is the second class probability: predict_proba(X)[:, 1].

Threshold calculation: P(fraud) = 0.1400. Since alert_threshold 0.12 <= 0.1400 < block_threshold 0.30, the system returns REVIEW and binary fraud prediction = 0.

Decision reason: The transaction is suspicious but not risky enough for automatic blocking. It should be sent to manual review or an alert queue.

Top feature evidence:
step = 2.0 | Transaction time step in the simulation.
amount = 7275064.393999999 | Transaction amount. High values can increase fraud risk.
oldbalanceOrg = 7657962.52 | Sender balance before the transaction.
newbalanceOrig = 382898.12600000016 | Sender balance after the transaction.
oldbalanceDest = 4175810.62 | Receiver balance before the transaction."
17,07_balance_draining_attack,0.0,0.12,0.3,ALLOW,LOG,0,0,TN,"step, amount, oldbalanceOrg, newbalanceOrig, oldbalanceDest","P(fraud) = 0.0000. Since 0.0000 < alert_threshold 0.12, the system returns ALLOW and binary fraud prediction = 0.","Scenario pattern: Amount is made close to the sender balance to simulate account draining.

Probability source: The trained ML model calculated this using model.predict_proba(). The fraud probability is the second class probability: predict_proba(X)[:, 1].

Threshold calculation: P(fraud) = 0.0000. Since 0.0000 < alert_threshold 0.12, the system returns ALLOW and binary fraud prediction = 0.

Decision reason: The transaction risk is below the alert threshold, so it is allowed and only logged.

Top feature evidence:
step = 8.0 | Transaction time step in the simulation.
amount = 14782.949999999999 | Transaction amount. High values can increase fraud risk.
oldbalanceOrg = 15561.0 | Sender balance before the transaction.
newbalanceOrig = 778.0500000000011 | Sender balance after the transaction.
oldbalanceDest = 0.0 | Receiver balance before the transaction."
18,07_balance_draining_attack,0.005,0.12,0.3,ALLOW,LOG,0,0,TN,"step, amount, oldbalanceOrg, newbalanceOrig, oldbalanceDest","P(fraud) = 0.0050. Since 0.0050 < alert_threshold 0.12, the system returns ALLOW and binary fraud prediction = 0.","Scenario pattern: Amount is made close to the sender balance to simulate account draining.

Probability source: The trained ML model calculated this using model.predict_proba(). The fraud probability is the second class probability: predict_proba(X)[:, 1].

Threshold calculation: P(fraud) = 0.0050. Since 0.0050 < alert_threshold 0.12, the system returns ALLOW and binary fraud prediction = 0.

Decision reason: The transaction risk is below the alert threshold, so it is allowed and only logged.

Top feature evidence:
step = 8.0 | Transaction time step in the simulation.
amount = 165884.25 | Transaction amount. High values can increase fraud risk.
oldbalanceOrg = 174615.0 | Sender balance before the transaction.
newbalanceOrig = 8730.75 | Sender balance after the transaction.
oldbalanceDest = 0.0 | Receiver balance before the transaction."
19,07_balance_draining_attack,0.04,0.12,0.3,ALLOW,LOG,0,0,TN,"step, amount, oldbalanceOrg, newbalanceOrig, oldbalanceDest","P(fraud) = 0.0400. Since 0.0400 < alert_threshold 0.12, the system returns ALLOW and binary fraud prediction = 0.","Scenario pattern: Amount is made close to the sender balance to simulate account draining.

Probability source: The trained ML model calculated this using model.predict_proba(). The fraud probability is the second class probability: predict_proba(X)[:, 1].

Threshold calculation: P(fraud) = 0.0400. Since 0.0400 < alert_threshold 0.12, the system returns ALLOW and binary fraud prediction = 0.

Decision reason: The transaction risk is below the alert threshold, so it is allowed and only logged.

Top feature evidence:
step = 7.0 | Transaction time step in the simulation.
amount = 0.0 | Transaction amount. High values can increase fraud risk.
oldbalanceOrg = 0.0 | Sender balance before the transaction.
newbalanceOrig = 0.0 | Sender balance after the transaction.
oldbalanceDest = 489585.33 | Receiver balance before the transaction."
20,07_balance_draining_attack,0.025,0.12,0.3,ALLOW,LOG,0,0,TN,"step, amount, oldbalanceOrg, newbalanceOrig, oldbalanceDest","P(fraud) = 0.0250. Since 0.0250 < alert_threshold 0.12, the system returns ALLOW and binary fraud prediction = 0.","Scenario pattern: Amount is made close to the sender balance to simulate account draining.

Probability source: The trained ML model calculated this using model.predict_proba(). The fraud probability is the second class probability: predict_proba(X)[:, 1].

Threshold calculation: P(fraud) = 0.0250. Since 0.0250 < alert_threshold 0.12, the system returns ALLOW and binary fraud prediction = 0.

Decision reason: The transaction risk is below the alert threshold, so it is allowed and only logged.

Top feature evidence:
step = 4.0 | Transaction time step in the simulation.
amount = 0.0 | Transaction amount. High values can increase fraud risk.
oldbalanceOrg = 0.0 | Sender balance before the transaction.
newbalanceOrig = 0.0 | Sender balance after the transaction.
oldbalanceDest = 49309.27 | Receiver balance before the transaction."
21,07_balance_draining_attack,0.02,0.12,0.3,ALLOW,LOG,0,0,TN,"step, amount, oldbalanceOrg, newbalanceOrig, oldbalanceDest","P(fraud) = 0.0200. Since 0.0200 < alert_threshold 0.12, the system returns ALLOW and binary fraud prediction = 0.","Scenario pattern: Amount is made close to the sender balance to simulate account draining.

Probability source: The trained ML model calculated this using model.predict_proba(). The fraud probability is the second class probability: predict_proba(X)[:, 1].

Threshold calculation: P(fraud) = 0.0200. Since 0.0200 < alert_threshold 0.12, the system returns ALLOW and binary fraud prediction = 0.

Decision reason: The transaction risk is below the alert threshold, so it is allowed and only logged.

Top feature evidence:
step = 7.0 | Transaction time step in the simulation.
amount = 19494.95 | Transaction amount. High values can increase fraud risk.
oldbalanceOrg = 20521.0 | Sender balance before the transaction.
newbalanceOrig = 1026.0499999999993 | Sender balance after the transaction.
oldbalanceDest = 193.0 | Receiver balance before the transaction."
22,07_balance_draining_attack,0.015,0.12,0.3,ALLOW,LOG,0,0,TN,"step, amount, oldbalanceOrg, newbalanceOrig, oldbalanceDest","P(fraud) = 0.0150. Since 0.0150 < alert_threshold 0.12, the system returns ALLOW and binary fraud prediction = 0.","Scenario pattern: Amount is made close to the sender balance to simulate account draining.

Probability source: The trained ML model calculated this using model.predict_proba(). The fraud probability is the second class probability: predict_proba(X)[:, 1].

Threshold calculation: P(fraud) = 0.0150. Since 0.0150 < alert_threshold 0.12, the system returns ALLOW and binary fraud prediction = 0.

Decision reason: The transaction risk is below the alert threshold, so it is allowed and only logged.

Top feature evidence:
step = 8.0 | Transaction time step in the simulation.
amount = 34321.6 | Transaction amount. High values can increase fraud risk.
oldbalanceOrg = 36128.0 | Sender balance before the transaction.
newbalanceOrig = 1806.4000000000015 | Sender balance after the transaction.
oldbalanceDest = 19926.0 | Receiver balance before the transaction."
23,07_balance_draining_attack,0.125,0.12,0.3,REVIEW,ALERT,0,0,TN,"step, amount, oldbalanceOrg, newbalanceOrig, oldbalanceDest","P(fraud) = 0.1250. Since alert_threshold 0.12 <= 0.1250 < block_threshold 0.30, the system returns REVIEW and binary fraud prediction = 0.","Scenario pattern: Amount is made close to the sender balance to simulate account draining.

Probability source: The trained ML model calculated this using model.predict_proba(). The fraud probability is the second class probability: predict_proba(X)[:, 1].

Threshold calculation: P(fraud) = 0.1250. Since alert_threshold 0.12 <= 0.1250 < block_threshold 0.30, the system returns REVIEW and binary fraud prediction = 0.

Decision reason: The transaction is suspicious but not risky enough for automatic blocking. It should be sent to manual review or an alert queue.

Top feature evidence:
step = 8.0 | Transaction time step in the simulation.
amount = 10666775.2275 | Transaction amount. High values can increase fraud risk.
oldbalanceOrg = 11228184.45 | Sender balance before the transaction.
newbalanceOrig = 561409.2225000001 | Sender balance after the transaction.
oldbalanceDest = 373170.35 | Receiver balance before the transaction."
24,07_balance_draining_attack,0.11,0.12,0.3,ALLOW,LOG,0,0,TN,"step, amount, oldbalanceOrg, newbalanceOrig, oldbalanceDest","P(fraud) = 0.1100. Since 0.1100 < alert_threshold 0.12, the system returns ALLOW and binary fraud prediction = 0.","Scenario pattern: Amount is made close to the sender balance to simulate account draining.

Probability source: The trained ML model calculated this using model.predict_proba(). The fraud probability is the second class probability: predict_proba(X)[:, 1].

Threshold calculation: P(fraud) = 0.1100. Since 0.1100 < alert_threshold 0.12, the system returns ALLOW and binary fraud prediction = 0.

Decision reason: The transaction risk is below the alert threshold, so it is allowed and only logged.

Top feature evidence:
step = 8.0 | Transaction time step in the simulation.
amount = 4006935.1275 | Transaction amount. High values can increase fraud risk.
oldbalanceOrg = 4217826.45 | Sender balance before the transaction.
newbalanceOrig = 210891.32250000024 | Sender balance after the transaction.
oldbalanceDest = 76856.46 | Receiver balance before the transaction."
25,07_balance_draining_attack,0.105,0.12,0.3,ALLOW,LOG,0,1,FN,"step, amount, oldbalanceOrg, newbalanceOrig, oldbalanceDest","P(fraud) = 0.1050. Since 0.1050 < alert_threshold 0.12, the system returns ALLOW and binary fraud prediction = 0.","Scenario pattern: Amount is made close to the sender balance to simulate account draining.

Probability source: The trained ML model calculated this using model.predict_proba(). The fraud probability is the second class probability: predict_proba(X)[:, 1].

Threshold calculation: P(fraud) = 0.1050. Since 0.1050 < alert_threshold 0.12, the system returns ALLOW and binary fraud prediction = 0.

Decision reason: The transaction risk is below the alert threshold, so it is allowed and only logged.

Top feature evidence:
step = 6.0 | Transaction time step in the simulation.
amount = 81086.9555 | Transaction amount. High values can increase fraud risk.
oldbalanceOrg = 85354.69 | Sender balance before the transaction.
newbalanceOrig = 4267.734500000006 | Sender balance after the transaction.
oldbalanceDest = 0.0 | Receiver balance before the transaction."
26,07_balance_draining_attack,0.005,0.12,0.3,ALLOW,LOG,0,0,TN,"step, amount, oldbalanceOrg, newbalanceOrig, oldbalanceDest","P(fraud) = 0.0050. Since 0.0050 < alert_threshold 0.12, the system returns ALLOW and binary fraud prediction = 0.","Scenario pattern: Amount is made close to the sender balance to simulate account draining.

Probability source: The trained ML model calculated this using model.predict_proba(). The fraud probability is the second class probability: predict_proba(X)[:, 1].

Threshold calculation: P(fraud) = 0.0050. Since 0.0050 < alert_threshold 0.12, the system returns ALLOW and binary fraud prediction = 0.

Decision reason: The transaction risk is below the alert threshold, so it is allowed and only logged.

Top feature evidence:
step = 8.0 | Transaction time step in the simulation.
amount = 4789.9 | Transaction amount. High values can increase fraud risk.
oldbalanceOrg = 5042.0 | Sender balance before the transaction.
newbalanceOrig = 252.10000000000036 | Sender balance after the transaction.
oldbalanceDest = 2097440.12 | Receiver balance before the transaction."
27,07_balance_draining_attack,0.0,0.12,0.3,ALLOW,LOG,0,0,TN,"step, amount, oldbalanceOrg, newbalanceOrig, oldbalanceDest","P(fraud) = 0.0000. Since 0.0000 < alert_threshold 0.12, the system returns ALLOW and binary fraud prediction = 0.","Scenario pattern: Amount is made close to the sender balance to simulate account draining.

Probability source: The trained ML model calculated this using model.predict_proba(). The fraud probability is the second class probability: predict_proba(X)[:, 1].

Threshold calculation: P(fraud) = 0.0000. Since 0.0000 < alert_threshold 0.12, the system returns ALLOW and binary fraud prediction = 0.

Decision reason: The transaction risk is below the alert threshold, so it is allowed and only logged.

Top feature evidence:
step = 8.0 | Transaction time step in the simulation.
amount = 20049.75 | Transaction amount. High values can increase fraud risk.
oldbalanceOrg = 21105.0 | Sender balance before the transaction.
newbalanceOrig = 1055.25 | Sender balance after the transaction.
oldbalanceDest = 0.0 | Receiver balance before the transaction."
28,07_balance_draining_attack,0.0,0.12,0.3,ALLOW,LOG,0,0,TN,"step, amount, oldbalanceOrg, newbalanceOrig, oldbalanceDest","P(fraud) = 0.0000. Since 0.0000 < alert_threshold 0.12, the system returns ALLOW and binary fraud prediction = 0.","Scenario pattern: Amount is made close to the sender balance to simulate account draining.

Probability source: The trained ML model calculated this using model.predict_proba(). The fraud probability is the second class probability: predict_proba(X)[:, 1].

Threshold calculation: P(fraud) = 0.0000. Since 0.0000 < alert_threshold 0.12, the system returns ALLOW and binary fraud prediction = 0.

Decision reason: The transaction risk is below the alert threshold, so it is allowed and only logged.

Top feature evidence:
step = 7.0 | Transaction time step in the simulation.
amount = 16197.5 | Transaction amount. High values can increase fraud risk.
oldbalanceOrg = 17050.0 | Sender balance before the transaction.
newbalanceOrig = 852.5 | Sender balance after the transaction.
oldbalanceDest = 135960.54 | Receiver balance before the transaction."
29,07_balance_draining_attack,0.025,0.12,0.3,ALLOW,LOG,0,0,TN,"step, amount, oldbalanceOrg, newbalanceOrig, oldbalanceDest","P(fraud) = 0.0250. Since 0.0250 < alert_threshold 0.12, the system returns ALLOW and binary fraud prediction = 0.","Scenario pattern: Amount is made close to the sender balance to simulate account draining.

Probability source: The trained ML model calculated this using model.predict_proba(). The fraud probability is the second class probability: predict_proba(X)[:, 1].

Threshold calculation: P(fraud) = 0.0250. Since 0.0250 < alert_threshold 0.12, the system returns ALLOW and binary fraud prediction = 0.

Decision reason: The transaction risk is below the alert threshold, so it is allowed and only logged.

Top feature evidence:
step = 8.0 | Transaction time step in the simulation.
amount = 0.0 | Transaction amount. High values can increase fraud risk.
oldbalanceOrg = 0.0 | Sender balance before the transaction.
newbalanceOrig = 0.0 | Sender balance after the transaction.
oldbalanceDest = 16481866.74 | Receiver balance before the transaction."
30,07_balance_draining_attack,0.095,0.12,0.3,ALLOW,LOG,0,1,FN,"step, amount, oldbalanceOrg, newbalanceOrig, oldbalanceDest","P(fraud) = 0.0950. Since 0.0950 < alert_threshold 0.12, the system returns ALLOW and binary fraud prediction = 0.","Scenario pattern: Amount is made close to the sender balance to simulate account draining.

Probability source: The trained ML model calculated this using model.predict_proba(). The fraud probability is the second class probability: predict_proba(X)[:, 1].

Threshold calculation: P(fraud) = 0.0950. Since 0.0950 < alert_threshold 0.12, the system returns ALLOW and binary fraud prediction = 0.

Decision reason: The transaction risk is below the alert threshold, so it is allowed and only logged.

Top feature evidence:
step = 7.0 | Transaction time step in the simulation.
amount = 419373.301 | Transaction amount. High values can increase fraud risk.
oldbalanceOrg = 441445.58 | Sender balance before the transaction.
newbalanceOrig = 22072.27900000004 | Sender balance after the transaction.
oldbalanceDest = 0.0 | Receiver balance before the transaction."
31,07_balance_draining_attack,0.0,0.12,0.3,ALLOW,LOG,0,0,TN,"step, amount, oldbalanceOrg, newbalanceOrig, oldbalanceDest","P(fraud) = 0.0000. Since 0.0000 < alert_threshold 0.12, the system returns ALLOW and binary fraud prediction = 0.","Scenario pattern: Amount is made close to the sender balance to simulate account draining.

Probability source: The trained ML model calculated this using model.predict_proba(). The fraud probability is the second class probability: predict_proba(X)[:, 1].

Threshold calculation: P(fraud) = 0.0000. Since 0.0000 < alert_threshold 0.12, the system returns ALLOW and binary fraud prediction = 0.

Decision reason: The transaction risk is below the alert threshold, so it is allowed and only logged.

Top feature evidence:
step = 4.0 | Transaction time step in the simulation.
amount = 5339.0 | Transaction amount. High values can increase fraud risk.
oldbalanceOrg = 5620.0 | Sender balance before the transaction.
newbalanceOrig = 281.0 | Sender balance after the transaction.
oldbalanceDest = 0.0 | Receiver balance before the transaction."
32,07_balance_draining_attack,0.215,0.12,0.3,REVIEW,ALERT,0,1,FN,"step, amount, oldbalanceOrg, newbalanceOrig, oldbalanceDest","P(fraud) = 0.2150. Since alert_threshold 0.12 <= 0.2150 < block_threshold 0.30, the system returns REVIEW and binary fraud prediction = 0.","Scenario pattern: Amount is made close to the sender balance to simulate account draining.

Probability source: The trained ML model calculated this using model.predict_proba(). The fraud probability is the second class probability: predict_proba(X)[:, 1].

Threshold calculation: P(fraud) = 0.2150. Since alert_threshold 0.12 <= 0.2150 < block_threshold 0.30, the system returns REVIEW and binary fraud prediction = 0.

Decision reason: The transaction is suspicious but not risky enough for automatic blocking. It should be sent to manual review or an alert queue.

Top feature evidence:
step = 6.0 | Transaction time step in the simulation.
amount = 13018.8 | Transaction amount. High values can increase fraud risk.
oldbalanceOrg = 13704.0 | Sender balance before the transaction.
newbalanceOrig = 685.2000000000007 | Sender balance after the transaction.
oldbalanceDest = 0.0 | Receiver balance before the transaction."
33,07_balance_draining_attack,0.115,0.12,0.3,ALLOW,LOG,0,1,FN,"step, amount, oldbalanceOrg, newbalanceOrig, oldbalanceDest","P(fraud) = 0.1150. Since 0.1150 < alert_threshold 0.12, the system returns ALLOW and binary fraud prediction = 0.","Scenario pattern: Amount is made close to the sender balance to simulate account draining.

Probability source: The trained ML model calculated this using model.predict_proba(). The fraud probability is the second class probability: predict_proba(X)[:, 1].

Threshold calculation: P(fraud) = 0.1150. Since 0.1150 < alert_threshold 0.12, the system returns ALLOW and binary fraud prediction = 0.

Decision reason: The transaction risk is below the alert threshold, so it is allowed and only logged.

Top feature evidence:
step = 1.0 | Transaction time step in the simulation.
amount = 33310.4485 | Transaction amount. High values can increase fraud risk.
oldbalanceOrg = 35063.63 | Sender balance before the transaction.
newbalanceOrig = 1753.1814999999988 | Sender balance after the transaction.
oldbalanceDest = 0.0 | Receiver balance before the transaction."
34,07_balance_draining_attack,0.0,0.12,0.3,ALLOW,LOG,0,0,TN,"step, amount, oldbalanceOrg, newbalanceOrig, oldbalanceDest","P(fraud) = 0.0000. Since 0.0000 < alert_threshold 0.12, the system returns ALLOW and binary fraud prediction = 0.","Scenario pattern: Amount is made close to the sender balance to simulate account draining.

Probability source: The trained ML model calculated this using model.predict_proba(). The fraud probability is the second class probability: predict_proba(X)[:, 1].

Threshold calculation: P(fraud) = 0.0000. Since 0.0000 < alert_threshold 0.12, the system returns ALLOW and binary fraud prediction = 0.

Decision reason: The transaction risk is below the alert threshold, so it is allowed and only logged.

Top feature evidence:
step = 7.0 | Transaction time step in the simulation.
amount = 19360.05 | Transaction amount. High values can increase fraud risk.
oldbalanceOrg = 20379.0 | Sender balance before the transaction.
newbalanceOrig = 1018.9500000000007 | Sender balance after the transaction.
oldbalanceDest = 0.0 | Receiver balance before the transaction."
35,07_balance_draining_attack,0.005,0.12,0.3,ALLOW,LOG,0,0,TN,"step, amount, oldbalanceOrg, newbalanceOrig, oldbalanceDest","P(fraud) = 0.0050. Since 0.0050 < alert_threshold 0.12, the system returns ALLOW and binary fraud prediction = 0.","Scenario pattern: Amount is made close to the sender balance to simulate account draining.

Probability source: The trained ML model calculated this using model.predict_proba(). The fraud probability is the second class probability: predict_proba(X)[:, 1].

Threshold calculation: P(fraud) = 0.0050. Since 0.0050 < alert_threshold 0.12, the system returns ALLOW and binary fraud prediction = 0.

Decision reason: The transaction risk is below the alert threshold, so it is allowed and only logged.

Top feature evidence:
step = 8.0 | Transaction time step in the simulation.
amount = 29373.05 | Transaction amount. High values can increase fraud risk.
oldbalanceOrg = 30919.0 | Sender balance before the transaction.
newbalanceOrig = 1545.9500000000007 | Sender balance after the transaction.
oldbalanceDest = 0.0 | Receiver balance before the transaction."
36,07_balance_draining_attack,0.22,0.12,0.3,REVIEW,ALERT,0,1,FN,"step, amount, oldbalanceOrg, newbalanceOrig, oldbalanceDest","P(fraud) = 0.2200. Since alert_threshold 0.12 <= 0.2200 < block_threshold 0.30, the system returns REVIEW and binary fraud prediction = 0.","Scenario pattern: Amount is made close to the sender balance to simulate account draining.

Probability source: The trained ML model calculated this using model.predict_proba(). The fraud probability is the second class probability: predict_proba(X)[:, 1].

Threshold calculation: P(fraud) = 0.2200. Since alert_threshold 0.12 <= 0.2200 < block_threshold 0.30, the system returns REVIEW and binary fraud prediction = 0.

Decision reason: The transaction is suspicious but not risky enough for automatic blocking. It should be sent to manual review or an alert queue.

Top feature evidence:
step = 2.0 | Transaction time step in the simulation.
amount = 915355.5329999999 | Transaction amount. High values can increase fraud risk.
oldbalanceOrg = 963532.14 | Sender balance before the transaction.
newbalanceOrig = 48176.60700000008 | Sender balance after the transaction.
oldbalanceDest = 0.0 | Receiver balance before the transaction."
37,07_balance_draining_attack,0.035,0.12,0.3,ALLOW,LOG,0,0,TN,"step, amount, oldbalanceOrg, newbalanceOrig, oldbalanceDest","P(fraud) = 0.0350. Since 0.0350 < alert_threshold 0.12, the system returns ALLOW and binary fraud prediction = 0.","Scenario pattern: Amount is made close to the sender balance to simulate account draining.

Probability source: The trained ML model calculated this using model.predict_proba(). The fraud probability is the second class probability: predict_proba(X)[:, 1].

Threshold calculation: P(fraud) = 0.0350. Since 0.0350 < alert_threshold 0.12, the system returns ALLOW and binary fraud prediction = 0.

Decision reason: The transaction risk is below the alert threshold, so it is allowed and only logged.

Top feature evidence:
step = 8.0 | Transaction time step in the simulation.
amount = 0.0 | Transaction amount. High values can increase fraud risk.
oldbalanceOrg = 0.0 | Sender balance before the transaction.
newbalanceOrig = 0.0 | Sender balance after the transaction.
oldbalanceDest = 2347360.87 | Receiver balance before the transaction."
38,07_balance_draining_attack,0.34,0.12,0.3,BLOCK,BLOCK,1,1,TP,"step, amount, oldbalanceOrg, newbalanceOrig, oldbalanceDest","P(fraud) = 0.3400. Since 0.3400 >= block_threshold 0.30, the system returns BLOCK and binary fraud prediction = 1.","Scenario pattern: Amount is made close to the sender balance to simulate account draining.

Probability source: The trained ML model calculated this using model.predict_proba(). The fraud probability is the second class probability: predict_proba(X)[:, 1].

Threshold calculation: P(fraud) = 0.3400. Since 0.3400 >= block_threshold 0.30, the system returns BLOCK and binary fraud prediction = 1.

Decision reason: Fraud was detected because the model probability passed the blocking threshold. The transaction should be stopped immediately.

Top feature evidence:
step = 1.0 | Transaction time step in the simulation.
amount = 1213352.1315 | Transaction amount. High values can increase fraud risk.
oldbalanceOrg = 1277212.77 | Sender balance before the transaction.
newbalanceOrig = 63860.63850000012 | Sender balance after the transaction.
oldbalanceDest = 0.0 | Receiver balance before the transaction."
39,07_balance_draining_attack,0.01,0.12,0.3,ALLOW,LOG,0,0,TN,"step, amount, oldbalanceOrg, newbalanceOrig, oldbalanceDest","P(fraud) = 0.0100. Since 0.0100 < alert_threshold 0.12, the system returns ALLOW and binary fraud prediction = 0.","Scenario pattern: Amount is made close to the sender balance to simulate account draining.

Probability source: The trained ML model calculated this using model.predict_proba(). The fraud probability is the second class probability: predict_proba(X)[:, 1].

Threshold calculation: P(fraud) = 0.0100. Since 0.0100 < alert_threshold 0.12, the system returns ALLOW and binary fraud prediction = 0.

Decision reason: The transaction risk is below the alert threshold, so it is allowed and only logged.

Top feature evidence:
step = 7.0 | Transaction time step in the simulation.
amount = 33028.65 | Transaction amount. High values can increase fraud risk.
oldbalanceOrg = 34767.0 | Sender balance before the transaction.
newbalanceOrig = 1738.3499999999985 | Sender balance after the transaction.
oldbalanceDest = 22053.28 | Receiver balance before the transaction."
40,07_balance_draining_attack,0.055,0.12,0.3,ALLOW,LOG,0,0,TN,"step, amount, oldbalanceOrg, newbalanceOrig, oldbalanceDest","P(fraud) = 0.0550. Since 0.0550 < alert_threshold 0.12, the system returns ALLOW and binary fraud prediction = 0.","Scenario pattern: Amount is made close to the sender balance to simulate account draining.

Probability source: The trained ML model calculated this using model.predict_proba(). The fraud probability is the second class probability: predict_proba(X)[:, 1].

Threshold calculation: P(fraud) = 0.0550. Since 0.0550 < alert_threshold 0.12, the system returns ALLOW and binary fraud prediction = 0.

Decision reason: The transaction risk is below the alert threshold, so it is allowed and only logged.

Top feature evidence:
step = 8.0 | Transaction time step in the simulation.
amount = 0.0 | Transaction amount. High values can increase fraud risk.
oldbalanceOrg = 0.0 | Sender balance before the transaction.
newbalanceOrig = 0.0 | Sender balance after the transaction.
oldbalanceDest = 3590930.84 | Receiver balance before the transaction."
41,07_balance_draining_attack,0.015,0.12,0.3,ALLOW,LOG,0,0,TN,"step, amount, oldbalanceOrg, newbalanceOrig, oldbalanceDest","P(fraud) = 0.0150. Since 0.0150 < alert_threshold 0.12, the system returns ALLOW and binary fraud prediction = 0.","Scenario pattern: Amount is made close to the sender balance to simulate account draining.

Probability source: The trained ML model calculated this using model.predict_proba(). The fraud probability is the second class probability: predict_proba(X)[:, 1].

Threshold calculation: P(fraud) = 0.0150. Since 0.0150 < alert_threshold 0.12, the system returns ALLOW and binary fraud prediction = 0.

Decision reason: The transaction risk is below the alert threshold, so it is allowed and only logged.

Top feature evidence:
step = 7.0 | Transaction time step in the simulation.
amount = 33041.95 | Transaction amount. High values can increase fraud risk.
oldbalanceOrg = 34781.0 | Sender balance before the transaction.
newbalanceOrig = 1739.050000000003 | Sender balance after the transaction.
oldbalanceDest = 63012.65 | Receiver balance before the transaction."
42,07_balance_draining_attack,0.03,0.12,0.3,ALLOW,LOG,0,0,TN,"step, amount, oldbalanceOrg, newbalanceOrig, oldbalanceDest","P(fraud) = 0.0300. Since 0.0300 < alert_threshold 0.12, the system returns ALLOW and binary fraud prediction = 0.","Scenario pattern: Amount is made close to the sender balance to simulate account draining.

Probability source: The trained ML model calculated this using model.predict_proba(). The fraud probability is the second class probability: predict_proba(X)[:, 1].

Threshold calculation: P(fraud) = 0.0300. Since 0.0300 < alert_threshold 0.12, the system returns ALLOW and binary fraud prediction = 0.

Decision reason: The transaction risk is below the alert threshold, so it is allowed and only logged.

Top feature evidence:
step = 8.0 | Transaction time step in the simulation.
amount = 0.0 | Transaction amount. High values can increase fraud risk.
oldbalanceOrg = 0.0 | Sender balance before the transaction.
newbalanceOrig = 0.0 | Sender balance after the transaction.
oldbalanceDest = 78264.49 | Receiver balance before the transaction."
43,07_balance_draining_attack,0.0,0.12,0.3,ALLOW,LOG,0,0,TN,"step, amount, oldbalanceOrg, newbalanceOrig, oldbalanceDest","P(fraud) = 0.0000. Since 0.0000 < alert_threshold 0.12, the system returns ALLOW and binary fraud prediction = 0.","Scenario pattern: Amount is made close to the sender balance to simulate account draining.

Probability source: The trained ML model calculated this using model.predict_proba(). The fraud probability is the second class probability: predict_proba(X)[:, 1].

Threshold calculation: P(fraud) = 0.0000. Since 0.0000 < alert_threshold 0.12, the system returns ALLOW and binary fraud prediction = 0.

Decision reason: The transaction risk is below the alert threshold, so it is allowed and only logged.

Top feature evidence:
step = 6.0 | Transaction time step in the simulation.
amount = 0.0 | Transaction amount. High values can increase fraud risk.
oldbalanceOrg = 0.0 | Sender balance before the transaction.
newbalanceOrig = 0.0 | Sender balance after the transaction.
oldbalanceDest = 0.0 | Receiver balance before the transaction."
44,07_balance_draining_attack,0.205,0.12,0.3,REVIEW,ALERT,0,0,TN,"step, amount, oldbalanceOrg, newbalanceOrig, oldbalanceDest","P(fraud) = 0.2050. Since alert_threshold 0.12 <= 0.2050 < block_threshold 0.30, the system returns REVIEW and binary fraud prediction = 0.","Scenario pattern: Amount is made close to the sender balance to simulate account draining.

Probability source: The trained ML model calculated this using model.predict_proba(). The fraud probability is the second class probability: predict_proba(X)[:, 1].

Threshold calculation: P(fraud) = 0.2050. Since alert_threshold 0.12 <= 0.2050 < block_threshold 0.30, the system returns REVIEW and binary fraud prediction = 0.

Decision reason: The transaction is suspicious but not risky enough for automatic blocking. It should be sent to manual review or an alert queue.

Top feature evidence:
step = 2.0 | Transaction time step in the simulation.
amount = 3518985.4969999995 | Transaction amount. High values can increase fraud risk.
oldbalanceOrg = 3704195.26 | Sender balance before the transaction.
newbalanceOrig = 185209.76300000027 | Sender balance after the transaction.
oldbalanceDest = 104255.56 | Receiver balance before the transaction."
45,07_balance_draining_attack,0.04,0.12,0.3,ALLOW,LOG,0,0,TN,"step, amount, oldbalanceOrg, newbalanceOrig, oldbalanceDest","P(fraud) = 0.0400. Since 0.0400 < alert_threshold 0.12, the system returns ALLOW and binary fraud prediction = 0.","Scenario pattern: Amount is made close to the sender balance to simulate account draining.

Probability source: The trained ML model calculated this using model.predict_proba(). The fraud probability is the second class probability: predict_proba(X)[:, 1].

Threshold calculation: P(fraud) = 0.0400. Since 0.0400 < alert_threshold 0.12, the system returns ALLOW and binary fraud prediction = 0.

Decision reason: The transaction risk is below the alert threshold, so it is allowed and only logged.

Top feature evidence:
step = 8.0 | Transaction time step in the simulation.
amount = 0.0 | Transaction amount. High values can increase fraud risk.
oldbalanceOrg = 0.0 | Sender balance before the transaction.
newbalanceOrig = 0.0 | Sender balance after the transaction.
oldbalanceDest = 613972.39 | Receiver balance before the transaction."
46,07_balance_draining_attack,0.005,0.12,0.3,ALLOW,LOG,0,0,TN,"step, amount, oldbalanceOrg, newbalanceOrig, oldbalanceDest","P(fraud) = 0.0050. Since 0.0050 < alert_threshold 0.12, the system returns ALLOW and binary fraud prediction = 0.","Scenario pattern: Amount is made close to the sender balance to simulate account draining.

Probability source: The trained ML model calculated this using model.predict_proba(). The fraud probability is the second class probability: predict_proba(X)[:, 1].

Threshold calculation: P(fraud) = 0.0050. Since 0.0050 < alert_threshold 0.12, the system returns ALLOW and binary fraud prediction = 0.

Decision reason: The transaction risk is below the alert threshold, so it is allowed and only logged.

Top feature evidence:
step = 8.0 | Transaction time step in the simulation.
amount = 25637.649999999998 | Transaction amount. High values can increase fraud risk.
oldbalanceOrg = 26987.0 | Sender balance before the transaction.
newbalanceOrig = 1349.3500000000022 | Sender balance after the transaction.
oldbalanceDest = 0.0 | Receiver balance before the transaction."
47,07_balance_draining_attack,0.005,0.12,0.3,ALLOW,LOG,0,0,TN,"step, amount, oldbalanceOrg, newbalanceOrig, oldbalanceDest","P(fraud) = 0.0050. Since 0.0050 < alert_threshold 0.12, the system returns ALLOW and binary fraud prediction = 0.","Scenario pattern: Amount is made close to the sender balance to simulate account draining.

Probability source: The trained ML model calculated this using model.predict_proba(). The fraud probability is the second class probability: predict_proba(X)[:, 1].

Threshold calculation: P(fraud) = 0.0050. Since 0.0050 < alert_threshold 0.12, the system returns ALLOW and binary fraud prediction = 0.

Decision reason: The transaction risk is below the alert threshold, so it is allowed and only logged.

Top feature evidence:
step = 8.0 | Transaction time step in the simulation.
amount = 82738.16 | Transaction amount. High values can increase fraud risk.
oldbalanceOrg = 87092.8 | Sender balance before the transaction.
newbalanceOrig = 4354.639999999999 | Sender balance after the transaction.
oldbalanceDest = 0.0 | Receiver balance before the transaction."
48,07_balance_draining_attack,0.04,0.12,0.3,ALLOW,LOG,0,0,TN,"step, amount, oldbalanceOrg, newbalanceOrig, oldbalanceDest","P(fraud) = 0.0400. Since 0.0400 < alert_threshold 0.12, the system returns ALLOW and binary fraud prediction = 0.","Scenario pattern: Amount is made close to the sender balance to simulate account draining.

Probability source: The trained ML model calculated this using model.predict_proba(). The fraud probability is the second class probability: predict_proba(X)[:, 1].

Threshold calculation: P(fraud) = 0.0400. Since 0.0400 < alert_threshold 0.12, the system returns ALLOW and binary fraud prediction = 0.

Decision reason: The transaction risk is below the alert threshold, so it is allowed and only logged.

Top feature evidence:
step = 6.0 | Transaction time step in the simulation.
amount = 0.0 | Transaction amount. High values can increase fraud risk.
oldbalanceOrg = 0.0 | Sender balance before the transaction.
newbalanceOrig = 0.0 | Sender balance after the transaction.
oldbalanceDest = 138323.94 | Receiver balance before the transaction."
49,07_balance_draining_attack,0.005,0.12,0.3,ALLOW,LOG,0,0,TN,"step, amount, oldbalanceOrg, newbalanceOrig, oldbalanceDest","P(fraud) = 0.0050. Since 0.0050 < alert_threshold 0.12, the system returns ALLOW and binary fraud prediction = 0.","Scenario pattern: Amount is made close to the sender balance to simulate account draining.

Probability source: The trained ML model calculated this using model.predict_proba(). The fraud probability is the second class probability: predict_proba(X)[:, 1].

Threshold calculation: P(fraud) = 0.0050. Since 0.0050 < alert_threshold 0.12, the system returns ALLOW and binary fraud prediction = 0.

Decision reason: The transaction risk is below the alert threshold, so it is allowed and only logged.

Top feature evidence:
step = 7.0 | Transaction time step in the simulation.
amount = 946.1999999999999 | Transaction amount. High values can increase fraud risk.
oldbalanceOrg = 996.0 | Sender balance before the transaction.
newbalanceOrig = 49.80000000000007 | Sender balance after the transaction.
oldbalanceDest = 0.0 | Receiver balance before the transaction."
50,07_balance_draining_attack,0.0,0.12,0.3,ALLOW,LOG,0,0,TN,"step, amount, oldbalanceOrg, newbalanceOrig, oldbalanceDest","P(fraud) = 0.0000. Since 0.0000 < alert_threshold 0.12, the system returns ALLOW and binary fraud prediction = 0.","Scenario pattern: Amount is made close to the sender balance to simulate account draining.

Probability source: The trained ML model calculated this using model.predict_proba(). The fraud probability is the second class probability: predict_proba(X)[:, 1].

Threshold calculation: P(fraud) = 0.0000. Since 0.0000 < alert_threshold 0.12, the system returns ALLOW and binary fraud prediction = 0.

Decision reason: The transaction risk is below the alert threshold, so it is allowed and only logged.

Top feature evidence:
step = 8.0 | Transaction time step in the simulation.
amount = 1040.25 | Transaction amount. High values can increase fraud risk.
oldbalanceOrg = 1095.0 | Sender balance before the transaction.
newbalanceOrig = 54.75 | Sender balance after the transaction.
oldbalanceDest = 0.0 | Receiver balance before the transaction."
51,07_balance_draining_attack,0.015,0.12,0.3,ALLOW,LOG,0,0,TN,"step, amount, oldbalanceOrg, newbalanceOrig, oldbalanceDest","P(fraud) = 0.0150. Since 0.0150 < alert_threshold 0.12, the system returns ALLOW and binary fraud prediction = 0.","Scenario pattern: Amount is made close to the sender balance to simulate account draining.

Probability source: The trained ML model calculated this using model.predict_proba(). The fraud probability is the second class probability: predict_proba(X)[:, 1].

Threshold calculation: P(fraud) = 0.0150. Since 0.0150 < alert_threshold 0.12, the system returns ALLOW and binary fraud prediction = 0.

Decision reason: The transaction risk is below the alert threshold, so it is allowed and only logged.

Top feature evidence:
step = 8.0 | Transaction time step in the simulation.
amount = 47212.149999999994 | Transaction amount. High values can increase fraud risk.
oldbalanceOrg = 49697.0 | Sender balance before the transaction.
newbalanceOrig = 2484.850000000006 | Sender balance after the transaction.
oldbalanceDest = 0.0 | Receiver balance before the transaction."
52,07_balance_draining_attack,0.095,0.12,0.3,ALLOW,LOG,0,0,TN,"step, amount, oldbalanceOrg, newbalanceOrig, oldbalanceDest","P(fraud) = 0.0950. Since 0.0950 < alert_threshold 0.12, the system returns ALLOW and binary fraud prediction = 0.","Scenario pattern: Amount is made close to the sender balance to simulate account draining.

Probability source: The trained ML model calculated this using model.predict_proba(). The fraud probability is the second class probability: predict_proba(X)[:, 1].

Threshold calculation: P(fraud) = 0.0950. Since 0.0950 < alert_threshold 0.12, the system returns ALLOW and binary fraud prediction = 0.

Decision reason: The transaction risk is below the alert threshold, so it is allowed and only logged.

Top feature evidence:
step = 4.0 | Transaction time step in the simulation.
amount = 965129.776 | Transaction amount. High values can increase fraud risk.
oldbalanceOrg = 1015926.08 | Sender balance before the transaction.
newbalanceOrig = 50796.304000000004 | Sender balance after the transaction.
oldbalanceDest = 65002.0 | Receiver balance before the transaction."
53,07_balance_draining_attack,0.015,0.12,0.3,ALLOW,LOG,0,0,TN,"step, amount, oldbalanceOrg, newbalanceOrig, oldbalanceDest","P(fraud) = 0.0150. Since 0.0150 < alert_threshold 0.12, the system returns ALLOW and binary fraud prediction = 0.","Scenario pattern: Amount is made close to the sender balance to simulate account draining.

Probability source: The trained ML model calculated this using model.predict_proba(). The fraud probability is the second class probability: predict_proba(X)[:, 1].

Threshold calculation: P(fraud) = 0.0150. Since 0.0150 < alert_threshold 0.12, the system returns ALLOW and binary fraud prediction = 0.

Decision reason: The transaction risk is below the alert threshold, so it is allowed and only logged.

Top feature evidence:
step = 2.0 | Transaction time step in the simulation.
amount = 232572.34999999998 | Transaction amount. High values can increase fraud risk.
oldbalanceOrg = 244813.0 | Sender balance before the transaction.
newbalanceOrig = 12240.650000000023 | Sender balance after the transaction.
oldbalanceDest = 9807.8 | Receiver balance before the transaction."
54,07_balance_draining_attack,0.005,0.12,0.3,ALLOW,LOG,0,0,TN,"step, amount, oldbalanceOrg, newbalanceOrig, oldbalanceDest","P(fraud) = 0.0050. Since 0.0050 < alert_threshold 0.12, the system returns ALLOW and binary fraud prediction = 0.","Scenario pattern: Amount is made close to the sender balance to simulate account draining.

Probability source: The trained ML model calculated this using model.predict_proba(). The fraud probability is the second class probability: predict_proba(X)[:, 1].

Threshold calculation: P(fraud) = 0.0050. Since 0.0050 < alert_threshold 0.12, the system returns ALLOW and binary fraud prediction = 0.

Decision reason: The transaction risk is below the alert threshold, so it is allowed and only logged.

Top feature evidence:
step = 7.0 | Transaction time step in the simulation.
amount = 86309.4 | Transaction amount. High values can increase fraud risk.
oldbalanceOrg = 90852.0 | Sender balance before the transaction.
newbalanceOrig = 4542.600000000006 | Sender balance after the transaction.
oldbalanceDest = 0.0 | Receiver balance before the transaction."
55,07_balance_draining_attack,0.125,0.12,0.3,REVIEW,ALERT,0,0,TN,"step, amount, oldbalanceOrg, newbalanceOrig, oldbalanceDest","P(fraud) = 0.1250. Since alert_threshold 0.12 <= 0.1250 < block_threshold 0.30, the system returns REVIEW and binary fraud prediction = 0.","Scenario pattern: Amount is made close to the sender balance to simulate account draining.

Probability source: The trained ML model calculated this using model.predict_proba(). The fraud probability is the second class probability: predict_proba(X)[:, 1].

Threshold calculation: P(fraud) = 0.1250. Since alert_threshold 0.12 <= 0.1250 < block_threshold 0.30, the system returns REVIEW and binary fraud prediction = 0.

Decision reason: The transaction is suspicious but not risky enough for automatic blocking. It should be sent to manual review or an alert queue.

Top feature evidence:
step = 7.0 | Transaction time step in the simulation.
amount = 10381000.227 | Transaction amount. High values can increase fraud risk.
oldbalanceOrg = 10927368.66 | Sender balance before the transaction.
newbalanceOrig = 546368.4330000002 | Sender balance after the transaction.
oldbalanceDest = 2243580.18 | Receiver balance before the transaction."
56,07_balance_draining_attack,0.015,0.12,0.3,ALLOW,LOG,0,0,TN,"step, amount, oldbalanceOrg, newbalanceOrig, oldbalanceDest","P(fraud) = 0.0150. Since 0.0150 < alert_threshold 0.12, the system returns ALLOW and binary fraud prediction = 0.","Scenario pattern: Amount is made close to the sender balance to simulate account draining.

Probability source: The trained ML model calculated this using model.predict_proba(). The fraud probability is the second class probability: predict_proba(X)[:, 1].

Threshold calculation: P(fraud) = 0.0150. Since 0.0150 < alert_threshold 0.12, the system returns ALLOW and binary fraud prediction = 0.

Decision reason: The transaction risk is below the alert threshold, so it is allowed and only logged.

Top feature evidence:
step = 7.0 | Transaction time step in the simulation.
amount = 0.0 | Transaction amount. High values can increase fraud risk.
oldbalanceOrg = 0.0 | Sender balance before the transaction.
newbalanceOrig = 0.0 | Sender balance after the transaction.
oldbalanceDest = 0.0 | Receiver balance before the transaction."
57,07_balance_draining_attack,0.04,0.12,0.3,ALLOW,LOG,0,0,TN,"step, amount, oldbalanceOrg, newbalanceOrig, oldbalanceDest","P(fraud) = 0.0400. Since 0.0400 < alert_threshold 0.12, the system returns ALLOW and binary fraud prediction = 0.","Scenario pattern: Amount is made close to the sender balance to simulate account draining.

Probability source: The trained ML model calculated this using model.predict_proba(). The fraud probability is the second class probability: predict_proba(X)[:, 1].

Threshold calculation: P(fraud) = 0.0400. Since 0.0400 < alert_threshold 0.12, the system returns ALLOW and binary fraud prediction = 0.

Decision reason: The transaction risk is below the alert threshold, so it is allowed and only logged.

Top feature evidence:
step = 7.0 | Transaction time step in the simulation.
amount = 0.0 | Transaction amount. High values can increase fraud risk.
oldbalanceOrg = 0.0 | Sender balance before the transaction.
newbalanceOrig = 0.0 | Sender balance after the transaction.
oldbalanceDest = 298425.79 | Receiver balance before the transaction."
58,07_balance_draining_attack,0.0,0.12,0.3,ALLOW,LOG,0,0,TN,"step, amount, oldbalanceOrg, newbalanceOrig, oldbalanceDest","P(fraud) = 0.0000. Since 0.0000 < alert_threshold 0.12, the system returns ALLOW and binary fraud prediction = 0.","Scenario pattern: Amount is made close to the sender balance to simulate account draining.

Probability source: The trained ML model calculated this using model.predict_proba(). The fraud probability is the second class probability: predict_proba(X)[:, 1].

Threshold calculation: P(fraud) = 0.0000. Since 0.0000 < alert_threshold 0.12, the system returns ALLOW and binary fraud prediction = 0.

Decision reason: The transaction risk is below the alert threshold, so it is allowed and only logged.

Top feature evidence:
step = 3.0 | Transaction time step in the simulation.
amount = 35002.70249999999 | Transaction amount. High values can increase fraud risk.
oldbalanceOrg = 36844.95 | Sender balance before the transaction.
newbalanceOrig = 1842.247500000005 | Sender balance after the transaction.
oldbalanceDest = 0.0 | Receiver balance before the transaction."
59,07_balance_draining_attack,0.16,0.12,0.3,REVIEW,ALERT,0,1,FN,"step, amount, oldbalanceOrg, newbalanceOrig, oldbalanceDest","P(fraud) = 0.1600. Since alert_threshold 0.12 <= 0.1600 < block_threshold 0.30, the system returns REVIEW and binary fraud prediction = 0.","Scenario pattern: Amount is made close to the sender balance to simulate account draining.

Probability source: The trained ML model calculated this using model.predict_proba(). The fraud probability is the second class probability: predict_proba(X)[:, 1].

Threshold calculation: P(fraud) = 0.1600. Since alert_threshold 0.12 <= 0.1600 < block_threshold 0.30, the system returns REVIEW and binary fraud prediction = 0.

Decision reason: The transaction is suspicious but not risky enough for automatic blocking. It should be sent to manual review or an alert queue.

Top feature evidence:
step = 7.0 | Transaction time step in the simulation.
amount = 20642.55 | Transaction amount. High values can increase fraud risk.
oldbalanceOrg = 21729.0 | Sender balance before the transaction.
newbalanceOrig = 1086.4500000000007 | Sender balance after the transaction.
oldbalanceDest = 0.0 | Receiver balance before the transaction."
60,07_balance_draining_attack,0.0,0.12,0.3,ALLOW,LOG,0,0,TN,"step, amount, oldbalanceOrg, newbalanceOrig, oldbalanceDest","P(fraud) = 0.0000. Since 0.0000 < alert_threshold 0.12, the system returns ALLOW and binary fraud prediction = 0.","Scenario pattern: Amount is made close to the sender balance to simulate account draining.

Probability source: The trained ML model calculated this using model.predict_proba(). The fraud probability is the second class probability: predict_proba(X)[:, 1].

Threshold calculation: P(fraud) = 0.0000. Since 0.0000 < alert_threshold 0.12, the system returns ALLOW and binary fraud prediction = 0.

Decision reason: The transaction risk is below the alert threshold, so it is allowed and only logged.

Top feature evidence:
step = 8.0 | Transaction time step in the simulation.
amount = 9645.35 | Transaction amount. High values can increase fraud risk.
oldbalanceOrg = 10153.0 | Sender balance before the transaction.
newbalanceOrig = 507.64999999999964 | Sender balance after the transaction.
oldbalanceDest = 0.0 | Receiver balance before the transaction."
61,07_balance_draining_attack,0.0,0.12,0.3,ALLOW,LOG,0,0,TN,"step, amount, oldbalanceOrg, newbalanceOrig, oldbalanceDest","P(fraud) = 0.0000. Since 0.0000 < alert_threshold 0.12, the system returns ALLOW and binary fraud prediction = 0.","Scenario pattern: Amount is made close to the sender balance to simulate account draining.

Probability source: The trained ML model calculated this using model.predict_proba(). The fraud probability is the second class probability: predict_proba(X)[:, 1].

Threshold calculation: P(fraud) = 0.0000. Since 0.0000 < alert_threshold 0.12, the system returns ALLOW and binary fraud prediction = 0.

Decision reason: The transaction risk is below the alert threshold, so it is allowed and only logged.

Top feature evidence:
step = 8.0 | Transaction time step in the simulation.
amount = 6333.517 | Transaction amount. High values can increase fraud risk.
oldbalanceOrg = 6666.86 | Sender balance before the transaction.
newbalanceOrig = 333.34299999999985 | Sender balance after the transaction.
oldbalanceDest = 0.0 | Receiver balance before the transaction."
62,07_balance_draining_attack,0.065,0.12,0.3,ALLOW,LOG,0,1,FN,"step, amount, oldbalanceOrg, newbalanceOrig, oldbalanceDest","P(fraud) = 0.0650. Since 0.0650 < alert_threshold 0.12, the system returns ALLOW and binary fraud prediction = 0.","Scenario pattern: Amount is made close to the sender balance to simulate account draining.

Probability source: The trained ML model calculated this using model.predict_proba(). The fraud probability is the second class probability: predict_proba(X)[:, 1].

Threshold calculation: P(fraud) = 0.0650. Since 0.0650 < alert_threshold 0.12, the system returns ALLOW and binary fraud prediction = 0.

Decision reason: The transaction risk is below the alert threshold, so it is allowed and only logged.

Top feature evidence:
step = 1.0 | Transaction time step in the simulation.
amount = 33310.4485 | Transaction amount. High values can increase fraud risk.
oldbalanceOrg = 35063.63 | Sender balance before the transaction.
newbalanceOrig = 1753.1814999999988 | Sender balance after the transaction.
oldbalanceDest = 31140.0 | Receiver balance before the transaction."
63,07_balance_draining_attack,0.005,0.12,0.3,ALLOW,LOG,0,0,TN,"step, amount, oldbalanceOrg, newbalanceOrig, oldbalanceDest","P(fraud) = 0.0050. Since 0.0050 < alert_threshold 0.12, the system returns ALLOW and binary fraud prediction = 0.","Scenario pattern: Amount is made close to the sender balance to simulate account draining.

Probability source: The trained ML model calculated this using model.predict_proba(). The fraud probability is the second class probability: predict_proba(X)[:, 1].

Threshold calculation: P(fraud) = 0.0050. Since 0.0050 < alert_threshold 0.12, the system returns ALLOW and binary fraud prediction = 0.

Decision reason: The transaction risk is below the alert threshold, so it is allowed and only logged.

Top feature evidence:
step = 7.0 | Transaction time step in the simulation.
amount = 27942.35 | Transaction amount. High values can increase fraud risk.
oldbalanceOrg = 29413.0 | Sender balance before the transaction.
newbalanceOrig = 1470.6500000000015 | Sender balance after the transaction.
oldbalanceDest = 0.0 | Receiver balance before the transaction."
64,07_balance_draining_attack,0.005,0.12,0.3,ALLOW,LOG,0,0,TN,"step, amount, oldbalanceOrg, newbalanceOrig, oldbalanceDest","P(fraud) = 0.0050. Since 0.0050 < alert_threshold 0.12, the system returns ALLOW and binary fraud prediction = 0.","Scenario pattern: Amount is made close to the sender balance to simulate account draining.

Probability source: The trained ML model calculated this using model.predict_proba(). The fraud probability is the second class probability: predict_proba(X)[:, 1].

Threshold calculation: P(fraud) = 0.0050. Since 0.0050 < alert_threshold 0.12, the system returns ALLOW and binary fraud prediction = 0.

Decision reason: The transaction risk is below the alert threshold, so it is allowed and only logged.

Top feature evidence:
step = 8.0 | Transaction time step in the simulation.
amount = 0.0 | Transaction amount. High values can increase fraud risk.
oldbalanceOrg = 0.0 | Sender balance before the transaction.
newbalanceOrig = 0.0 | Sender balance after the transaction.
oldbalanceDest = 0.0 | Receiver balance before the transaction."
65,07_balance_draining_attack,0.12,0.12,0.3,REVIEW,ALERT,0,1,FN,"step, amount, oldbalanceOrg, newbalanceOrig, oldbalanceDest","P(fraud) = 0.1200. Since alert_threshold 0.12 <= 0.1200 < block_threshold 0.30, the system returns REVIEW and binary fraud prediction = 0.","Scenario pattern: Amount is made close to the sender balance to simulate account draining.

Probability source: The trained ML model calculated this using model.predict_proba(). The fraud probability is the second class probability: predict_proba(X)[:, 1].

Threshold calculation: P(fraud) = 0.1200. Since alert_threshold 0.12 <= 0.1200 < block_threshold 0.30, the system returns REVIEW and binary fraud prediction = 0.

Decision reason: The transaction is suspicious but not risky enough for automatic blocking. It should be sent to manual review or an alert queue.

Top feature evidence:
step = 6.0 | Transaction time step in the simulation.
amount = 31666.217 | Transaction amount. High values can increase fraud risk.
oldbalanceOrg = 33332.86 | Sender balance before the transaction.
newbalanceOrig = 1666.643 | Sender balance after the transaction.
oldbalanceDest = 0.0 | Receiver balance before the transaction."
66,07_balance_draining_attack,0.035,0.12,0.3,ALLOW,LOG,0,1,FN,"step, amount, oldbalanceOrg, newbalanceOrig, oldbalanceDest","P(fraud) = 0.0350. Since 0.0350 < alert_threshold 0.12, the system returns ALLOW and binary fraud prediction = 0.","Scenario pattern: Amount is made close to the sender balance to simulate account draining.

Probability source: The trained ML model calculated this using model.predict_proba(). The fraud probability is the second class probability: predict_proba(X)[:, 1].

Threshold calculation: P(fraud) = 0.0350. Since 0.0350 < alert_threshold 0.12, the system returns ALLOW and binary fraud prediction = 0.

Decision reason: The transaction risk is below the alert threshold, so it is allowed and only logged.

Top feature evidence:
step = 5.0 | Transaction time step in the simulation.
amount = 114070.9935 | Transaction amount. High values can increase fraud risk.
oldbalanceOrg = 120074.73 | Sender balance before the transaction.
newbalanceOrig = 6003.736499999999 | Sender balance after the transaction.
oldbalanceDest = 0.0 | Receiver balance before the transaction."
67,07_balance_draining_attack,0.0,0.12,0.3,ALLOW,LOG,0,0,TN,"step, amount, oldbalanceOrg, newbalanceOrig, oldbalanceDest","P(fraud) = 0.0000. Since 0.0000 < alert_threshold 0.12, the system returns ALLOW and binary fraud prediction = 0.","Scenario pattern: Amount is made close to the sender balance to simulate account draining.

Probability source: The trained ML model calculated this using model.predict_proba(). The fraud probability is the second class probability: predict_proba(X)[:, 1].

Threshold calculation: P(fraud) = 0.0000. Since 0.0000 < alert_threshold 0.12, the system returns ALLOW and binary fraud prediction = 0.

Decision reason: The transaction risk is below the alert threshold, so it is allowed and only logged.

Top feature evidence:
step = 2.0 | Transaction time step in the simulation.
amount = 10693.199999999999 | Transaction amount. High values can increase fraud risk.
oldbalanceOrg = 11256.0 | Sender balance before the transaction.
newbalanceOrig = 562.8000000000011 | Sender balance after the transaction.
oldbalanceDest = 0.0 | Receiver balance before the transaction."
68,07_balance_draining_attack,0.035,0.12,0.3,ALLOW,LOG,0,0,TN,"step, amount, oldbalanceOrg, newbalanceOrig, oldbalanceDest","P(fraud) = 0.0350. Since 0.0350 < alert_threshold 0.12, the system returns ALLOW and binary fraud prediction = 0.","Scenario pattern: Amount is made close to the sender balance to simulate account draining.

Probability source: The trained ML model calculated this using model.predict_proba(). The fraud probability is the second class probability: predict_proba(X)[:, 1].

Threshold calculation: P(fraud) = 0.0350. Since 0.0350 < alert_threshold 0.12, the system returns ALLOW and binary fraud prediction = 0.

Decision reason: The transaction risk is below the alert threshold, so it is allowed and only logged.

Top feature evidence:
step = 8.0 | Transaction time step in the simulation.
amount = 0.0 | Transaction amount. High values can increase fraud risk.
oldbalanceOrg = 0.0 | Sender balance before the transaction.
newbalanceOrig = 0.0 | Sender balance after the transaction.
oldbalanceDest = 16468876.24 | Receiver balance before the transaction."
69,07_balance_draining_attack,0.025,0.12,0.3,ALLOW,LOG,0,0,TN,"step, amount, oldbalanceOrg, newbalanceOrig, oldbalanceDest","P(fraud) = 0.0250. Since 0.0250 < alert_threshold 0.12, the system returns ALLOW and binary fraud prediction = 0.","Scenario pattern: Amount is made close to the sender balance to simulate account draining.

Probability source: The trained ML model calculated this using model.predict_proba(). The fraud probability is the second class probability: predict_proba(X)[:, 1].

Threshold calculation: P(fraud) = 0.0250. Since 0.0250 < alert_threshold 0.12, the system returns ALLOW and binary fraud prediction = 0.

Decision reason: The transaction risk is below the alert threshold, so it is allowed and only logged.

Top feature evidence:
step = 8.0 | Transaction time step in the simulation.
amount = 516976.81399999995 | Transaction amount. High values can increase fraud risk.
oldbalanceOrg = 544186.12 | Sender balance before the transaction.
newbalanceOrig = 27209.30600000004 | Sender balance after the transaction.
oldbalanceDest = 0.0 | Receiver balance before the transaction."
70,07_balance_draining_attack,0.055,0.12,0.3,ALLOW,LOG,0,0,TN,"step, amount, oldbalanceOrg, newbalanceOrig, oldbalanceDest","P(fraud) = 0.0550. Since 0.0550 < alert_threshold 0.12, the system returns ALLOW and binary fraud prediction = 0.","Scenario pattern: Amount is made close to the sender balance to simulate account draining.

Probability source: The trained ML model calculated this using model.predict_proba(). The fraud probability is the second class probability: predict_proba(X)[:, 1].

Threshold calculation: P(fraud) = 0.0550. Since 0.0550 < alert_threshold 0.12, the system returns ALLOW and binary fraud prediction = 0.

Decision reason: The transaction risk is below the alert threshold, so it is allowed and only logged.

Top feature evidence:
step = 8.0 | Transaction time step in the simulation.
amount = 0.0 | Transaction amount. High values can increase fraud risk.
oldbalanceOrg = 0.0 | Sender balance before the transaction.
newbalanceOrig = 0.0 | Sender balance after the transaction.
oldbalanceDest = 8078593.3 | Receiver balance before the transaction."
71,07_balance_draining_attack,0.065,0.12,0.3,ALLOW,LOG,0,0,TN,"step, amount, oldbalanceOrg, newbalanceOrig, oldbalanceDest","P(fraud) = 0.0650. Since 0.0650 < alert_threshold 0.12, the system returns ALLOW and binary fraud prediction = 0.","Scenario pattern: Amount is made close to the sender balance to simulate account draining.

Probability source: The trained ML model calculated this using model.predict_proba(). The fraud probability is the second class probability: predict_proba(X)[:, 1].

Threshold calculation: P(fraud) = 0.0650. Since 0.0650 < alert_threshold 0.12, the system returns ALLOW and binary fraud prediction = 0.

Decision reason: The transaction risk is below the alert threshold, so it is allowed and only logged.

Top feature evidence:
step = 8.0 | Transaction time step in the simulation.
amount = 502.54999999999995 | Transaction amount. High values can increase fraud risk.
oldbalanceOrg = 529.0 | Sender balance before the transaction.
newbalanceOrig = 26.450000000000045 | Sender balance after the transaction.
oldbalanceDest = 32372.0 | Receiver balance before the transaction."
72,07_balance_draining_attack,0.045,0.12,0.3,ALLOW,LOG,0,0,TN,"step, amount, oldbalanceOrg, newbalanceOrig, oldbalanceDest","P(fraud) = 0.0450. Since 0.0450 < alert_threshold 0.12, the system returns ALLOW and binary fraud prediction = 0.","Scenario pattern: Amount is made close to the sender balance to simulate account draining.

Probability source: The trained ML model calculated this using model.predict_proba(). The fraud probability is the second class probability: predict_proba(X)[:, 1].

Threshold calculation: P(fraud) = 0.0450. Since 0.0450 < alert_threshold 0.12, the system returns ALLOW and binary fraud prediction = 0.

Decision reason: The transaction risk is below the alert threshold, so it is allowed and only logged.

Top feature evidence:
step = 8.0 | Transaction time step in the simulation.
amount = 0.0 | Transaction amount. High values can increase fraud risk.
oldbalanceOrg = 0.0 | Sender balance before the transaction.
newbalanceOrig = 0.0 | Sender balance after the transaction.
oldbalanceDest = 17979799.39 | Receiver balance before the transaction."
73,07_balance_draining_attack,0.0,0.12,0.3,ALLOW,LOG,0,0,TN,"step, amount, oldbalanceOrg, newbalanceOrig, oldbalanceDest","P(fraud) = 0.0000. Since 0.0000 < alert_threshold 0.12, the system returns ALLOW and binary fraud prediction = 0.","Scenario pattern: Amount is made close to the sender balance to simulate account draining.

Probability source: The trained ML model calculated this using model.predict_proba(). The fraud probability is the second class probability: predict_proba(X)[:, 1].

Threshold calculation: P(fraud) = 0.0000. Since 0.0000 < alert_threshold 0.12, the system returns ALLOW and binary fraud prediction = 0.

Decision reason: The transaction risk is below the alert threshold, so it is allowed and only logged.

Top feature evidence:
step = 1.0 | Transaction time step in the simulation.
amount = 10168.8 | Transaction amount. High values can increase fraud risk.
oldbalanceOrg = 10704.0 | Sender balance before the transaction.
newbalanceOrig = 535.2000000000007 | Sender balance after the transaction.
oldbalanceDest = 0.0 | Receiver balance before the transaction."
74,07_balance_draining_attack,0.015,0.12,0.3,ALLOW,LOG,0,0,TN,"step, amount, oldbalanceOrg, newbalanceOrig, oldbalanceDest","P(fraud) = 0.0150. Since 0.0150 < alert_threshold 0.12, the system returns ALLOW and binary fraud prediction = 0.","Scenario pattern: Amount is made close to the sender balance to simulate account draining.

Probability source: The trained ML model calculated this using model.predict_proba(). The fraud probability is the second class probability: predict_proba(X)[:, 1].

Threshold calculation: P(fraud) = 0.0150. Since 0.0150 < alert_threshold 0.12, the system returns ALLOW and binary fraud prediction = 0.

Decision reason: The transaction risk is below the alert threshold, so it is allowed and only logged.

Top feature evidence:
step = 7.0 | Transaction time step in the simulation.
amount = 0.0 | Transaction amount. High values can increase fraud risk.
oldbalanceOrg = 0.0 | Sender balance before the transaction.
newbalanceOrig = 0.0 | Sender balance after the transaction.
oldbalanceDest = 0.0 | Receiver balance before the transaction."
75,07_balance_draining_attack,0.015,0.12,0.3,ALLOW,LOG,0,0,TN,"step, amount, oldbalanceOrg, newbalanceOrig, oldbalanceDest","P(fraud) = 0.0150. Since 0.0150 < alert_threshold 0.12, the system returns ALLOW and binary fraud prediction = 0.","Scenario pattern: Amount is made close to the sender balance to simulate account draining.

Probability source: The trained ML model calculated this using model.predict_proba(). The fraud probability is the second class probability: predict_proba(X)[:, 1].

Threshold calculation: P(fraud) = 0.0150. Since 0.0150 < alert_threshold 0.12, the system returns ALLOW and binary fraud prediction = 0.

Decision reason: The transaction risk is below the alert threshold, so it is allowed and only logged.

Top feature evidence:
step = 7.0 | Transaction time step in the simulation.
amount = 88.35 | Transaction amount. High values can increase fraud risk.
oldbalanceOrg = 93.0 | Sender balance before the transaction.
newbalanceOrig = 4.650000000000006 | Sender balance after the transaction.
oldbalanceDest = 0.0 | Receiver balance before the transaction."
76,07_balance_draining_attack,0.02,0.12,0.3,ALLOW,LOG,0,0,TN,"step, amount, oldbalanceOrg, newbalanceOrig, oldbalanceDest","P(fraud) = 0.0200. Since 0.0200 < alert_threshold 0.12, the system returns ALLOW and binary fraud prediction = 0.","Scenario pattern: Amount is made close to the sender balance to simulate account draining.

Probability source: The trained ML model calculated this using model.predict_proba(). The fraud probability is the second class probability: predict_proba(X)[:, 1].

Threshold calculation: P(fraud) = 0.0200. Since 0.0200 < alert_threshold 0.12, the system returns ALLOW and binary fraud prediction = 0.

Decision reason: The transaction risk is below the alert threshold, so it is allowed and only logged.

Top feature evidence:
step = 8.0 | Transaction time step in the simulation.
amount = 0.0 | Transaction amount. High values can increase fraud risk.
oldbalanceOrg = 0.0 | Sender balance before the transaction.
newbalanceOrig = 0.0 | Sender balance after the transaction.
oldbalanceDest = 0.0 | Receiver balance before the transaction."
77,07_balance_draining_attack,0.005,0.12,0.3,ALLOW,LOG,0,0,TN,"step, amount, oldbalanceOrg, newbalanceOrig, oldbalanceDest","P(fraud) = 0.0050. Since 0.0050 < alert_threshold 0.12, the system returns ALLOW and binary fraud prediction = 0.","Scenario pattern: Amount is made close to the sender balance to simulate account draining.

Probability source: The trained ML model calculated this using model.predict_proba(). The fraud probability is the second class probability: predict_proba(X)[:, 1].

Threshold calculation: P(fraud) = 0.0050. Since 0.0050 < alert_threshold 0.12, the system returns ALLOW and binary fraud prediction = 0.

Decision reason: The transaction risk is below the alert threshold, so it is allowed and only logged.

Top feature evidence:
step = 8.0 | Transaction time step in the simulation.
amount = 185973.634 | Transaction amount. High values can increase fraud risk.
oldbalanceOrg = 195761.72 | Sender balance before the transaction.
newbalanceOrig = 9788.08600000001 | Sender balance after the transaction.
oldbalanceDest = 0.0 | Receiver balance before the transaction."
78,07_balance_draining_attack,0.015,0.12,0.3,ALLOW,LOG,0,0,TN,"step, amount, oldbalanceOrg, newbalanceOrig, oldbalanceDest","P(fraud) = 0.0150. Since 0.0150 < alert_threshold 0.12, the system returns ALLOW and binary fraud prediction = 0.","Scenario pattern: Amount is made close to the sender balance to simulate account draining.

Probability source: The trained ML model calculated this using model.predict_proba(). The fraud probability is the second class probability: predict_proba(X)[:, 1].

Threshold calculation: P(fraud) = 0.0150. Since 0.0150 < alert_threshold 0.12, the system returns ALLOW and binary fraud prediction = 0.

Decision reason: The transaction risk is below the alert threshold, so it is allowed and only logged.

Top feature evidence:
step = 7.0 | Transaction time step in the simulation.
amount = 0.0 | Transaction amount. High values can increase fraud risk.
oldbalanceOrg = 0.0 | Sender balance before the transaction.
newbalanceOrig = 0.0 | Sender balance after the transaction.
oldbalanceDest = 0.0 | Receiver balance before the transaction."
79,07_balance_draining_attack,0.04,0.12,0.3,ALLOW,LOG,0,0,TN,"step, amount, oldbalanceOrg, newbalanceOrig, oldbalanceDest","P(fraud) = 0.0400. Since 0.0400 < alert_threshold 0.12, the system returns ALLOW and binary fraud prediction = 0.","Scenario pattern: Amount is made close to the sender balance to simulate account draining.

Probability source: The trained ML model calculated this using model.predict_proba(). The fraud probability is the second class probability: predict_proba(X)[:, 1].

Threshold calculation: P(fraud) = 0.0400. Since 0.0400 < alert_threshold 0.12, the system returns ALLOW and binary fraud prediction = 0.

Decision reason: The transaction risk is below the alert threshold, so it is allowed and only logged.

Top feature evidence:
step = 8.0 | Transaction time step in the simulation.
amount = 0.0 | Transaction amount. High values can increase fraud risk.
oldbalanceOrg = 0.0 | Sender balance before the transaction.
newbalanceOrig = 0.0 | Sender balance after the transaction.
oldbalanceDest = 939137.77 | Receiver balance before the transaction."
80,07_balance_draining_attack,0.025,0.12,0.3,ALLOW,LOG,0,0,TN,"step, amount, oldbalanceOrg, newbalanceOrig, oldbalanceDest","P(fraud) = 0.0250. Since 0.0250 < alert_threshold 0.12, the system returns ALLOW and binary fraud prediction = 0.","Scenario pattern: Amount is made close to the sender balance to simulate account draining.

Probability source: The trained ML model calculated this using model.predict_proba(). The fraud probability is the second class probability: predict_proba(X)[:, 1].

Threshold calculation: P(fraud) = 0.0250. Since 0.0250 < alert_threshold 0.12, the system returns ALLOW and binary fraud prediction = 0.

Decision reason: The transaction risk is below the alert threshold, so it is allowed and only logged.

Top feature evidence:
step = 7.0 | Transaction time step in the simulation.
amount = 0.0 | Transaction amount. High values can increase fraud risk.
oldbalanceOrg = 0.0 | Sender balance before the transaction.
newbalanceOrig = 0.0 | Sender balance after the transaction.
oldbalanceDest = 82357.0 | Receiver balance before the transaction."
81,07_balance_draining_attack,0.035,0.12,0.3,ALLOW,LOG,0,0,TN,"step, amount, oldbalanceOrg, newbalanceOrig, oldbalanceDest","P(fraud) = 0.0350. Since 0.0350 < alert_threshold 0.12, the system returns ALLOW and binary fraud prediction = 0.","Scenario pattern: Amount is made close to the sender balance to simulate account draining.

Probability source: The trained ML model calculated this using model.predict_proba(). The fraud probability is the second class probability: predict_proba(X)[:, 1].

Threshold calculation: P(fraud) = 0.0350. Since 0.0350 < alert_threshold 0.12, the system returns ALLOW and binary fraud prediction = 0.

Decision reason: The transaction risk is below the alert threshold, so it is allowed and only logged.

Top feature evidence:
step = 8.0 | Transaction time step in the simulation.
amount = 0.0 | Transaction amount. High values can increase fraud risk.
oldbalanceOrg = 0.0 | Sender balance before the transaction.
newbalanceOrig = 0.0 | Sender balance after the transaction.
oldbalanceDest = 739392.36 | Receiver balance before the transaction."
82,07_balance_draining_attack,0.05,0.12,0.3,ALLOW,LOG,0,1,FN,"step, amount, oldbalanceOrg, newbalanceOrig, oldbalanceDest","P(fraud) = 0.0500. Since 0.0500 < alert_threshold 0.12, the system returns ALLOW and binary fraud prediction = 0.","Scenario pattern: Amount is made close to the sender balance to simulate account draining.

Probability source: The trained ML model calculated this using model.predict_proba(). The fraud probability is the second class probability: predict_proba(X)[:, 1].

Threshold calculation: P(fraud) = 0.0500. Since 0.0500 < alert_threshold 0.12, the system returns ALLOW and binary fraud prediction = 0.

Decision reason: The transaction risk is below the alert threshold, so it is allowed and only logged.

Top feature evidence:
step = 6.0 | Transaction time step in the simulation.
amount = 25430.074999999997 | Transaction amount. High values can increase fraud risk.
oldbalanceOrg = 26768.5 | Sender balance before the transaction.
newbalanceOrig = 1338.425000000003 | Sender balance after the transaction.
oldbalanceDest = 101976.0 | Receiver balance before the transaction."
83,07_balance_draining_attack,0.005,0.12,0.3,ALLOW,LOG,0,0,TN,"step, amount, oldbalanceOrg, newbalanceOrig, oldbalanceDest","P(fraud) = 0.0050. Since 0.0050 < alert_threshold 0.12, the system returns ALLOW and binary fraud prediction = 0.","Scenario pattern: Amount is made close to the sender balance to simulate account draining.

Probability source: The trained ML model calculated this using model.predict_proba(). The fraud probability is the second class probability: predict_proba(X)[:, 1].

Threshold calculation: P(fraud) = 0.0050. Since 0.0050 < alert_threshold 0.12, the system returns ALLOW and binary fraud prediction = 0.

Decision reason: The transaction risk is below the alert threshold, so it is allowed and only logged.

Top feature evidence:
step = 8.0 | Transaction time step in the simulation.
amount = 103841.65 | Transaction amount. High values can increase fraud risk.
oldbalanceOrg = 109307.0 | Sender balance before the transaction.
newbalanceOrig = 5465.350000000006 | Sender balance after the transaction.
oldbalanceDest = 0.0 | Receiver balance before the transaction."
84,07_balance_draining_attack,0.145,0.12,0.3,REVIEW,ALERT,0,0,TN,"step, amount, oldbalanceOrg, newbalanceOrig, oldbalanceDest","P(fraud) = 0.1450. Since alert_threshold 0.12 <= 0.1450 < block_threshold 0.30, the system returns REVIEW and binary fraud prediction = 0.","Scenario pattern: Amount is made close to the sender balance to simulate account draining.

Probability source: The trained ML model calculated this using model.predict_proba(). The fraud probability is the second class probability: predict_proba(X)[:, 1].

Threshold calculation: P(fraud) = 0.1450. Since alert_threshold 0.12 <= 0.1450 < block_threshold 0.30, the system returns REVIEW and binary fraud prediction = 0.

Decision reason: The transaction is suspicious but not risky enough for automatic blocking. It should be sent to manual review or an alert queue.

Top feature evidence:
step = 8.0 | Transaction time step in the simulation.
amount = 4264625.8765 | Transaction amount. High values can increase fraud risk.
oldbalanceOrg = 4489079.87 | Sender balance before the transaction.
newbalanceOrig = 224453.99349999987 | Sender balance after the transaction.
oldbalanceDest = 66947.48 | Receiver balance before the transaction."
85,07_balance_draining_attack,0.02,0.12,0.3,ALLOW,LOG,0,0,TN,"step, amount, oldbalanceOrg, newbalanceOrig, oldbalanceDest","P(fraud) = 0.0200. Since 0.0200 < alert_threshold 0.12, the system returns ALLOW and binary fraud prediction = 0.","Scenario pattern: Amount is made close to the sender balance to simulate account draining.

Probability source: The trained ML model calculated this using model.predict_proba(). The fraud probability is the second class probability: predict_proba(X)[:, 1].

Threshold calculation: P(fraud) = 0.0200. Since 0.0200 < alert_threshold 0.12, the system returns ALLOW and binary fraud prediction = 0.

Decision reason: The transaction risk is below the alert threshold, so it is allowed and only logged.

Top feature evidence:
step = 8.0 | Transaction time step in the simulation.
amount = 0.0 | Transaction amount. High values can increase fraud risk.
oldbalanceOrg = 0.0 | Sender balance before the transaction.
newbalanceOrig = 0.0 | Sender balance after the transaction.
oldbalanceDest = 0.0 | Receiver balance before the transaction."
86,07_balance_draining_attack,0.0,0.12,0.3,ALLOW,LOG,0,0,TN,"step, amount, oldbalanceOrg, newbalanceOrig, oldbalanceDest","P(fraud) = 0.0000. Since 0.0000 < alert_threshold 0.12, the system returns ALLOW and binary fraud prediction = 0.","Scenario pattern: Amount is made close to the sender balance to simulate account draining.

Probability source: The trained ML model calculated this using model.predict_proba(). The fraud probability is the second class probability: predict_proba(X)[:, 1].

Threshold calculation: P(fraud) = 0.0000. Since 0.0000 < alert_threshold 0.12, the system returns ALLOW and binary fraud prediction = 0.

Decision reason: The transaction risk is below the alert threshold, so it is allowed and only logged.

Top feature evidence:
step = 6.0 | Transaction time step in the simulation.
amount = 28187.449999999997 | Transaction amount. High values can increase fraud risk.
oldbalanceOrg = 29671.0 | Sender balance before the transaction.
newbalanceOrig = 1483.550000000003 | Sender balance after the transaction.
oldbalanceDest = 0.0 | Receiver balance before the transaction."
87,07_balance_draining_attack,0.0,0.12,0.3,ALLOW,LOG,0,0,TN,"step, amount, oldbalanceOrg, newbalanceOrig, oldbalanceDest","P(fraud) = 0.0000. Since 0.0000 < alert_threshold 0.12, the system returns ALLOW and binary fraud prediction = 0.","Scenario pattern: Amount is made close to the sender balance to simulate account draining.

Probability source: The trained ML model calculated this using model.predict_proba(). The fraud probability is the second class probability: predict_proba(X)[:, 1].

Threshold calculation: P(fraud) = 0.0000. Since 0.0000 < alert_threshold 0.12, the system returns ALLOW and binary fraud prediction = 0.

Decision reason: The transaction risk is below the alert threshold, so it is allowed and only logged.

Top feature evidence:
step = 8.0 | Transaction time step in the simulation.
amount = 9476.25 | Transaction amount. High values can increase fraud risk.
oldbalanceOrg = 9975.0 | Sender balance before the transaction.
newbalanceOrig = 498.75 | Sender balance after the transaction.
oldbalanceDest = 0.0 | Receiver balance before the transaction."
88,07_balance_draining_attack,0.155,0.12,0.3,REVIEW,ALERT,0,1,FN,"step, amount, oldbalanceOrg, newbalanceOrig, oldbalanceDest","P(fraud) = 0.1550. Since alert_threshold 0.12 <= 0.1550 < block_threshold 0.30, the system returns REVIEW and binary fraud prediction = 0.","Scenario pattern: Amount is made close to the sender balance to simulate account draining.

Probability source: The trained ML model calculated this using model.predict_proba(). The fraud probability is the second class probability: predict_proba(X)[:, 1].

Threshold calculation: P(fraud) = 0.1550. Since alert_threshold 0.12 <= 0.1550 < block_threshold 0.30, the system returns REVIEW and binary fraud prediction = 0.

Decision reason: The transaction is suspicious but not risky enough for automatic blocking. It should be sent to manual review or an alert queue.

Top feature evidence:
step = 6.0 | Transaction time step in the simulation.
amount = 16454.8645 | Transaction amount. High values can increase fraud risk.
oldbalanceOrg = 17320.91 | Sender balance before the transaction.
newbalanceOrig = 866.0455000000002 | Sender balance after the transaction.
oldbalanceDest = 0.0 | Receiver balance before the transaction."
89,07_balance_draining_attack,0.105,0.12,0.3,ALLOW,LOG,0,1,FN,"step, amount, oldbalanceOrg, newbalanceOrig, oldbalanceDest","P(fraud) = 0.1050. Since 0.1050 < alert_threshold 0.12, the system returns ALLOW and binary fraud prediction = 0.","Scenario pattern: Amount is made close to the sender balance to simulate account draining.

Probability source: The trained ML model calculated this using model.predict_proba(). The fraud probability is the second class probability: predict_proba(X)[:, 1].

Threshold calculation: P(fraud) = 0.1050. Since 0.1050 < alert_threshold 0.12, the system returns ALLOW and binary fraud prediction = 0.

Decision reason: The transaction risk is below the alert threshold, so it is allowed and only logged.

Top feature evidence:
step = 5.0 | Transaction time step in the simulation.
amount = 57690.2415 | Transaction amount. High values can increase fraud risk.
oldbalanceOrg = 60726.57 | Sender balance before the transaction.
newbalanceOrig = 3036.3285000000033 | Sender balance after the transaction.
oldbalanceDest = 0.0 | Receiver balance before the transaction."
90,07_balance_draining_attack,0.035,0.12,0.3,ALLOW,LOG,0,0,TN,"step, amount, oldbalanceOrg, newbalanceOrig, oldbalanceDest","P(fraud) = 0.0350. Since 0.0350 < alert_threshold 0.12, the system returns ALLOW and binary fraud prediction = 0.","Scenario pattern: Amount is made close to the sender balance to simulate account draining.

Probability source: The trained ML model calculated this using model.predict_proba(). The fraud probability is the second class probability: predict_proba(X)[:, 1].

Threshold calculation: P(fraud) = 0.0350. Since 0.0350 < alert_threshold 0.12, the system returns ALLOW and binary fraud prediction = 0.

Decision reason: The transaction risk is below the alert threshold, so it is allowed and only logged.

Top feature evidence:
step = 8.0 | Transaction time step in the simulation.
amount = 20488.649999999998 | Transaction amount. High values can increase fraud risk.
oldbalanceOrg = 21567.0 | Sender balance before the transaction.
newbalanceOrig = 1078.3500000000022 | Sender balance after the transaction.
oldbalanceDest = 0.0 | Receiver balance before the transaction."
91,07_balance_draining_attack,0.045,0.12,0.3,ALLOW,LOG,0,0,TN,"step, amount, oldbalanceOrg, newbalanceOrig, oldbalanceDest","P(fraud) = 0.0450. Since 0.0450 < alert_threshold 0.12, the system returns ALLOW and binary fraud prediction = 0.","Scenario pattern: Amount is made close to the sender balance to simulate account draining.

Probability source: The trained ML model calculated this using model.predict_proba(). The fraud probability is the second class probability: predict_proba(X)[:, 1].

Threshold calculation: P(fraud) = 0.0450. Since 0.0450 < alert_threshold 0.12, the system returns ALLOW and binary fraud prediction = 0.

Decision reason: The transaction risk is below the alert threshold, so it is allowed and only logged.

Top feature evidence:
step = 8.0 | Transaction time step in the simulation.
amount = 0.0 | Transaction amount. High values can increase fraud risk.
oldbalanceOrg = 0.0 | Sender balance before the transaction.
newbalanceOrig = 0.0 | Sender balance after the transaction.
oldbalanceDest = 2975046.24 | Receiver balance before the transaction."
92,07_balance_draining_attack,0.0,0.12,0.3,ALLOW,LOG,0,0,TN,"step, amount, oldbalanceOrg, newbalanceOrig, oldbalanceDest","P(fraud) = 0.0000. Since 0.0000 < alert_threshold 0.12, the system returns ALLOW and binary fraud prediction = 0.","Scenario pattern: Amount is made close to the sender balance to simulate account draining.

Probability source: The trained ML model calculated this using model.predict_proba(). The fraud probability is the second class probability: predict_proba(X)[:, 1].

Threshold calculation: P(fraud) = 0.0000. Since 0.0000 < alert_threshold 0.12, the system returns ALLOW and binary fraud prediction = 0.

Decision reason: The transaction risk is below the alert threshold, so it is allowed and only logged.

Top feature evidence:
step = 6.0 | Transaction time step in the simulation.
amount = 19008.55 | Transaction amount. High values can increase fraud risk.
oldbalanceOrg = 20009.0 | Sender balance before the transaction.
newbalanceOrig = 1000.4500000000007 | Sender balance after the transaction.
oldbalanceDest = 36054.62 | Receiver balance before the transaction."
93,07_balance_draining_attack,0.02,0.12,0.3,ALLOW,LOG,0,0,TN,"step, amount, oldbalanceOrg, newbalanceOrig, oldbalanceDest","P(fraud) = 0.0200. Since 0.0200 < alert_threshold 0.12, the system returns ALLOW and binary fraud prediction = 0.","Scenario pattern: Amount is made close to the sender balance to simulate account draining.

Probability source: The trained ML model calculated this using model.predict_proba(). The fraud probability is the second class probability: predict_proba(X)[:, 1].

Threshold calculation: P(fraud) = 0.0200. Since 0.0200 < alert_threshold 0.12, the system returns ALLOW and binary fraud prediction = 0.

Decision reason: The transaction risk is below the alert threshold, so it is allowed and only logged.

Top feature evidence:
step = 8.0 | Transaction time step in the simulation.
amount = 0.0 | Transaction amount. High values can increase fraud risk.
oldbalanceOrg = 0.0 | Sender balance before the transaction.
newbalanceOrig = 0.0 | Sender balance after the transaction.
oldbalanceDest = 0.0 | Receiver balance before the transaction."
94,07_balance_draining_attack,0.105,0.12,0.3,ALLOW,LOG,0,1,FN,"step, amount, oldbalanceOrg, newbalanceOrig, oldbalanceDest","P(fraud) = 0.1050. Since 0.1050 < alert_threshold 0.12, the system returns ALLOW and binary fraud prediction = 0.","Scenario pattern: Amount is made close to the sender balance to simulate account draining.

Probability source: The trained ML model calculated this using model.predict_proba(). The fraud probability is the second class probability: predict_proba(X)[:, 1].

Threshold calculation: P(fraud) = 0.1050. Since 0.1050 < alert_threshold 0.12, the system returns ALLOW and binary fraud prediction = 0.

Decision reason: The transaction risk is below the alert threshold, so it is allowed and only logged.

Top feature evidence:
step = 2.0 | Transaction time step in the simulation.
amount = 915355.5329999999 | Transaction amount. High values can increase fraud risk.
oldbalanceOrg = 963532.14 | Sender balance before the transaction.
newbalanceOrig = 48176.60700000008 | Sender balance after the transaction.
oldbalanceDest = 132382.57 | Receiver balance before the transaction."
95,07_balance_draining_attack,0.035,0.12,0.3,ALLOW,LOG,0,1,FN,"step, amount, oldbalanceOrg, newbalanceOrig, oldbalanceDest","P(fraud) = 0.0350. Since 0.0350 < alert_threshold 0.12, the system returns ALLOW and binary fraud prediction = 0.","Scenario pattern: Amount is made close to the sender balance to simulate account draining.

Probability source: The trained ML model calculated this using model.predict_proba(). The fraud probability is the second class probability: predict_proba(X)[:, 1].

Threshold calculation: P(fraud) = 0.0350. Since 0.0350 < alert_threshold 0.12, the system returns ALLOW and binary fraud prediction = 0.

Decision reason: The transaction risk is below the alert threshold, so it is allowed and only logged.

Top feature evidence:
step = 4.0 | Transaction time step in the simulation.
amount = 161444.6435 | Transaction amount. High values can increase fraud risk.
oldbalanceOrg = 169941.73 | Sender balance before the transaction.
newbalanceOrig = 8497.086500000005 | Sender balance after the transaction.
oldbalanceDest = 0.0 | Receiver balance before the transaction."
96,07_balance_draining_attack,0.205,0.12,0.3,REVIEW,ALERT,0,0,TN,"step, amount, oldbalanceOrg, newbalanceOrig, oldbalanceDest","P(fraud) = 0.2050. Since alert_threshold 0.12 <= 0.2050 < block_threshold 0.30, the system returns REVIEW and binary fraud prediction = 0.","Scenario pattern: Amount is made close to the sender balance to simulate account draining.

Probability source: The trained ML model calculated this using model.predict_proba(). The fraud probability is the second class probability: predict_proba(X)[:, 1].

Threshold calculation: P(fraud) = 0.2050. Since alert_threshold 0.12 <= 0.2050 < block_threshold 0.30, the system returns REVIEW and binary fraud prediction = 0.

Decision reason: The transaction is suspicious but not risky enough for automatic blocking. It should be sent to manual review or an alert queue.

Top feature evidence:
step = 6.0 | Transaction time step in the simulation.
amount = 3652511.151 | Transaction amount. High values can increase fraud risk.
oldbalanceOrg = 3844748.58 | Sender balance before the transaction.
newbalanceOrig = 192237.429 | Sender balance after the transaction.
oldbalanceDest = 42105.0 | Receiver balance before the transaction."
97,07_balance_draining_attack,0.015,0.12,0.3,ALLOW,LOG,0,0,TN,"step, amount, oldbalanceOrg, newbalanceOrig, oldbalanceDest","P(fraud) = 0.0150. Since 0.0150 < alert_threshold 0.12, the system returns ALLOW and binary fraud prediction = 0.","Scenario pattern: Amount is made close to the sender balance to simulate account draining.

Probability source: The trained ML model calculated this using model.predict_proba(). The fraud probability is the second class probability: predict_proba(X)[:, 1].

Threshold calculation: P(fraud) = 0.0150. Since 0.0150 < alert_threshold 0.12, the system returns ALLOW and binary fraud prediction = 0.

Decision reason: The transaction risk is below the alert threshold, so it is allowed and only logged.

Top feature evidence:
step = 7.0 | Transaction time step in the simulation.
amount = 0.0 | Transaction amount. High values can increase fraud risk.
oldbalanceOrg = 0.0 | Sender balance before the transaction.
newbalanceOrig = 0.0 | Sender balance after the transaction.
oldbalanceDest = 0.0 | Receiver balance before the transaction."
98,07_balance_draining_attack,0.005,0.12,0.3,ALLOW,LOG,0,0,TN,"step, amount, oldbalanceOrg, newbalanceOrig, oldbalanceDest","P(fraud) = 0.0050. Since 0.0050 < alert_threshold 0.12, the system returns ALLOW and binary fraud prediction = 0.","Scenario pattern: Amount is made close to the sender balance to simulate account draining.

Probability source: The trained ML model calculated this using model.predict_proba(). The fraud probability is the second class probability: predict_proba(X)[:, 1].

Threshold calculation: P(fraud) = 0.0050. Since 0.0050 < alert_threshold 0.12, the system returns ALLOW and binary fraud prediction = 0.

Decision reason: The transaction risk is below the alert threshold, so it is allowed and only logged.

Top feature evidence:
step = 7.0 | Transaction time step in the simulation.
amount = 49499.75 | Transaction amount. High values can increase fraud risk.
oldbalanceOrg = 52105.0 | Sender balance before the transaction.
newbalanceOrig = 2605.25 | Sender balance after the transaction.
oldbalanceDest = 0.0 | Receiver balance before the transaction."
99,07_balance_draining_attack,0.0,0.12,0.3,ALLOW,LOG,0,0,TN,"step, amount, oldbalanceOrg, newbalanceOrig, oldbalanceDest","P(fraud) = 0.0000. Since 0.0000 < alert_threshold 0.12, the system returns ALLOW and binary fraud prediction = 0.","Scenario pattern: Amount is made close to the sender balance to simulate account draining.

Probability source: The trained ML model calculated this using model.predict_proba(). The fraud probability is the second class probability: predict_proba(X)[:, 1].

Threshold calculation: P(fraud) = 0.0000. Since 0.0000 < alert_threshold 0.12, the system returns ALLOW and binary fraud prediction = 0.

Decision reason: The transaction risk is below the alert threshold, so it is allowed and only logged.

Top feature evidence:
step = 8.0 | Transaction time step in the simulation.
amount = 93209.25 | Transaction amount. High values can increase fraud risk.
oldbalanceOrg = 98115.0 | Sender balance before the transaction.
newbalanceOrig = 4905.75 | Sender balance after the transaction.
oldbalanceDest = 280233.57 | Receiver balance before the transaction."
100,07_balance_draining_attack,0.035,0.12,0.3,ALLOW,LOG,0,0,TN,"step, amount, oldbalanceOrg, newbalanceOrig, oldbalanceDest","P(fraud) = 0.0350. Since 0.0350 < alert_threshold 0.12, the system returns ALLOW and binary fraud prediction = 0.","Scenario pattern: Amount is made close to the sender balance to simulate account draining.

Probability source: The trained ML model calculated this using model.predict_proba(). The fraud probability is the second class probability: predict_proba(X)[:, 1].

Threshold calculation: P(fraud) = 0.0350. Since 0.0350 < alert_threshold 0.12, the system returns ALLOW and binary fraud prediction = 0.

Decision reason: The transaction risk is below the alert threshold, so it is allowed and only logged.

Top feature evidence:
step = 8.0 | Transaction time step in the simulation.
amount = 0.0 | Transaction amount. High values can increase fraud risk.
oldbalanceOrg = 0.0 | Sender balance before the transaction.
newbalanceOrig = 0.0 | Sender balance after the transaction.
oldbalanceDest = 714399.19 | Receiver balance before the transaction."
101,07_balance_draining_attack,0.0,0.12,0.3,ALLOW,LOG,0,0,TN,"step, amount, oldbalanceOrg, newbalanceOrig, oldbalanceDest","P(fraud) = 0.0000. Since 0.0000 < alert_threshold 0.12, the system returns ALLOW and binary fraud prediction = 0.","Scenario pattern: Amount is made close to the sender balance to simulate account draining.

Probability source: The trained ML model calculated this using model.predict_proba(). The fraud probability is the second class probability: predict_proba(X)[:, 1].

Threshold calculation: P(fraud) = 0.0000. Since 0.0000 < alert_threshold 0.12, the system returns ALLOW and binary fraud prediction = 0.

Decision reason: The transaction risk is below the alert threshold, so it is allowed and only logged.

Top feature evidence:
step = 8.0 | Transaction time step in the simulation.
amount = 17574.05 | Transaction amount. High values can increase fraud risk.
oldbalanceOrg = 18499.0 | Sender balance before the transaction.
newbalanceOrig = 924.9500000000007 | Sender balance after the transaction.
oldbalanceDest = 0.0 | Receiver balance before the transaction."
102,07_balance_draining_attack,0.365,0.12,0.3,BLOCK,BLOCK,1,1,TP,"step, amount, oldbalanceOrg, newbalanceOrig, oldbalanceDest","P(fraud) = 0.3650. Since 0.3650 >= block_threshold 0.30, the system returns BLOCK and binary fraud prediction = 1.","Scenario pattern: Amount is made close to the sender balance to simulate account draining.

Probability source: The trained ML model calculated this using model.predict_proba(). The fraud probability is the second class probability: predict_proba(X)[:, 1].

Threshold calculation: P(fraud) = 0.3650. Since 0.3650 >= block_threshold 0.30, the system returns BLOCK and binary fraud prediction = 1.

Decision reason: Fraud was detected because the model probability passed the blocking threshold. The transaction should be stopped immediately.

Top feature evidence:
step = 8.0 | Transaction time step in the simulation.
amount = 0.0 | Transaction amount. High values can increase fraud risk.
oldbalanceOrg = 0.0 | Sender balance before the transaction.
newbalanceOrig = 0.0 | Sender balance after the transaction.
oldbalanceDest = 0.0 | Receiver balance before the transaction."
103,07_balance_draining_attack,0.035,0.12,0.3,ALLOW,LOG,0,0,TN,"step, amount, oldbalanceOrg, newbalanceOrig, oldbalanceDest","P(fraud) = 0.0350. Since 0.0350 < alert_threshold 0.12, the system returns ALLOW and binary fraud prediction = 0.","Scenario pattern: Amount is made close to the sender balance to simulate account draining.

Probability source: The trained ML model calculated this using model.predict_proba(). The fraud probability is the second class probability: predict_proba(X)[:, 1].

Threshold calculation: P(fraud) = 0.0350. Since 0.0350 < alert_threshold 0.12, the system returns ALLOW and binary fraud prediction = 0.

Decision reason: The transaction risk is below the alert threshold, so it is allowed and only logged.

Top feature evidence:
step = 8.0 | Transaction time step in the simulation.
amount = 6752.8565 | Transaction amount. High values can increase fraud risk.
oldbalanceOrg = 7108.27 | Sender balance before the transaction.
newbalanceOrig = 355.41350000000057 | Sender balance after the transaction.
oldbalanceDest = 25306.29 | Receiver balance before the transaction."
104,07_balance_draining_attack,0.005,0.12,0.3,ALLOW,LOG,0,0,TN,"step, amount, oldbalanceOrg, newbalanceOrig, oldbalanceDest","P(fraud) = 0.0050. Since 0.0050 < alert_threshold 0.12, the system returns ALLOW and binary fraud prediction = 0.","Scenario pattern: Amount is made close to the sender balance to simulate account draining.

Probability source: The trained ML model calculated this using model.predict_proba(). The fraud probability is the second class probability: predict_proba(X)[:, 1].

Threshold calculation: P(fraud) = 0.0050. Since 0.0050 < alert_threshold 0.12, the system returns ALLOW and binary fraud prediction = 0.

Decision reason: The transaction risk is below the alert threshold, so it is allowed and only logged.

Top feature evidence:
step = 7.0 | Transaction time step in the simulation.
amount = 28876.199999999997 | Transaction amount. High values can increase fraud risk.
oldbalanceOrg = 30396.0 | Sender balance before the transaction.
newbalanceOrig = 1519.800000000003 | Sender balance after the transaction.
oldbalanceDest = 0.0 | Receiver balance before the transaction."
105,07_balance_draining_attack,0.025,0.12,0.3,ALLOW,LOG,0,0,TN,"step, amount, oldbalanceOrg, newbalanceOrig, oldbalanceDest","P(fraud) = 0.0250. Since 0.0250 < alert_threshold 0.12, the system returns ALLOW and binary fraud prediction = 0.","Scenario pattern: Amount is made close to the sender balance to simulate account draining.

Probability source: The trained ML model calculated this using model.predict_proba(). The fraud probability is the second class probability: predict_proba(X)[:, 1].

Threshold calculation: P(fraud) = 0.0250. Since 0.0250 < alert_threshold 0.12, the system returns ALLOW and binary fraud prediction = 0.

Decision reason: The transaction risk is below the alert threshold, so it is allowed and only logged.

Top feature evidence:
step = 7.0 | Transaction time step in the simulation.
amount = 19125.399999999998 | Transaction amount. High values can increase fraud risk.
oldbalanceOrg = 20132.0 | Sender balance before the transaction.
newbalanceOrig = 1006.6000000000022 | Sender balance after the transaction.
oldbalanceDest = 1198.0 | Receiver balance before the transaction."
106,07_balance_draining_attack,0.0,0.12,0.3,ALLOW,LOG,0,0,TN,"step, amount, oldbalanceOrg, newbalanceOrig, oldbalanceDest","P(fraud) = 0.0000. Since 0.0000 < alert_threshold 0.12, the system returns ALLOW and binary fraud prediction = 0.","Scenario pattern: Amount is made close to the sender balance to simulate account draining.

Probability source: The trained ML model calculated this using model.predict_proba(). The fraud probability is the second class probability: predict_proba(X)[:, 1].

Threshold calculation: P(fraud) = 0.0000. Since 0.0000 < alert_threshold 0.12, the system returns ALLOW and binary fraud prediction = 0.

Decision reason: The transaction risk is below the alert threshold, so it is allowed and only logged.

Top feature evidence:
step = 6.0 | Transaction time step in the simulation.
amount = 32309.614 | Transaction amount. High values can increase fraud risk.
oldbalanceOrg = 34010.12 | Sender balance before the transaction.
newbalanceOrig = 1700.5060000000012 | Sender balance after the transaction.
oldbalanceDest = 0.0 | Receiver balance before the transaction."
107,07_balance_draining_attack,0.185,0.12,0.3,REVIEW,ALERT,0,1,FN,"step, amount, oldbalanceOrg, newbalanceOrig, oldbalanceDest","P(fraud) = 0.1850. Since alert_threshold 0.12 <= 0.1850 < block_threshold 0.30, the system returns REVIEW and binary fraud prediction = 0.","Scenario pattern: Amount is made close to the sender balance to simulate account draining.

Probability source: The trained ML model calculated this using model.predict_proba(). The fraud probability is the second class probability: predict_proba(X)[:, 1].

Threshold calculation: P(fraud) = 0.1850. Since alert_threshold 0.12 <= 0.1850 < block_threshold 0.30, the system returns REVIEW and binary fraud prediction = 0.

Decision reason: The transaction is suspicious but not risky enough for automatic blocking. It should be sent to manual review or an alert queue.

Top feature evidence:
step = 5.0 | Transaction time step in the simulation.
amount = 9613.4965 | Transaction amount. High values can increase fraud risk.
oldbalanceOrg = 10119.47 | Sender balance before the transaction.
newbalanceOrig = 505.97350000000006 | Sender balance after the transaction.
oldbalanceDest = 0.0 | Receiver balance before the transaction."
108,07_balance_draining_attack,0.0,0.12,0.3,ALLOW,LOG,0,0,TN,"step, amount, oldbalanceOrg, newbalanceOrig, oldbalanceDest","P(fraud) = 0.0000. Since 0.0000 < alert_threshold 0.12, the system returns ALLOW and binary fraud prediction = 0.","Scenario pattern: Amount is made close to the sender balance to simulate account draining.

Probability source: The trained ML model calculated this using model.predict_proba(). The fraud probability is the second class probability: predict_proba(X)[:, 1].

Threshold calculation: P(fraud) = 0.0000. Since 0.0000 < alert_threshold 0.12, the system returns ALLOW and binary fraud prediction = 0.

Decision reason: The transaction risk is below the alert threshold, so it is allowed and only logged.

Top feature evidence:
step = 7.0 | Transaction time step in the simulation.
amount = 11348.699999999999 | Transaction amount. High values can increase fraud risk.
oldbalanceOrg = 11946.0 | Sender balance before the transaction.
newbalanceOrig = 597.3000000000011 | Sender balance after the transaction.
oldbalanceDest = 0.0 | Receiver balance before the transaction."
109,07_balance_draining_attack,0.0,0.12,0.3,ALLOW,LOG,0,0,TN,"step, amount, oldbalanceOrg, newbalanceOrig, oldbalanceDest","P(fraud) = 0.0000. Since 0.0000 < alert_threshold 0.12, the system returns ALLOW and binary fraud prediction = 0.","Scenario pattern: Amount is made close to the sender balance to simulate account draining.

Probability source: The trained ML model calculated this using model.predict_proba(). The fraud probability is the second class probability: predict_proba(X)[:, 1].

Threshold calculation: P(fraud) = 0.0000. Since 0.0000 < alert_threshold 0.12, the system returns ALLOW and binary fraud prediction = 0.

Decision reason: The transaction risk is below the alert threshold, so it is allowed and only logged.

Top feature evidence:
step = 8.0 | Transaction time step in the simulation.
amount = 10090.9 | Transaction amount. High values can increase fraud risk.
oldbalanceOrg = 10622.0 | Sender balance before the transaction.
newbalanceOrig = 531.1000000000004 | Sender balance after the transaction.
oldbalanceDest = 0.0 | Receiver balance before the transaction."
110,07_balance_draining_attack,0.035,0.12,0.3,ALLOW,LOG,0,0,TN,"step, amount, oldbalanceOrg, newbalanceOrig, oldbalanceDest","P(fraud) = 0.0350. Since 0.0350 < alert_threshold 0.12, the system returns ALLOW and binary fraud prediction = 0.","Scenario pattern: Amount is made close to the sender balance to simulate account draining.

Probability source: The trained ML model calculated this using model.predict_proba(). The fraud probability is the second class probability: predict_proba(X)[:, 1].

Threshold calculation: P(fraud) = 0.0350. Since 0.0350 < alert_threshold 0.12, the system returns ALLOW and binary fraud prediction = 0.

Decision reason: The transaction risk is below the alert threshold, so it is allowed and only logged.

Top feature evidence:
step = 8.0 | Transaction time step in the simulation.
amount = 0.0 | Transaction amount. High values can increase fraud risk.
oldbalanceOrg = 0.0 | Sender balance before the transaction.
newbalanceOrig = 0.0 | Sender balance after the transaction.
oldbalanceDest = 2933657.37 | Receiver balance before the transaction."
111,07_balance_draining_attack,0.17,0.12,0.3,REVIEW,ALERT,0,0,TN,"step, amount, oldbalanceOrg, newbalanceOrig, oldbalanceDest","P(fraud) = 0.1700. Since alert_threshold 0.12 <= 0.1700 < block_threshold 0.30, the system returns REVIEW and binary fraud prediction = 0.","Scenario pattern: Amount is made close to the sender balance to simulate account draining.

Probability source: The trained ML model calculated this using model.predict_proba(). The fraud probability is the second class probability: predict_proba(X)[:, 1].

Threshold calculation: P(fraud) = 0.1700. Since alert_threshold 0.12 <= 0.1700 < block_threshold 0.30, the system returns REVIEW and binary fraud prediction = 0.

Decision reason: The transaction is suspicious but not risky enough for automatic blocking. It should be sent to manual review or an alert queue.

Top feature evidence:
step = 8.0 | Transaction time step in the simulation.
amount = 2418839.9729999998 | Transaction amount. High values can increase fraud risk.
oldbalanceOrg = 2546147.34 | Sender balance before the transaction.
newbalanceOrig = 127307.36700000009 | Sender balance after the transaction.
oldbalanceDest = 163248.52 | Receiver balance before the transaction."
112,07_balance_draining_attack,0.04,0.12,0.3,ALLOW,LOG,0,0,TN,"step, amount, oldbalanceOrg, newbalanceOrig, oldbalanceDest","P(fraud) = 0.0400. Since 0.0400 < alert_threshold 0.12, the system returns ALLOW and binary fraud prediction = 0.","Scenario pattern: Amount is made close to the sender balance to simulate account draining.

Probability source: The trained ML model calculated this using model.predict_proba(). The fraud probability is the second class probability: predict_proba(X)[:, 1].

Threshold calculation: P(fraud) = 0.0400. Since 0.0400 < alert_threshold 0.12, the system returns ALLOW and binary fraud prediction = 0.

Decision reason: The transaction risk is below the alert threshold, so it is allowed and only logged.

Top feature evidence:
step = 8.0 | Transaction time step in the simulation.
amount = 954696.135 | Transaction amount. High values can increase fraud risk.
oldbalanceOrg = 1004943.3 | Sender balance before the transaction.
newbalanceOrig = 50247.16500000004 | Sender balance after the transaction.
oldbalanceDest = 975327.11 | Receiver balance before the transaction."
113,07_balance_draining_attack,0.0,0.12,0.3,ALLOW,LOG,0,0,TN,"step, amount, oldbalanceOrg, newbalanceOrig, oldbalanceDest","P(fraud) = 0.0000. Since 0.0000 < alert_threshold 0.12, the system returns ALLOW and binary fraud prediction = 0.","Scenario pattern: Amount is made close to the sender balance to simulate account draining.

Probability source: The trained ML model calculated this using model.predict_proba(). The fraud probability is the second class probability: predict_proba(X)[:, 1].

Threshold calculation: P(fraud) = 0.0000. Since 0.0000 < alert_threshold 0.12, the system returns ALLOW and binary fraud prediction = 0.

Decision reason: The transaction risk is below the alert threshold, so it is allowed and only logged.

Top feature evidence:
step = 8.0 | Transaction time step in the simulation.
amount = 4581.849999999999 | Transaction amount. High values can increase fraud risk.
oldbalanceOrg = 4823.0 | Sender balance before the transaction.
newbalanceOrig = 241.15000000000055 | Sender balance after the transaction.
oldbalanceDest = 0.0 | Receiver balance before the transaction."
114,07_balance_draining_attack,0.01,0.12,0.3,ALLOW,LOG,0,0,TN,"step, amount, oldbalanceOrg, newbalanceOrig, oldbalanceDest","P(fraud) = 0.0100. Since 0.0100 < alert_threshold 0.12, the system returns ALLOW and binary fraud prediction = 0.","Scenario pattern: Amount is made close to the sender balance to simulate account draining.

Probability source: The trained ML model calculated this using model.predict_proba(). The fraud probability is the second class probability: predict_proba(X)[:, 1].

Threshold calculation: P(fraud) = 0.0100. Since 0.0100 < alert_threshold 0.12, the system returns ALLOW and binary fraud prediction = 0.

Decision reason: The transaction risk is below the alert threshold, so it is allowed and only logged.

Top feature evidence:
step = 1.0 | Transaction time step in the simulation.
amount = 360484.14999999997 | Transaction amount. High values can increase fraud risk.
oldbalanceOrg = 379457.0 | Sender balance before the transaction.
newbalanceOrig = 18972.850000000035 | Sender balance after the transaction.
oldbalanceDest = 0.0 | Receiver balance before the transaction."
115,07_balance_draining_attack,0.0,0.12,0.3,ALLOW,LOG,0,0,TN,"step, amount, oldbalanceOrg, newbalanceOrig, oldbalanceDest","P(fraud) = 0.0000. Since 0.0000 < alert_threshold 0.12, the system returns ALLOW and binary fraud prediction = 0.","Scenario pattern: Amount is made close to the sender balance to simulate account draining.

Probability source: The trained ML model calculated this using model.predict_proba(). The fraud probability is the second class probability: predict_proba(X)[:, 1].

Threshold calculation: P(fraud) = 0.0000. Since 0.0000 < alert_threshold 0.12, the system returns ALLOW and binary fraud prediction = 0.

Decision reason: The transaction risk is below the alert threshold, so it is allowed and only logged.

Top feature evidence:
step = 7.0 | Transaction time step in the simulation.
amount = 6547.533 | Transaction amount. High values can increase fraud risk.
oldbalanceOrg = 6892.14 | Sender balance before the transaction.
newbalanceOrig = 344.60699999999997 | Sender balance after the transaction.
oldbalanceDest = 0.0 | Receiver balance before the transaction."
116,07_balance_draining_attack,0.0,0.12,0.3,ALLOW,LOG,0,0,TN,"step, amount, oldbalanceOrg, newbalanceOrig, oldbalanceDest","P(fraud) = 0.0000. Since 0.0000 < alert_threshold 0.12, the system returns ALLOW and binary fraud prediction = 0.","Scenario pattern: Amount is made close to the sender balance to simulate account draining.

Probability source: The trained ML model calculated this using model.predict_proba(). The fraud probability is the second class probability: predict_proba(X)[:, 1].

Threshold calculation: P(fraud) = 0.0000. Since 0.0000 < alert_threshold 0.12, the system returns ALLOW and binary fraud prediction = 0.

Decision reason: The transaction risk is below the alert threshold, so it is allowed and only logged.

Top feature evidence:
step = 8.0 | Transaction time step in the simulation.
amount = 2874.7 | Transaction amount. High values can increase fraud risk.
oldbalanceOrg = 3026.0 | Sender balance before the transaction.
newbalanceOrig = 151.30000000000018 | Sender balance after the transaction.
oldbalanceDest = 0.0 | Receiver balance before the transaction."
117,07_balance_draining_attack,0.005,0.12,0.3,ALLOW,LOG,0,0,TN,"step, amount, oldbalanceOrg, newbalanceOrig, oldbalanceDest","P(fraud) = 0.0050. Since 0.0050 < alert_threshold 0.12, the system returns ALLOW and binary fraud prediction = 0.","Scenario pattern: Amount is made close to the sender balance to simulate account draining.

Probability source: The trained ML model calculated this using model.predict_proba(). The fraud probability is the second class probability: predict_proba(X)[:, 1].

Threshold calculation: P(fraud) = 0.0050. Since 0.0050 < alert_threshold 0.12, the system returns ALLOW and binary fraud prediction = 0.

Decision reason: The transaction risk is below the alert threshold, so it is allowed and only logged.

Top feature evidence:
step = 7.0 | Transaction time step in the simulation.
amount = 24563.067 | Transaction amount. High values can increase fraud risk.
oldbalanceOrg = 25855.86 | Sender balance before the transaction.
newbalanceOrig = 1292.7930000000015 | Sender balance after the transaction.
oldbalanceDest = 0.0 | Receiver balance before the transaction."
118,07_balance_draining_attack,0.04,0.12,0.3,ALLOW,LOG,0,0,TN,"step, amount, oldbalanceOrg, newbalanceOrig, oldbalanceDest","P(fraud) = 0.0400. Since 0.0400 < alert_threshold 0.12, the system returns ALLOW and binary fraud prediction = 0.","Scenario pattern: Amount is made close to the sender balance to simulate account draining.

Probability source: The trained ML model calculated this using model.predict_proba(). The fraud probability is the second class probability: predict_proba(X)[:, 1].

Threshold calculation: P(fraud) = 0.0400. Since 0.0400 < alert_threshold 0.12, the system returns ALLOW and binary fraud prediction = 0.

Decision reason: The transaction risk is below the alert threshold, so it is allowed and only logged.

Top feature evidence:
step = 8.0 | Transaction time step in the simulation.
amount = 0.0 | Transaction amount. High values can increase fraud risk.
oldbalanceOrg = 0.0 | Sender balance before the transaction.
newbalanceOrig = 0.0 | Sender balance after the transaction.
oldbalanceDest = 1656682.83 | Receiver balance before the transaction."
119,07_balance_draining_attack,0.0,0.12,0.3,ALLOW,LOG,0,0,TN,"step, amount, oldbalanceOrg, newbalanceOrig, oldbalanceDest","P(fraud) = 0.0000. Since 0.0000 < alert_threshold 0.12, the system returns ALLOW and binary fraud prediction = 0.","Scenario pattern: Amount is made close to the sender balance to simulate account draining.

Probability source: The trained ML model calculated this using model.predict_proba(). The fraud probability is the second class probability: predict_proba(X)[:, 1].

Threshold calculation: P(fraud) = 0.0000. Since 0.0000 < alert_threshold 0.12, the system returns ALLOW and binary fraud prediction = 0.

Decision reason: The transaction risk is below the alert threshold, so it is allowed and only logged.

Top feature evidence:
step = 8.0 | Transaction time step in the simulation.
amount = 0.0 | Transaction amount. High values can increase fraud risk.
oldbalanceOrg = 0.0 | Sender balance before the transaction.
newbalanceOrig = 0.0 | Sender balance after the transaction.
oldbalanceDest = 0.0 | Receiver balance before the transaction."
120,07_balance_draining_attack,0.0,0.12,0.3,ALLOW,LOG,0,0,TN,"step, amount, oldbalanceOrg, newbalanceOrig, oldbalanceDest","P(fraud) = 0.0000. Since 0.0000 < alert_threshold 0.12, the system returns ALLOW and binary fraud prediction = 0.","Scenario pattern: Amount is made close to the sender balance to simulate account draining.

Probability source: The trained ML model calculated this using model.predict_proba(). The fraud probability is the second class probability: predict_proba(X)[:, 1].

Threshold calculation: P(fraud) = 0.0000. Since 0.0000 < alert_threshold 0.12, the system returns ALLOW and binary fraud prediction = 0.

Decision reason: The transaction risk is below the alert threshold, so it is allowed and only logged.

Top feature evidence:
step = 8.0 | Transaction time step in the simulation.
amount = 3292.7 | Transaction amount. High values can increase fraud risk.
oldbalanceOrg = 3466.0 | Sender balance before the transaction.
newbalanceOrig = 173.30000000000018 | Sender balance after the transaction.
oldbalanceDest = 0.0 | Receiver balance before the transaction."
121,07_balance_draining_attack,0.02,0.12,0.3,ALLOW,LOG,0,0,TN,"step, amount, oldbalanceOrg, newbalanceOrig, oldbalanceDest","P(fraud) = 0.0200. Since 0.0200 < alert_threshold 0.12, the system returns ALLOW and binary fraud prediction = 0.","Scenario pattern: Amount is made close to the sender balance to simulate account draining.

Probability source: The trained ML model calculated this using model.predict_proba(). The fraud probability is the second class probability: predict_proba(X)[:, 1].

Threshold calculation: P(fraud) = 0.0200. Since 0.0200 < alert_threshold 0.12, the system returns ALLOW and binary fraud prediction = 0.

Decision reason: The transaction risk is below the alert threshold, so it is allowed and only logged.

Top feature evidence:
step = 7.0 | Transaction time step in the simulation.
amount = 292.59999999999997 | Transaction amount. High values can increase fraud risk.
oldbalanceOrg = 308.0 | Sender balance before the transaction.
newbalanceOrig = 15.400000000000034 | Sender balance after the transaction.
oldbalanceDest = 0.0 | Receiver balance before the transaction."
122,07_balance_draining_attack,0.105,0.12,0.3,ALLOW,LOG,0,0,TN,"step, amount, oldbalanceOrg, newbalanceOrig, oldbalanceDest","P(fraud) = 0.1050. Since 0.1050 < alert_threshold 0.12, the system returns ALLOW and binary fraud prediction = 0.","Scenario pattern: Amount is made close to the sender balance to simulate account draining.

Probability source: The trained ML model calculated this using model.predict_proba(). The fraud probability is the second class probability: predict_proba(X)[:, 1].

Threshold calculation: P(fraud) = 0.1050. Since 0.1050 < alert_threshold 0.12, the system returns ALLOW and binary fraud prediction = 0.

Decision reason: The transaction risk is below the alert threshold, so it is allowed and only logged.

Top feature evidence:
step = 7.0 | Transaction time step in the simulation.
amount = 1241328.2825 | Transaction amount. High values can increase fraud risk.
oldbalanceOrg = 1306661.35 | Sender balance before the transaction.
newbalanceOrig = 65333.06750000012 | Sender balance after the transaction.
oldbalanceDest = 637765.96 | Receiver balance before the transaction."
123,07_balance_draining_attack,0.005,0.12,0.3,ALLOW,LOG,0,0,TN,"step, amount, oldbalanceOrg, newbalanceOrig, oldbalanceDest","P(fraud) = 0.0050. Since 0.0050 < alert_threshold 0.12, the system returns ALLOW and binary fraud prediction = 0.","Scenario pattern: Amount is made close to the sender balance to simulate account draining.

Probability source: The trained ML model calculated this using model.predict_proba(). The fraud probability is the second class probability: predict_proba(X)[:, 1].

Threshold calculation: P(fraud) = 0.0050. Since 0.0050 < alert_threshold 0.12, the system returns ALLOW and binary fraud prediction = 0.

Decision reason: The transaction risk is below the alert threshold, so it is allowed and only logged.

Top feature evidence:
step = 7.0 | Transaction time step in the simulation.
amount = 98287.0 | Transaction amount. High values can increase fraud risk.
oldbalanceOrg = 103460.0 | Sender balance before the transaction.
newbalanceOrig = 5173.0 | Sender balance after the transaction.
oldbalanceDest = 0.0 | Receiver balance before the transaction."
124,07_balance_draining_attack,0.005,0.12,0.3,ALLOW,LOG,0,0,TN,"step, amount, oldbalanceOrg, newbalanceOrig, oldbalanceDest","P(fraud) = 0.0050. Since 0.0050 < alert_threshold 0.12, the system returns ALLOW and binary fraud prediction = 0.","Scenario pattern: Amount is made close to the sender balance to simulate account draining.

Probability source: The trained ML model calculated this using model.predict_proba(). The fraud probability is the second class probability: predict_proba(X)[:, 1].

Threshold calculation: P(fraud) = 0.0050. Since 0.0050 < alert_threshold 0.12, the system returns ALLOW and binary fraud prediction = 0.

Decision reason: The transaction risk is below the alert threshold, so it is allowed and only logged.

Top feature evidence:
step = 8.0 | Transaction time step in the simulation.
amount = 29684.649999999998 | Transaction amount. High values can increase fraud risk.
oldbalanceOrg = 31247.0 | Sender balance before the transaction.
newbalanceOrig = 1562.3500000000022 | Sender balance after the transaction.
oldbalanceDest = 0.0 | Receiver balance before the transaction."
125,07_balance_draining_attack,0.04,0.12,0.3,ALLOW,LOG,0,0,TN,"step, amount, oldbalanceOrg, newbalanceOrig, oldbalanceDest","P(fraud) = 0.0400. Since 0.0400 < alert_threshold 0.12, the system returns ALLOW and binary fraud prediction = 0.","Scenario pattern: Amount is made close to the sender balance to simulate account draining.

Probability source: The trained ML model calculated this using model.predict_proba(). The fraud probability is the second class probability: predict_proba(X)[:, 1].

Threshold calculation: P(fraud) = 0.0400. Since 0.0400 < alert_threshold 0.12, the system returns ALLOW and binary fraud prediction = 0.

Decision reason: The transaction risk is below the alert threshold, so it is allowed and only logged.

Top feature evidence:
step = 8.0 | Transaction time step in the simulation.
amount = 20079.2 | Transaction amount. High values can increase fraud risk.
oldbalanceOrg = 21136.0 | Sender balance before the transaction.
newbalanceOrig = 1056.7999999999993 | Sender balance after the transaction.
oldbalanceDest = 7641.79 | Receiver balance before the transaction."
126,07_balance_draining_attack,0.12,0.12,0.3,REVIEW,ALERT,0,1,FN,"step, amount, oldbalanceOrg, newbalanceOrig, oldbalanceDest","P(fraud) = 0.1200. Since alert_threshold 0.12 <= 0.1200 < block_threshold 0.30, the system returns REVIEW and binary fraud prediction = 0.","Scenario pattern: Amount is made close to the sender balance to simulate account draining.

Probability source: The trained ML model calculated this using model.predict_proba(). The fraud probability is the second class probability: predict_proba(X)[:, 1].

Threshold calculation: P(fraud) = 0.1200. Since alert_threshold 0.12 <= 0.1200 < block_threshold 0.30, the system returns REVIEW and binary fraud prediction = 0.

Decision reason: The transaction is suspicious but not risky enough for automatic blocking. It should be sent to manual review or an alert queue.

Top feature evidence:
step = 7.0 | Transaction time step in the simulation.
amount = 20642.55 | Transaction amount. High values can increase fraud risk.
oldbalanceOrg = 21729.0 | Sender balance before the transaction.
newbalanceOrig = 1086.4500000000007 | Sender balance after the transaction.
oldbalanceDest = 27335.0 | Receiver balance before the transaction."
127,07_balance_draining_attack,0.16,0.12,0.3,REVIEW,ALERT,0,0,TN,"step, amount, oldbalanceOrg, newbalanceOrig, oldbalanceDest","P(fraud) = 0.1600. Since alert_threshold 0.12 <= 0.1600 < block_threshold 0.30, the system returns REVIEW and binary fraud prediction = 0.","Scenario pattern: Amount is made close to the sender balance to simulate account draining.

Probability source: The trained ML model calculated this using model.predict_proba(). The fraud probability is the second class probability: predict_proba(X)[:, 1].

Threshold calculation: P(fraud) = 0.1600. Since alert_threshold 0.12 <= 0.1600 < block_threshold 0.30, the system returns REVIEW and binary fraud prediction = 0.

Decision reason: The transaction is suspicious but not risky enough for automatic blocking. It should be sent to manual review or an alert queue.

Top feature evidence:
step = 1.0 | Transaction time step in the simulation.
amount = 3187705.8194999998 | Transaction amount. High values can increase fraud risk.
oldbalanceOrg = 3355479.81 | Sender balance before the transaction.
newbalanceOrig = 167773.9905000003 | Sender balance after the transaction.
oldbalanceDest = 4856516.62 | Receiver balance before the transaction."
128,07_balance_draining_attack,0.005,0.12,0.3,ALLOW,LOG,0,0,TN,"step, amount, oldbalanceOrg, newbalanceOrig, oldbalanceDest","P(fraud) = 0.0050. Since 0.0050 < alert_threshold 0.12, the system returns ALLOW and binary fraud prediction = 0.","Scenario pattern: Amount is made close to the sender balance to simulate account draining.

Probability source: The trained ML model calculated this using model.predict_proba(). The fraud probability is the second class probability: predict_proba(X)[:, 1].

Threshold calculation: P(fraud) = 0.0050. Since 0.0050 < alert_threshold 0.12, the system returns ALLOW and binary fraud prediction = 0.

Decision reason: The transaction risk is below the alert threshold, so it is allowed and only logged.

Top feature evidence:
step = 8.0 | Transaction time step in the simulation.
amount = 0.0 | Transaction amount. High values can increase fraud risk.
oldbalanceOrg = 0.0 | Sender balance before the transaction.
newbalanceOrig = 0.0 | Sender balance after the transaction.
oldbalanceDest = 0.0 | Receiver balance before the transaction."
129,07_balance_draining_attack,0.0,0.12,0.3,ALLOW,LOG,0,0,TN,"step, amount, oldbalanceOrg, newbalanceOrig, oldbalanceDest","P(fraud) = 0.0000. Since 0.0000 < alert_threshold 0.12, the system returns ALLOW and binary fraud prediction = 0.","Scenario pattern: Amount is made close to the sender balance to simulate account draining.

Probability source: The trained ML model calculated this using model.predict_proba(). The fraud probability is the second class probability: predict_proba(X)[:, 1].

Threshold calculation: P(fraud) = 0.0000. Since 0.0000 < alert_threshold 0.12, the system returns ALLOW and binary fraud prediction = 0.

Decision reason: The transaction risk is below the alert threshold, so it is allowed and only logged.

Top feature evidence:
step = 6.0 | Transaction time step in the simulation.
amount = 12615.05 | Transaction amount. High values can increase fraud risk.
oldbalanceOrg = 13279.0 | Sender balance before the transaction.
newbalanceOrig = 663.9500000000007 | Sender balance after the transaction.
oldbalanceDest = 0.0 | Receiver balance before the transaction."
130,07_balance_draining_attack,0.0,0.12,0.3,ALLOW,LOG,0,0,TN,"step, amount, oldbalanceOrg, newbalanceOrig, oldbalanceDest","P(fraud) = 0.0000. Since 0.0000 < alert_threshold 0.12, the system returns ALLOW and binary fraud prediction = 0.","Scenario pattern: Amount is made close to the sender balance to simulate account draining.

Probability source: The trained ML model calculated this using model.predict_proba(). The fraud probability is the second class probability: predict_proba(X)[:, 1].

Threshold calculation: P(fraud) = 0.0000. Since 0.0000 < alert_threshold 0.12, the system returns ALLOW and binary fraud prediction = 0.

Decision reason: The transaction risk is below the alert threshold, so it is allowed and only logged.

Top feature evidence:
step = 8.0 | Transaction time step in the simulation.
amount = 48472.799999999996 | Transaction amount. High values can increase fraud risk.
oldbalanceOrg = 51024.0 | Sender balance before the transaction.
newbalanceOrig = 2551.2000000000044 | Sender balance after the transaction.
oldbalanceDest = 221148.46 | Receiver balance before the transaction."
131,07_balance_draining_attack,0.0,0.12,0.3,ALLOW,LOG,0,0,TN,"step, amount, oldbalanceOrg, newbalanceOrig, oldbalanceDest","P(fraud) = 0.0000. Since 0.0000 < alert_threshold 0.12, the system returns ALLOW and binary fraud prediction = 0.","Scenario pattern: Amount is made close to the sender balance to simulate account draining.

Probability source: The trained ML model calculated this using model.predict_proba(). The fraud probability is the second class probability: predict_proba(X)[:, 1].

Threshold calculation: P(fraud) = 0.0000. Since 0.0000 < alert_threshold 0.12, the system returns ALLOW and binary fraud prediction = 0.

Decision reason: The transaction risk is below the alert threshold, so it is allowed and only logged.

Top feature evidence:
step = 1.0 | Transaction time step in the simulation.
amount = 23029.5105 | Transaction amount. High values can increase fraud risk.
oldbalanceOrg = 24241.59 | Sender balance before the transaction.
newbalanceOrig = 1212.0794999999998 | Sender balance after the transaction.
oldbalanceDest = 0.0 | Receiver balance before the transaction."
132,07_balance_draining_attack,0.025,0.12,0.3,ALLOW,LOG,0,0,TN,"step, amount, oldbalanceOrg, newbalanceOrig, oldbalanceDest","P(fraud) = 0.0250. Since 0.0250 < alert_threshold 0.12, the system returns ALLOW and binary fraud prediction = 0.","Scenario pattern: Amount is made close to the sender balance to simulate account draining.

Probability source: The trained ML model calculated this using model.predict_proba(). The fraud probability is the second class probability: predict_proba(X)[:, 1].

Threshold calculation: P(fraud) = 0.0250. Since 0.0250 < alert_threshold 0.12, the system returns ALLOW and binary fraud prediction = 0.

Decision reason: The transaction risk is below the alert threshold, so it is allowed and only logged.

Top feature evidence:
step = 6.0 | Transaction time step in the simulation.
amount = 0.0 | Transaction amount. High values can increase fraud risk.
oldbalanceOrg = 0.0 | Sender balance before the transaction.
newbalanceOrig = 0.0 | Sender balance after the transaction.
oldbalanceDest = 8106338.73 | Receiver balance before the transaction."
133,07_balance_draining_attack,0.005,0.12,0.3,ALLOW,LOG,0,0,TN,"step, amount, oldbalanceOrg, newbalanceOrig, oldbalanceDest","P(fraud) = 0.0050. Since 0.0050 < alert_threshold 0.12, the system returns ALLOW and binary fraud prediction = 0.","Scenario pattern: Amount is made close to the sender balance to simulate account draining.

Probability source: The trained ML model calculated this using model.predict_proba(). The fraud probability is the second class probability: predict_proba(X)[:, 1].

Threshold calculation: P(fraud) = 0.0050. Since 0.0050 < alert_threshold 0.12, the system returns ALLOW and binary fraud prediction = 0.

Decision reason: The transaction risk is below the alert threshold, so it is allowed and only logged.

Top feature evidence:
step = 8.0 | Transaction time step in the simulation.
amount = 36278.6 | Transaction amount. High values can increase fraud risk.
oldbalanceOrg = 38188.0 | Sender balance before the transaction.
newbalanceOrig = 1909.4000000000015 | Sender balance after the transaction.
oldbalanceDest = 0.0 | Receiver balance before the transaction."
134,07_balance_draining_attack,0.04,0.12,0.3,ALLOW,LOG,0,0,TN,"step, amount, oldbalanceOrg, newbalanceOrig, oldbalanceDest","P(fraud) = 0.0400. Since 0.0400 < alert_threshold 0.12, the system returns ALLOW and binary fraud prediction = 0.","Scenario pattern: Amount is made close to the sender balance to simulate account draining.

Probability source: The trained ML model calculated this using model.predict_proba(). The fraud probability is the second class probability: predict_proba(X)[:, 1].

Threshold calculation: P(fraud) = 0.0400. Since 0.0400 < alert_threshold 0.12, the system returns ALLOW and binary fraud prediction = 0.

Decision reason: The transaction risk is below the alert threshold, so it is allowed and only logged.

Top feature evidence:
step = 8.0 | Transaction time step in the simulation.
amount = 0.0 | Transaction amount. High values can increase fraud risk.
oldbalanceOrg = 0.0 | Sender balance before the transaction.
newbalanceOrig = 0.0 | Sender balance after the transaction.
oldbalanceDest = 876861.64 | Receiver balance before the transaction."
135,07_balance_draining_attack,0.005,0.12,0.3,ALLOW,LOG,0,0,TN,"step, amount, oldbalanceOrg, newbalanceOrig, oldbalanceDest","P(fraud) = 0.0050. Since 0.0050 < alert_threshold 0.12, the system returns ALLOW and binary fraud prediction = 0.","Scenario pattern: Amount is made close to the sender balance to simulate account draining.

Probability source: The trained ML model calculated this using model.predict_proba(). The fraud probability is the second class probability: predict_proba(X)[:, 1].

Threshold calculation: P(fraud) = 0.0050. Since 0.0050 < alert_threshold 0.12, the system returns ALLOW and binary fraud prediction = 0.

Decision reason: The transaction risk is below the alert threshold, so it is allowed and only logged.

Top feature evidence:
step = 8.0 | Transaction time step in the simulation.
amount = 250712.88499999998 | Transaction amount. High values can increase fraud risk.
oldbalanceOrg = 263908.3 | Sender balance before the transaction.
newbalanceOrig = 13195.415000000008 | Sender balance after the transaction.
oldbalanceDest = 0.0 | Receiver balance before the transaction."
136,07_balance_draining_attack,0.12,0.12,0.3,REVIEW,ALERT,0,0,TN,"step, amount, oldbalanceOrg, newbalanceOrig, oldbalanceDest","P(fraud) = 0.1200. Since alert_threshold 0.12 <= 0.1200 < block_threshold 0.30, the system returns REVIEW and binary fraud prediction = 0.","Scenario pattern: Amount is made close to the sender balance to simulate account draining.

Probability source: The trained ML model calculated this using model.predict_proba(). The fraud probability is the second class probability: predict_proba(X)[:, 1].

Threshold calculation: P(fraud) = 0.1200. Since alert_threshold 0.12 <= 0.1200 < block_threshold 0.30, the system returns REVIEW and binary fraud prediction = 0.

Decision reason: The transaction is suspicious but not risky enough for automatic blocking. It should be sent to manual review or an alert queue.

Top feature evidence:
step = 8.0 | Transaction time step in the simulation.
amount = 1242637.734 | Transaction amount. High values can increase fraud risk.
oldbalanceOrg = 1308039.72 | Sender balance before the transaction.
newbalanceOrig = 65401.98600000003 | Sender balance after the transaction.
oldbalanceDest = 51309.0 | Receiver balance before the transaction."
137,07_balance_draining_attack,0.0,0.12,0.3,ALLOW,LOG,0,0,TN,"step, amount, oldbalanceOrg, newbalanceOrig, oldbalanceDest","P(fraud) = 0.0000. Since 0.0000 < alert_threshold 0.12, the system returns ALLOW and binary fraud prediction = 0.","Scenario pattern: Amount is made close to the sender balance to simulate account draining.

Probability source: The trained ML model calculated this using model.predict_proba(). The fraud probability is the second class probability: predict_proba(X)[:, 1].

Threshold calculation: P(fraud) = 0.0000. Since 0.0000 < alert_threshold 0.12, the system returns ALLOW and binary fraud prediction = 0.

Decision reason: The transaction risk is below the alert threshold, so it is allowed and only logged.

Top feature evidence:
step = 8.0 | Transaction time step in the simulation.
amount = 4776.599999999999 | Transaction amount. High values can increase fraud risk.
oldbalanceOrg = 5028.0 | Sender balance before the transaction.
newbalanceOrig = 251.40000000000055 | Sender balance after the transaction.
oldbalanceDest = 0.0 | Receiver balance before the transaction."
138,07_balance_draining_attack,0.015,0.12,0.3,ALLOW,LOG,0,0,TN,"step, amount, oldbalanceOrg, newbalanceOrig, oldbalanceDest","P(fraud) = 0.0150. Since 0.0150 < alert_threshold 0.12, the system returns ALLOW and binary fraud prediction = 0.","Scenario pattern: Amount is made close to the sender balance to simulate account draining.

Probability source: The trained ML model calculated this using model.predict_proba(). The fraud probability is the second class probability: predict_proba(X)[:, 1].

Threshold calculation: P(fraud) = 0.0150. Since 0.0150 < alert_threshold 0.12, the system returns ALLOW and binary fraud prediction = 0.

Decision reason: The transaction risk is below the alert threshold, so it is allowed and only logged.

Top feature evidence:
step = 7.0 | Transaction time step in the simulation.
amount = 0.0 | Transaction amount. High values can increase fraud risk.
oldbalanceOrg = 0.0 | Sender balance before the transaction.
newbalanceOrig = 0.0 | Sender balance after the transaction.
oldbalanceDest = 0.0 | Receiver balance before the transaction."
139,07_balance_draining_attack,0.175,0.12,0.3,REVIEW,ALERT,0,1,FN,"step, amount, oldbalanceOrg, newbalanceOrig, oldbalanceDest","P(fraud) = 0.1750. Since alert_threshold 0.12 <= 0.1750 < block_threshold 0.30, the system returns REVIEW and binary fraud prediction = 0.","Scenario pattern: Amount is made close to the sender balance to simulate account draining.

Probability source: The trained ML model calculated this using model.predict_proba(). The fraud probability is the second class probability: predict_proba(X)[:, 1].

Threshold calculation: P(fraud) = 0.1750. Since alert_threshold 0.12 <= 0.1750 < block_threshold 0.30, the system returns REVIEW and binary fraud prediction = 0.

Decision reason: The transaction is suspicious but not risky enough for automatic blocking. It should be sent to manual review or an alert queue.

Top feature evidence:
step = 6.0 | Transaction time step in the simulation.
amount = 10036.75 | Transaction amount. High values can increase fraud risk.
oldbalanceOrg = 10565.0 | Sender balance before the transaction.
newbalanceOrig = 528.25 | Sender balance after the transaction.
oldbalanceDest = 0.0 | Receiver balance before the transaction."
140,07_balance_draining_attack,0.08,0.12,0.3,ALLOW,LOG,0,0,TN,"step, amount, oldbalanceOrg, newbalanceOrig, oldbalanceDest","P(fraud) = 0.0800. Since 0.0800 < alert_threshold 0.12, the system returns ALLOW and binary fraud prediction = 0.","Scenario pattern: Amount is made close to the sender balance to simulate account draining.

Probability source: The trained ML model calculated this using model.predict_proba(). The fraud probability is the second class probability: predict_proba(X)[:, 1].

Threshold calculation: P(fraud) = 0.0800. Since 0.0800 < alert_threshold 0.12, the system returns ALLOW and binary fraud prediction = 0.

Decision reason: The transaction risk is below the alert threshold, so it is allowed and only logged.

Top feature evidence:
step = 8.0 | Transaction time step in the simulation.
amount = 1241201.828 | Transaction amount. High values can increase fraud risk.
oldbalanceOrg = 1306528.24 | Sender balance before the transaction.
newbalanceOrig = 65326.41200000001 | Sender balance after the transaction.
oldbalanceDest = 0.0 | Receiver balance before the transaction."
141,07_balance_draining_attack,0.035,0.12,0.3,ALLOW,LOG,0,0,TN,"step, amount, oldbalanceOrg, newbalanceOrig, oldbalanceDest","P(fraud) = 0.0350. Since 0.0350 < alert_threshold 0.12, the system returns ALLOW and binary fraud prediction = 0.","Scenario pattern: Amount is made close to the sender balance to simulate account draining.

Probability source: The trained ML model calculated this using model.predict_proba(). The fraud probability is the second class probability: predict_proba(X)[:, 1].

Threshold calculation: P(fraud) = 0.0350. Since 0.0350 < alert_threshold 0.12, the system returns ALLOW and binary fraud prediction = 0.

Decision reason: The transaction risk is below the alert threshold, so it is allowed and only logged.

Top feature evidence:
step = 8.0 | Transaction time step in the simulation.
amount = 0.0 | Transaction amount. High values can increase fraud risk.
oldbalanceOrg = 0.0 | Sender balance before the transaction.
newbalanceOrig = 0.0 | Sender balance after the transaction.
oldbalanceDest = 1358538.24 | Receiver balance before the transaction."
142,07_balance_draining_attack,0.005,0.12,0.3,ALLOW,LOG,0,0,TN,"step, amount, oldbalanceOrg, newbalanceOrig, oldbalanceDest","P(fraud) = 0.0050. Since 0.0050 < alert_threshold 0.12, the system returns ALLOW and binary fraud prediction = 0.","Scenario pattern: Amount is made close to the sender balance to simulate account draining.

Probability source: The trained ML model calculated this using model.predict_proba(). The fraud probability is the second class probability: predict_proba(X)[:, 1].

Threshold calculation: P(fraud) = 0.0050. Since 0.0050 < alert_threshold 0.12, the system returns ALLOW and binary fraud prediction = 0.

Decision reason: The transaction risk is below the alert threshold, so it is allowed and only logged.

Top feature evidence:
step = 8.0 | Transaction time step in the simulation.
amount = 34926.75 | Transaction amount. High values can increase fraud risk.
oldbalanceOrg = 36765.0 | Sender balance before the transaction.
newbalanceOrig = 1838.25 | Sender balance after the transaction.
oldbalanceDest = 0.0 | Receiver balance before the transaction."
143,07_balance_draining_attack,0.0,0.12,0.3,ALLOW,LOG,0,0,TN,"step, amount, oldbalanceOrg, newbalanceOrig, oldbalanceDest","P(fraud) = 0.0000. Since 0.0000 < alert_threshold 0.12, the system returns ALLOW and binary fraud prediction = 0.","Scenario pattern: Amount is made close to the sender balance to simulate account draining.

Probability source: The trained ML model calculated this using model.predict_proba(). The fraud probability is the second class probability: predict_proba(X)[:, 1].

Threshold calculation: P(fraud) = 0.0000. Since 0.0000 < alert_threshold 0.12, the system returns ALLOW and binary fraud prediction = 0.

Decision reason: The transaction risk is below the alert threshold, so it is allowed and only logged.

Top feature evidence:
step = 8.0 | Transaction time step in the simulation.
amount = 347420.39599999995 | Transaction amount. High values can increase fraud risk.
oldbalanceOrg = 365705.68 | Sender balance before the transaction.
newbalanceOrig = 18285.284000000043 | Sender balance after the transaction.
oldbalanceDest = 324805.4 | Receiver balance before the transaction."
144,07_balance_draining_attack,0.05,0.12,0.3,ALLOW,LOG,0,0,TN,"step, amount, oldbalanceOrg, newbalanceOrig, oldbalanceDest","P(fraud) = 0.0500. Since 0.0500 < alert_threshold 0.12, the system returns ALLOW and binary fraud prediction = 0.","Scenario pattern: Amount is made close to the sender balance to simulate account draining.

Probability source: The trained ML model calculated this using model.predict_proba(). The fraud probability is the second class probability: predict_proba(X)[:, 1].

Threshold calculation: P(fraud) = 0.0500. Since 0.0500 < alert_threshold 0.12, the system returns ALLOW and binary fraud prediction = 0.

Decision reason: The transaction risk is below the alert threshold, so it is allowed and only logged.

Top feature evidence:
step = 8.0 | Transaction time step in the simulation.
amount = 0.0 | Transaction amount. High values can increase fraud risk.
oldbalanceOrg = 0.0 | Sender balance before the transaction.
newbalanceOrig = 0.0 | Sender balance after the transaction.
oldbalanceDest = 988071.24 | Receiver balance before the transaction."
145,07_balance_draining_attack,0.04,0.12,0.3,ALLOW,LOG,0,0,TN,"step, amount, oldbalanceOrg, newbalanceOrig, oldbalanceDest","P(fraud) = 0.0400. Since 0.0400 < alert_threshold 0.12, the system returns ALLOW and binary fraud prediction = 0.","Scenario pattern: Amount is made close to the sender balance to simulate account draining.

Probability source: The trained ML model calculated this using model.predict_proba(). The fraud probability is the second class probability: predict_proba(X)[:, 1].

Threshold calculation: P(fraud) = 0.0400. Since 0.0400 < alert_threshold 0.12, the system returns ALLOW and binary fraud prediction = 0.

Decision reason: The transaction risk is below the alert threshold, so it is allowed and only logged.

Top feature evidence:
step = 8.0 | Transaction time step in the simulation.
amount = 0.0 | Transaction amount. High values can increase fraud risk.
oldbalanceOrg = 0.0 | Sender balance before the transaction.
newbalanceOrig = 0.0 | Sender balance after the transaction.
oldbalanceDest = 8284354.05 | Receiver balance before the transaction."
146,07_balance_draining_attack,0.01,0.12,0.3,ALLOW,LOG,0,0,TN,"step, amount, oldbalanceOrg, newbalanceOrig, oldbalanceDest","P(fraud) = 0.0100. Since 0.0100 < alert_threshold 0.12, the system returns ALLOW and binary fraud prediction = 0.","Scenario pattern: Amount is made close to the sender balance to simulate account draining.

Probability source: The trained ML model calculated this using model.predict_proba(). The fraud probability is the second class probability: predict_proba(X)[:, 1].

Threshold calculation: P(fraud) = 0.0100. Since 0.0100 < alert_threshold 0.12, the system returns ALLOW and binary fraud prediction = 0.

Decision reason: The transaction risk is below the alert threshold, so it is allowed and only logged.

Top feature evidence:
step = 7.0 | Transaction time step in the simulation.
amount = 399.95 | Transaction amount. High values can increase fraud risk.
oldbalanceOrg = 421.0 | Sender balance before the transaction.
newbalanceOrig = 21.05000000000001 | Sender balance after the transaction.
oldbalanceDest = 0.0 | Receiver balance before the transaction."
147,07_balance_draining_attack,0.0,0.12,0.3,ALLOW,LOG,0,0,TN,"step, amount, oldbalanceOrg, newbalanceOrig, oldbalanceDest","P(fraud) = 0.0000. Since 0.0000 < alert_threshold 0.12, the system returns ALLOW and binary fraud prediction = 0.","Scenario pattern: Amount is made close to the sender balance to simulate account draining.

Probability source: The trained ML model calculated this using model.predict_proba(). The fraud probability is the second class probability: predict_proba(X)[:, 1].

Threshold calculation: P(fraud) = 0.0000. Since 0.0000 < alert_threshold 0.12, the system returns ALLOW and binary fraud prediction = 0.

Decision reason: The transaction risk is below the alert threshold, so it is allowed and only logged.

Top feature evidence:
step = 8.0 | Transaction time step in the simulation.
amount = 3626.6725 | Transaction amount. High values can increase fraud risk.
oldbalanceOrg = 3817.55 | Sender balance before the transaction.
newbalanceOrig = 190.87750000000005 | Sender balance after the transaction.
oldbalanceDest = 0.0 | Receiver balance before the transaction."
148,07_balance_draining_attack,0.16,0.12,0.3,REVIEW,ALERT,0,1,FN,"step, amount, oldbalanceOrg, newbalanceOrig, oldbalanceDest","P(fraud) = 0.1600. Since alert_threshold 0.12 <= 0.1600 < block_threshold 0.30, the system returns REVIEW and binary fraud prediction = 0.","Scenario pattern: Amount is made close to the sender balance to simulate account draining.

Probability source: The trained ML model calculated this using model.predict_proba(). The fraud probability is the second class probability: predict_proba(X)[:, 1].

Threshold calculation: P(fraud) = 0.1600. Since alert_threshold 0.12 <= 0.1600 < block_threshold 0.30, the system returns REVIEW and binary fraud prediction = 0.

Decision reason: The transaction is suspicious but not risky enough for automatic blocking. It should be sent to manual review or an alert queue.

Top feature evidence:
step = 4.0 | Transaction time step in the simulation.
amount = 13021.7545 | Transaction amount. High values can increase fraud risk.
oldbalanceOrg = 13707.11 | Sender balance before the transaction.
newbalanceOrig = 685.3555000000015 | Sender balance after the transaction.
oldbalanceDest = 0.0 | Receiver balance before the transaction."
149,07_balance_draining_attack,0.005,0.12,0.3,ALLOW,LOG,0,0,TN,"step, amount, oldbalanceOrg, newbalanceOrig, oldbalanceDest","P(fraud) = 0.0050. Since 0.0050 < alert_threshold 0.12, the system returns ALLOW and binary fraud prediction = 0.","Scenario pattern: Amount is made close to the sender balance to simulate account draining.

Probability source: The trained ML model calculated this using model.predict_proba(). The fraud probability is the second class probability: predict_proba(X)[:, 1].

Threshold calculation: P(fraud) = 0.0050. Since 0.0050 < alert_threshold 0.12, the system returns ALLOW and binary fraud prediction = 0.

Decision reason: The transaction risk is below the alert threshold, so it is allowed and only logged.

Top feature evidence:
step = 8.0 | Transaction time step in the simulation.
amount = 17035.399999999998 | Transaction amount. High values can increase fraud risk.
oldbalanceOrg = 17932.0 | Sender balance before the transaction.
newbalanceOrig = 896.6000000000022 | Sender balance after the transaction.
oldbalanceDest = 96308.59 | Receiver balance before the transaction."
150,07_balance_draining_attack,0.0,0.12,0.3,ALLOW,LOG,0,0,TN,"step, amount, oldbalanceOrg, newbalanceOrig, oldbalanceDest","P(fraud) = 0.0000. Since 0.0000 < alert_threshold 0.12, the system returns ALLOW and binary fraud prediction = 0.","Scenario pattern: Amount is made close to the sender balance to simulate account draining.

Probability source: The trained ML model calculated this using model.predict_proba(). The fraud probability is the second class probability: predict_proba(X)[:, 1].

Threshold calculation: P(fraud) = 0.0000. Since 0.0000 < alert_threshold 0.12, the system returns ALLOW and binary fraud prediction = 0.

Decision reason: The transaction risk is below the alert threshold, so it is allowed and only logged.

Top feature evidence:
step = 8.0 | Transaction time step in the simulation.
amount = 20121.0 | Transaction amount. High values can increase fraud risk.
oldbalanceOrg = 21180.0 | Sender balance before the transaction.
newbalanceOrig = 1059.0 | Sender balance after the transaction.
oldbalanceDest = 0.0 | Receiver balance before the transaction."
151,07_balance_draining_attack,0.045,0.12,0.3,ALLOW,LOG,0,0,TN,"step, amount, oldbalanceOrg, newbalanceOrig, oldbalanceDest","P(fraud) = 0.0450. Since 0.0450 < alert_threshold 0.12, the system returns ALLOW and binary fraud prediction = 0.","Scenario pattern: Amount is made close to the sender balance to simulate account draining.

Probability source: The trained ML model calculated this using model.predict_proba(). The fraud probability is the second class probability: predict_proba(X)[:, 1].

Threshold calculation: P(fraud) = 0.0450. Since 0.0450 < alert_threshold 0.12, the system returns ALLOW and binary fraud prediction = 0.

Decision reason: The transaction risk is below the alert threshold, so it is allowed and only logged.

Top feature evidence:
step = 1.0 | Transaction time step in the simulation.
amount = 0.0 | Transaction amount. High values can increase fraud risk.
oldbalanceOrg = 0.0 | Sender balance before the transaction.
newbalanceOrig = 0.0 | Sender balance after the transaction.
oldbalanceDest = 430989.2 | Receiver balance before the transaction."
152,07_balance_draining_attack,0.025,0.12,0.3,ALLOW,LOG,0,0,TN,"step, amount, oldbalanceOrg, newbalanceOrig, oldbalanceDest","P(fraud) = 0.0250. Since 0.0250 < alert_threshold 0.12, the system returns ALLOW and binary fraud prediction = 0.","Scenario pattern: Amount is made close to the sender balance to simulate account draining.

Probability source: The trained ML model calculated this using model.predict_proba(). The fraud probability is the second class probability: predict_proba(X)[:, 1].

Threshold calculation: P(fraud) = 0.0250. Since 0.0250 < alert_threshold 0.12, the system returns ALLOW and binary fraud prediction = 0.

Decision reason: The transaction risk is below the alert threshold, so it is allowed and only logged.

Top feature evidence:
step = 8.0 | Transaction time step in the simulation.
amount = 4765.2 | Transaction amount. High values can increase fraud risk.
oldbalanceOrg = 5016.0 | Sender balance before the transaction.
newbalanceOrig = 250.80000000000018 | Sender balance after the transaction.
oldbalanceDest = 0.0 | Receiver balance before the transaction."
153,07_balance_draining_attack,0.0,0.12,0.3,ALLOW,LOG,0,0,TN,"step, amount, oldbalanceOrg, newbalanceOrig, oldbalanceDest","P(fraud) = 0.0000. Since 0.0000 < alert_threshold 0.12, the system returns ALLOW and binary fraud prediction = 0.","Scenario pattern: Amount is made close to the sender balance to simulate account draining.

Probability source: The trained ML model calculated this using model.predict_proba(). The fraud probability is the second class probability: predict_proba(X)[:, 1].

Threshold calculation: P(fraud) = 0.0000. Since 0.0000 < alert_threshold 0.12, the system returns ALLOW and binary fraud prediction = 0.

Decision reason: The transaction risk is below the alert threshold, so it is allowed and only logged.

Top feature evidence:
step = 2.0 | Transaction time step in the simulation.
amount = 175563.971 | Transaction amount. High values can increase fraud risk.
oldbalanceOrg = 184804.18 | Sender balance before the transaction.
newbalanceOrig = 9240.209000000003 | Sender balance after the transaction.
oldbalanceDest = 0.0 | Receiver balance before the transaction."
154,07_balance_draining_attack,0.005,0.12,0.3,ALLOW,LOG,0,0,TN,"step, amount, oldbalanceOrg, newbalanceOrig, oldbalanceDest","P(fraud) = 0.0050. Since 0.0050 < alert_threshold 0.12, the system returns ALLOW and binary fraud prediction = 0.","Scenario pattern: Amount is made close to the sender balance to simulate account draining.

Probability source: The trained ML model calculated this using model.predict_proba(). The fraud probability is the second class probability: predict_proba(X)[:, 1].

Threshold calculation: P(fraud) = 0.0050. Since 0.0050 < alert_threshold 0.12, the system returns ALLOW and binary fraud prediction = 0.

Decision reason: The transaction risk is below the alert threshold, so it is allowed and only logged.

Top feature evidence:
step = 7.0 | Transaction time step in the simulation.
amount = 24665.8 | Transaction amount. High values can increase fraud risk.
oldbalanceOrg = 25964.0 | Sender balance before the transaction.
newbalanceOrig = 1298.2000000000007 | Sender balance after the transaction.
oldbalanceDest = 0.0 | Receiver balance before the transaction."
155,07_balance_draining_attack,0.03,0.12,0.3,ALLOW,LOG,0,0,TN,"step, amount, oldbalanceOrg, newbalanceOrig, oldbalanceDest","P(fraud) = 0.0300. Since 0.0300 < alert_threshold 0.12, the system returns ALLOW and binary fraud prediction = 0.","Scenario pattern: Amount is made close to the sender balance to simulate account draining.

Probability source: The trained ML model calculated this using model.predict_proba(). The fraud probability is the second class probability: predict_proba(X)[:, 1].

Threshold calculation: P(fraud) = 0.0300. Since 0.0300 < alert_threshold 0.12, the system returns ALLOW and binary fraud prediction = 0.

Decision reason: The transaction risk is below the alert threshold, so it is allowed and only logged.

Top feature evidence:
step = 8.0 | Transaction time step in the simulation.
amount = 0.0 | Transaction amount. High values can increase fraud risk.
oldbalanceOrg = 0.0 | Sender balance before the transaction.
newbalanceOrig = 0.0 | Sender balance after the transaction.
oldbalanceDest = 4828534.89 | Receiver balance before the transaction."
156,07_balance_draining_attack,0.125,0.12,0.3,REVIEW,ALERT,0,0,TN,"step, amount, oldbalanceOrg, newbalanceOrig, oldbalanceDest","P(fraud) = 0.1250. Since alert_threshold 0.12 <= 0.1250 < block_threshold 0.30, the system returns REVIEW and binary fraud prediction = 0.","Scenario pattern: Amount is made close to the sender balance to simulate account draining.

Probability source: The trained ML model calculated this using model.predict_proba(). The fraud probability is the second class probability: predict_proba(X)[:, 1].

Threshold calculation: P(fraud) = 0.1250. Since alert_threshold 0.12 <= 0.1250 < block_threshold 0.30, the system returns REVIEW and binary fraud prediction = 0.

Decision reason: The transaction is suspicious but not risky enough for automatic blocking. It should be sent to manual review or an alert queue.

Top feature evidence:
step = 8.0 | Transaction time step in the simulation.
amount = 8952150.0005 | Transaction amount. High values can increase fraud risk.
oldbalanceOrg = 9423315.79 | Sender balance before the transaction.
newbalanceOrig = 471165.78949999996 | Sender balance after the transaction.
oldbalanceDest = 176324.78 | Receiver balance before the transaction."
157,07_balance_draining_attack,0.0,0.12,0.3,ALLOW,LOG,0,0,TN,"step, amount, oldbalanceOrg, newbalanceOrig, oldbalanceDest","P(fraud) = 0.0000. Since 0.0000 < alert_threshold 0.12, the system returns ALLOW and binary fraud prediction = 0.","Scenario pattern: Amount is made close to the sender balance to simulate account draining.

Probability source: The trained ML model calculated this using model.predict_proba(). The fraud probability is the second class probability: predict_proba(X)[:, 1].

Threshold calculation: P(fraud) = 0.0000. Since 0.0000 < alert_threshold 0.12, the system returns ALLOW and binary fraud prediction = 0.

Decision reason: The transaction risk is below the alert threshold, so it is allowed and only logged.

Top feature evidence:
step = 3.0 | Transaction time step in the simulation.
amount = 0.0 | Transaction amount. High values can increase fraud risk.
oldbalanceOrg = 0.0 | Sender balance before the transaction.
newbalanceOrig = 0.0 | Sender balance after the transaction.
oldbalanceDest = 0.0 | Receiver balance before the transaction."
158,07_balance_draining_attack,0.005,0.12,0.3,ALLOW,LOG,0,0,TN,"step, amount, oldbalanceOrg, newbalanceOrig, oldbalanceDest","P(fraud) = 0.0050. Since 0.0050 < alert_threshold 0.12, the system returns ALLOW and binary fraud prediction = 0.","Scenario pattern: Amount is made close to the sender balance to simulate account draining.

Probability source: The trained ML model calculated this using model.predict_proba(). The fraud probability is the second class probability: predict_proba(X)[:, 1].

Threshold calculation: P(fraud) = 0.0050. Since 0.0050 < alert_threshold 0.12, the system returns ALLOW and binary fraud prediction = 0.

Decision reason: The transaction risk is below the alert threshold, so it is allowed and only logged.

Top feature evidence:
step = 7.0 | Transaction time step in the simulation.
amount = 24177.4335 | Transaction amount. High values can increase fraud risk.
oldbalanceOrg = 25449.93 | Sender balance before the transaction.
newbalanceOrig = 1272.496500000001 | Sender balance after the transaction.
oldbalanceDest = 0.0 | Receiver balance before the transaction."
159,07_balance_draining_attack,0.005,0.12,0.3,ALLOW,LOG,0,0,TN,"step, amount, oldbalanceOrg, newbalanceOrig, oldbalanceDest","P(fraud) = 0.0050. Since 0.0050 < alert_threshold 0.12, the system returns ALLOW and binary fraud prediction = 0.","Scenario pattern: Amount is made close to the sender balance to simulate account draining.

Probability source: The trained ML model calculated this using model.predict_proba(). The fraud probability is the second class probability: predict_proba(X)[:, 1].

Threshold calculation: P(fraud) = 0.0050. Since 0.0050 < alert_threshold 0.12, the system returns ALLOW and binary fraud prediction = 0.

Decision reason: The transaction risk is below the alert threshold, so it is allowed and only logged.

Top feature evidence:
step = 7.0 | Transaction time step in the simulation.
amount = 41648.807499999995 | Transaction amount. High values can increase fraud risk.
oldbalanceOrg = 43840.85 | Sender balance before the transaction.
newbalanceOrig = 2192.042500000003 | Sender balance after the transaction.
oldbalanceDest = 0.0 | Receiver balance before the transaction."
160,07_balance_draining_attack,0.005,0.12,0.3,ALLOW,LOG,0,0,TN,"step, amount, oldbalanceOrg, newbalanceOrig, oldbalanceDest","P(fraud) = 0.0050. Since 0.0050 < alert_threshold 0.12, the system returns ALLOW and binary fraud prediction = 0.","Scenario pattern: Amount is made close to the sender balance to simulate account draining.

Probability source: The trained ML model calculated this using model.predict_proba(). The fraud probability is the second class probability: predict_proba(X)[:, 1].

Threshold calculation: P(fraud) = 0.0050. Since 0.0050 < alert_threshold 0.12, the system returns ALLOW and binary fraud prediction = 0.

Decision reason: The transaction risk is below the alert threshold, so it is allowed and only logged.

Top feature evidence:
step = 8.0 | Transaction time step in the simulation.
amount = 178855.55 | Transaction amount. High values can increase fraud risk.
oldbalanceOrg = 188269.0 | Sender balance before the transaction.
newbalanceOrig = 9413.450000000012 | Sender balance after the transaction.
oldbalanceDest = 0.0 | Receiver balance before the transaction."
161,07_balance_draining_attack,0.015,0.12,0.3,ALLOW,LOG,0,0,TN,"step, amount, oldbalanceOrg, newbalanceOrig, oldbalanceDest","P(fraud) = 0.0150. Since 0.0150 < alert_threshold 0.12, the system returns ALLOW and binary fraud prediction = 0.","Scenario pattern: Amount is made close to the sender balance to simulate account draining.

Probability source: The trained ML model calculated this using model.predict_proba(). The fraud probability is the second class probability: predict_proba(X)[:, 1].

Threshold calculation: P(fraud) = 0.0150. Since 0.0150 < alert_threshold 0.12, the system returns ALLOW and binary fraud prediction = 0.

Decision reason: The transaction risk is below the alert threshold, so it is allowed and only logged.

Top feature evidence:
step = 7.0 | Transaction time step in the simulation.
amount = 472029.388 | Transaction amount. High values can increase fraud risk.
oldbalanceOrg = 496873.04 | Sender balance before the transaction.
newbalanceOrig = 24843.652000000002 | Sender balance after the transaction.
oldbalanceDest = 0.0 | Receiver balance before the transaction."
162,07_balance_draining_attack,0.1,0.12,0.3,ALLOW,LOG,0,1,FN,"step, amount, oldbalanceOrg, newbalanceOrig, oldbalanceDest","P(fraud) = 0.1000. Since 0.1000 < alert_threshold 0.12, the system returns ALLOW and binary fraud prediction = 0.","Scenario pattern: Amount is made close to the sender balance to simulate account draining.

Probability source: The trained ML model calculated this using model.predict_proba(). The fraud probability is the second class probability: predict_proba(X)[:, 1].

Threshold calculation: P(fraud) = 0.1000. Since 0.1000 < alert_threshold 0.12, the system returns ALLOW and binary fraud prediction = 0.

Decision reason: The transaction risk is below the alert threshold, so it is allowed and only logged.

Top feature evidence:
step = 4.0 | Transaction time step in the simulation.
amount = 13021.7545 | Transaction amount. High values can increase fraud risk.
oldbalanceOrg = 13707.11 | Sender balance before the transaction.
newbalanceOrig = 685.3555000000015 | Sender balance after the transaction.
oldbalanceDest = 0.0 | Receiver balance before the transaction."
163,07_balance_draining_attack,0.09,0.12,0.3,ALLOW,LOG,0,1,FN,"step, amount, oldbalanceOrg, newbalanceOrig, oldbalanceDest","P(fraud) = 0.0900. Since 0.0900 < alert_threshold 0.12, the system returns ALLOW and binary fraud prediction = 0.","Scenario pattern: Amount is made close to the sender balance to simulate account draining.

Probability source: The trained ML model calculated this using model.predict_proba(). The fraud probability is the second class probability: predict_proba(X)[:, 1].

Threshold calculation: P(fraud) = 0.0900. Since 0.0900 < alert_threshold 0.12, the system returns ALLOW and binary fraud prediction = 0.

Decision reason: The transaction risk is below the alert threshold, so it is allowed and only logged.

Top feature evidence:
step = 7.0 | Transaction time step in the simulation.
amount = 249312.81299999997 | Transaction amount. High values can increase fraud risk.
oldbalanceOrg = 262434.54 | Sender balance before the transaction.
newbalanceOrig = 13121.727000000014 | Sender balance after the transaction.
oldbalanceDest = 19525.79 | Receiver balance before the transaction."
164,07_balance_draining_attack,0.195,0.12,0.3,REVIEW,ALERT,0,1,FN,"step, amount, oldbalanceOrg, newbalanceOrig, oldbalanceDest","P(fraud) = 0.1950. Since alert_threshold 0.12 <= 0.1950 < block_threshold 0.30, the system returns REVIEW and binary fraud prediction = 0.","Scenario pattern: Amount is made close to the sender balance to simulate account draining.

Probability source: The trained ML model calculated this using model.predict_proba(). The fraud probability is the second class probability: predict_proba(X)[:, 1].

Threshold calculation: P(fraud) = 0.1950. Since alert_threshold 0.12 <= 0.1950 < block_threshold 0.30, the system returns REVIEW and binary fraud prediction = 0.

Decision reason: The transaction is suspicious but not risky enough for automatic blocking. It should be sent to manual review or an alert queue.

Top feature evidence:
step = 4.0 | Transaction time step in the simulation.
amount = 2783897.5179999997 | Transaction amount. High values can increase fraud risk.
oldbalanceOrg = 2930418.44 | Sender balance before the transaction.
newbalanceOrig = 146520.92200000025 | Sender balance after the transaction.
oldbalanceDest = 3616012.1 | Receiver balance before the transaction."
165,07_balance_draining_attack,0.0,0.12,0.3,ALLOW,LOG,0,0,TN,"step, amount, oldbalanceOrg, newbalanceOrig, oldbalanceDest","P(fraud) = 0.0000. Since 0.0000 < alert_threshold 0.12, the system returns ALLOW and binary fraud prediction = 0.","Scenario pattern: Amount is made close to the sender balance to simulate account draining.

Probability source: The trained ML model calculated this using model.predict_proba(). The fraud probability is the second class probability: predict_proba(X)[:, 1].

Threshold calculation: P(fraud) = 0.0000. Since 0.0000 < alert_threshold 0.12, the system returns ALLOW and binary fraud prediction = 0.

Decision reason: The transaction risk is below the alert threshold, so it is allowed and only logged.

Top feature evidence:
step = 8.0 | Transaction time step in the simulation.
amount = 13889.0 | Transaction amount. High values can increase fraud risk.
oldbalanceOrg = 14620.0 | Sender balance before the transaction.
newbalanceOrig = 731.0 | Sender balance after the transaction.
oldbalanceDest = 1188580.73 | Receiver balance before the transaction."
166,07_balance_draining_attack,0.01,0.12,0.3,ALLOW,LOG,0,0,TN,"step, amount, oldbalanceOrg, newbalanceOrig, oldbalanceDest","P(fraud) = 0.0100. Since 0.0100 < alert_threshold 0.12, the system returns ALLOW and binary fraud prediction = 0.","Scenario pattern: Amount is made close to the sender balance to simulate account draining.

Probability source: The trained ML model calculated this using model.predict_proba(). The fraud probability is the second class probability: predict_proba(X)[:, 1].

Threshold calculation: P(fraud) = 0.0100. Since 0.0100 < alert_threshold 0.12, the system returns ALLOW and binary fraud prediction = 0.

Decision reason: The transaction risk is below the alert threshold, so it is allowed and only logged.

Top feature evidence:
step = 8.0 | Transaction time step in the simulation.
amount = 49500.7 | Transaction amount. High values can increase fraud risk.
oldbalanceOrg = 52106.0 | Sender balance before the transaction.
newbalanceOrig = 2605.300000000003 | Sender balance after the transaction.
oldbalanceDest = 231.0 | Receiver balance before the transaction."
167,07_balance_draining_attack,0.03,0.12,0.3,ALLOW,LOG,0,0,TN,"step, amount, oldbalanceOrg, newbalanceOrig, oldbalanceDest","P(fraud) = 0.0300. Since 0.0300 < alert_threshold 0.12, the system returns ALLOW and binary fraud prediction = 0.","Scenario pattern: Amount is made close to the sender balance to simulate account draining.

Probability source: The trained ML model calculated this using model.predict_proba(). The fraud probability is the second class probability: predict_proba(X)[:, 1].

Threshold calculation: P(fraud) = 0.0300. Since 0.0300 < alert_threshold 0.12, the system returns ALLOW and binary fraud prediction = 0.

Decision reason: The transaction risk is below the alert threshold, so it is allowed and only logged.

Top feature evidence:
step = 2.0 | Transaction time step in the simulation.
amount = 0.0 | Transaction amount. High values can increase fraud risk.
oldbalanceOrg = 0.0 | Sender balance before the transaction.
newbalanceOrig = 0.0 | Sender balance after the transaction.
oldbalanceDest = 524586.65 | Receiver balance before the transaction."
168,07_balance_draining_attack,0.01,0.12,0.3,ALLOW,LOG,0,0,TN,"step, amount, oldbalanceOrg, newbalanceOrig, oldbalanceDest","P(fraud) = 0.0100. Since 0.0100 < alert_threshold 0.12, the system returns ALLOW and binary fraud prediction = 0.","Scenario pattern: Amount is made close to the sender balance to simulate account draining.

Probability source: The trained ML model calculated this using model.predict_proba(). The fraud probability is the second class probability: predict_proba(X)[:, 1].

Threshold calculation: P(fraud) = 0.0100. Since 0.0100 < alert_threshold 0.12, the system returns ALLOW and binary fraud prediction = 0.

Decision reason: The transaction risk is below the alert threshold, so it is allowed and only logged.

Top feature evidence:
step = 8.0 | Transaction time step in the simulation.
amount = 208050.627 | Transaction amount. High values can increase fraud risk.
oldbalanceOrg = 219000.66 | Sender balance before the transaction.
newbalanceOrig = 10950.032999999996 | Sender balance after the transaction.
oldbalanceDest = 0.0 | Receiver balance before the transaction."
169,07_balance_draining_attack,0.015,0.12,0.3,ALLOW,LOG,0,0,TN,"step, amount, oldbalanceOrg, newbalanceOrig, oldbalanceDest","P(fraud) = 0.0150. Since 0.0150 < alert_threshold 0.12, the system returns ALLOW and binary fraud prediction = 0.","Scenario pattern: Amount is made close to the sender balance to simulate account draining.

Probability source: The trained ML model calculated this using model.predict_proba(). The fraud probability is the second class probability: predict_proba(X)[:, 1].

Threshold calculation: P(fraud) = 0.0150. Since 0.0150 < alert_threshold 0.12, the system returns ALLOW and binary fraud prediction = 0.

Decision reason: The transaction risk is below the alert threshold, so it is allowed and only logged.

Top feature evidence:
step = 7.0 | Transaction time step in the simulation.
amount = 0.0 | Transaction amount. High values can increase fraud risk.
oldbalanceOrg = 0.0 | Sender balance before the transaction.
newbalanceOrig = 0.0 | Sender balance after the transaction.
oldbalanceDest = 0.0 | Receiver balance before the transaction."
170,07_balance_draining_attack,0.13,0.12,0.3,REVIEW,ALERT,0,0,TN,"step, amount, oldbalanceOrg, newbalanceOrig, oldbalanceDest","P(fraud) = 0.1300. Since alert_threshold 0.12 <= 0.1300 < block_threshold 0.30, the system returns REVIEW and binary fraud prediction = 0.","Scenario pattern: Amount is made close to the sender balance to simulate account draining.

Probability source: The trained ML model calculated this using model.predict_proba(). The fraud probability is the second class probability: predict_proba(X)[:, 1].

Threshold calculation: P(fraud) = 0.1300. Since alert_threshold 0.12 <= 0.1300 < block_threshold 0.30, the system returns REVIEW and binary fraud prediction = 0.

Decision reason: The transaction is suspicious but not risky enough for automatic blocking. It should be sent to manual review or an alert queue.

Top feature evidence:
step = 7.0 | Transaction time step in the simulation.
amount = 2202300.7539999997 | Transaction amount. High values can increase fraud risk.
oldbalanceOrg = 2318211.32 | Sender balance before the transaction.
newbalanceOrig = 115910.56600000011 | Sender balance after the transaction.
oldbalanceDest = 1564409.2 | Receiver balance before the transaction."
171,07_balance_draining_attack,0.0,0.12,0.3,ALLOW,LOG,0,0,TN,"step, amount, oldbalanceOrg, newbalanceOrig, oldbalanceDest","P(fraud) = 0.0000. Since 0.0000 < alert_threshold 0.12, the system returns ALLOW and binary fraud prediction = 0.","Scenario pattern: Amount is made close to the sender balance to simulate account draining.

Probability source: The trained ML model calculated this using model.predict_proba(). The fraud probability is the second class probability: predict_proba(X)[:, 1].

Threshold calculation: P(fraud) = 0.0000. Since 0.0000 < alert_threshold 0.12, the system returns ALLOW and binary fraud prediction = 0.

Decision reason: The transaction risk is below the alert threshold, so it is allowed and only logged.

Top feature evidence:
step = 8.0 | Transaction time step in the simulation.
amount = 0.0 | Transaction amount. High values can increase fraud risk.
oldbalanceOrg = 0.0 | Sender balance before the transaction.
newbalanceOrig = 0.0 | Sender balance after the transaction.
oldbalanceDest = 0.0 | Receiver balance before the transaction."
172,07_balance_draining_attack,0.115,0.12,0.3,ALLOW,LOG,0,0,TN,"step, amount, oldbalanceOrg, newbalanceOrig, oldbalanceDest","P(fraud) = 0.1150. Since 0.1150 < alert_threshold 0.12, the system returns ALLOW and binary fraud prediction = 0.","Scenario pattern: Amount is made close to the sender balance to simulate account draining.

Probability source: The trained ML model calculated this using model.predict_proba(). The fraud probability is the second class probability: predict_proba(X)[:, 1].

Threshold calculation: P(fraud) = 0.1150. Since 0.1150 < alert_threshold 0.12, the system returns ALLOW and binary fraud prediction = 0.

Decision reason: The transaction risk is below the alert threshold, so it is allowed and only logged.

Top feature evidence:
step = 8.0 | Transaction time step in the simulation.
amount = 6.6499999999999995 | Transaction amount. High values can increase fraud risk.
oldbalanceOrg = 7.0 | Sender balance before the transaction.
newbalanceOrig = 0.35000000000000053 | Sender balance after the transaction.
oldbalanceDest = 9050.0 | Receiver balance before the transaction."
173,07_balance_draining_attack,0.105,0.12,0.3,ALLOW,LOG,0,1,FN,"step, amount, oldbalanceOrg, newbalanceOrig, oldbalanceDest","P(fraud) = 0.1050. Since 0.1050 < alert_threshold 0.12, the system returns ALLOW and binary fraud prediction = 0.","Scenario pattern: Amount is made close to the sender balance to simulate account draining.

Probability source: The trained ML model calculated this using model.predict_proba(). The fraud probability is the second class probability: predict_proba(X)[:, 1].

Threshold calculation: P(fraud) = 0.1050. Since 0.1050 < alert_threshold 0.12, the system returns ALLOW and binary fraud prediction = 0.

Decision reason: The transaction risk is below the alert threshold, so it is allowed and only logged.

Top feature evidence:
step = 1.0 | Transaction time step in the simulation.
amount = 4274.125999999999 | Transaction amount. High values can increase fraud risk.
oldbalanceOrg = 4499.08 | Sender balance before the transaction.
newbalanceOrig = 224.95400000000063 | Sender balance after the transaction.
oldbalanceDest = 0.0 | Receiver balance before the transaction."
174,07_balance_draining_attack,0.115,0.12,0.3,ALLOW,LOG,0,0,TN,"step, amount, oldbalanceOrg, newbalanceOrig, oldbalanceDest","P(fraud) = 0.1150. Since 0.1150 < alert_threshold 0.12, the system returns ALLOW and binary fraud prediction = 0.","Scenario pattern: Amount is made close to the sender balance to simulate account draining.

Probability source: The trained ML model calculated this using model.predict_proba(). The fraud probability is the second class probability: predict_proba(X)[:, 1].

Threshold calculation: P(fraud) = 0.1150. Since 0.1150 < alert_threshold 0.12, the system returns ALLOW and binary fraud prediction = 0.

Decision reason: The transaction risk is below the alert threshold, so it is allowed and only logged.

Top feature evidence:
step = 8.0 | Transaction time step in the simulation.
amount = 6160966.6285 | Transaction amount. High values can increase fraud risk.
oldbalanceOrg = 6485228.03 | Sender balance before the transaction.
newbalanceOrig = 324261.4015000006 | Sender balance after the transaction.
oldbalanceDest = 2327839.12 | Receiver balance before the transaction."
175,07_balance_draining_attack,0.0,0.12,0.3,ALLOW,LOG,0,0,TN,"step, amount, oldbalanceOrg, newbalanceOrig, oldbalanceDest","P(fraud) = 0.0000. Since 0.0000 < alert_threshold 0.12, the system returns ALLOW and binary fraud prediction = 0.","Scenario pattern: Amount is made close to the sender balance to simulate account draining.

Probability source: The trained ML model calculated this using model.predict_proba(). The fraud probability is the second class probability: predict_proba(X)[:, 1].

Threshold calculation: P(fraud) = 0.0000. Since 0.0000 < alert_threshold 0.12, the system returns ALLOW and binary fraud prediction = 0.

Decision reason: The transaction risk is below the alert threshold, so it is allowed and only logged.

Top feature evidence:
step = 6.0 | Transaction time step in the simulation.
amount = 0.0 | Transaction amount. High values can increase fraud risk.
oldbalanceOrg = 0.0 | Sender balance before the transaction.
newbalanceOrig = 0.0 | Sender balance after the transaction.
oldbalanceDest = 0.0 | Receiver balance before the transaction."
176,07_balance_draining_attack,0.035,0.12,0.3,ALLOW,LOG,0,0,TN,"step, amount, oldbalanceOrg, newbalanceOrig, oldbalanceDest","P(fraud) = 0.0350. Since 0.0350 < alert_threshold 0.12, the system returns ALLOW and binary fraud prediction = 0.","Scenario pattern: Amount is made close to the sender balance to simulate account draining.

Probability source: The trained ML model calculated this using model.predict_proba(). The fraud probability is the second class probability: predict_proba(X)[:, 1].

Threshold calculation: P(fraud) = 0.0350. Since 0.0350 < alert_threshold 0.12, the system returns ALLOW and binary fraud prediction = 0.

Decision reason: The transaction risk is below the alert threshold, so it is allowed and only logged.

Top feature evidence:
step = 8.0 | Transaction time step in the simulation.
amount = 0.0 | Transaction amount. High values can increase fraud risk.
oldbalanceOrg = 0.0 | Sender balance before the transaction.
newbalanceOrig = 0.0 | Sender balance after the transaction.
oldbalanceDest = 264559.19 | Receiver balance before the transaction."
177,07_balance_draining_attack,0.1,0.12,0.3,ALLOW,LOG,0,1,FN,"step, amount, oldbalanceOrg, newbalanceOrig, oldbalanceDest","P(fraud) = 0.1000. Since 0.1000 < alert_threshold 0.12, the system returns ALLOW and binary fraud prediction = 0.","Scenario pattern: Amount is made close to the sender balance to simulate account draining.

Probability source: The trained ML model calculated this using model.predict_proba(). The fraud probability is the second class probability: predict_proba(X)[:, 1].

Threshold calculation: P(fraud) = 0.1000. Since 0.1000 < alert_threshold 0.12, the system returns ALLOW and binary fraud prediction = 0.

Decision reason: The transaction risk is below the alert threshold, so it is allowed and only logged.

Top feature evidence:
step = 1.0 | Transaction time step in the simulation.
amount = 19121.6 | Transaction amount. High values can increase fraud risk.
oldbalanceOrg = 20128.0 | Sender balance before the transaction.
newbalanceOrig = 1006.4000000000015 | Sender balance after the transaction.
oldbalanceDest = 6268.0 | Receiver balance before the transaction."
178,07_balance_draining_attack,0.035,0.12,0.3,ALLOW,LOG,0,0,TN,"step, amount, oldbalanceOrg, newbalanceOrig, oldbalanceDest","P(fraud) = 0.0350. Since 0.0350 < alert_threshold 0.12, the system returns ALLOW and binary fraud prediction = 0.","Scenario pattern: Amount is made close to the sender balance to simulate account draining.

Probability source: The trained ML model calculated this using model.predict_proba(). The fraud probability is the second class probability: predict_proba(X)[:, 1].

Threshold calculation: P(fraud) = 0.0350. Since 0.0350 < alert_threshold 0.12, the system returns ALLOW and binary fraud prediction = 0.

Decision reason: The transaction risk is below the alert threshold, so it is allowed and only logged.

Top feature evidence:
step = 7.0 | Transaction time step in the simulation.
amount = 0.0 | Transaction amount. High values can increase fraud risk.
oldbalanceOrg = 0.0 | Sender balance before the transaction.
newbalanceOrig = 0.0 | Sender balance after the transaction.
oldbalanceDest = 394595.62 | Receiver balance before the transaction."
179,07_balance_draining_attack,0.0,0.12,0.3,ALLOW,LOG,0,0,TN,"step, amount, oldbalanceOrg, newbalanceOrig, oldbalanceDest","P(fraud) = 0.0000. Since 0.0000 < alert_threshold 0.12, the system returns ALLOW and binary fraud prediction = 0.","Scenario pattern: Amount is made close to the sender balance to simulate account draining.

Probability source: The trained ML model calculated this using model.predict_proba(). The fraud probability is the second class probability: predict_proba(X)[:, 1].

Threshold calculation: P(fraud) = 0.0000. Since 0.0000 < alert_threshold 0.12, the system returns ALLOW and binary fraud prediction = 0.

Decision reason: The transaction risk is below the alert threshold, so it is allowed and only logged.

Top feature evidence:
step = 8.0 | Transaction time step in the simulation.
amount = 31460.199999999997 | Transaction amount. High values can increase fraud risk.
oldbalanceOrg = 33116.0 | Sender balance before the transaction.
newbalanceOrig = 1655.800000000003 | Sender balance after the transaction.
oldbalanceDest = 684874.5 | Receiver balance before the transaction."
180,07_balance_draining_attack,0.0,0.12,0.3,ALLOW,LOG,0,0,TN,"step, amount, oldbalanceOrg, newbalanceOrig, oldbalanceDest","P(fraud) = 0.0000. Since 0.0000 < alert_threshold 0.12, the system returns ALLOW and binary fraud prediction = 0.","Scenario pattern: Amount is made close to the sender balance to simulate account draining.

Probability source: The trained ML model calculated this using model.predict_proba(). The fraud probability is the second class probability: predict_proba(X)[:, 1].

Threshold calculation: P(fraud) = 0.0000. Since 0.0000 < alert_threshold 0.12, the system returns ALLOW and binary fraud prediction = 0.

Decision reason: The transaction risk is below the alert threshold, so it is allowed and only logged.

Top feature evidence:
step = 1.0 | Transaction time step in the simulation.
amount = 14670.849999999999 | Transaction amount. High values can increase fraud risk.
oldbalanceOrg = 15443.0 | Sender balance before the transaction.
newbalanceOrig = 772.1500000000015 | Sender balance after the transaction.
oldbalanceDest = 0.0 | Receiver balance before the transaction."
181,07_balance_draining_attack,0.46,0.12,0.3,BLOCK,BLOCK,1,1,TP,"step, amount, oldbalanceOrg, newbalanceOrig, oldbalanceDest","P(fraud) = 0.4600. Since 0.4600 >= block_threshold 0.30, the system returns BLOCK and binary fraud prediction = 1.","Scenario pattern: Amount is made close to the sender balance to simulate account draining.

Probability source: The trained ML model calculated this using model.predict_proba(). The fraud probability is the second class probability: predict_proba(X)[:, 1].

Threshold calculation: P(fraud) = 0.4600. Since 0.4600 >= block_threshold 0.30, the system returns BLOCK and binary fraud prediction = 1.

Decision reason: Fraud was detected because the model probability passed the blocking threshold. The transaction should be stopped immediately.

Top feature evidence:
step = 7.0 | Transaction time step in the simulation.
amount = 155.79999999999998 | Transaction amount. High values can increase fraud risk.
oldbalanceOrg = 164.0 | Sender balance before the transaction.
newbalanceOrig = 8.200000000000017 | Sender balance after the transaction.
oldbalanceDest = 4068.0 | Receiver balance before the transaction."
182,07_balance_draining_attack,0.005,0.12,0.3,ALLOW,LOG,0,0,TN,"step, amount, oldbalanceOrg, newbalanceOrig, oldbalanceDest","P(fraud) = 0.0050. Since 0.0050 < alert_threshold 0.12, the system returns ALLOW and binary fraud prediction = 0.","Scenario pattern: Amount is made close to the sender balance to simulate account draining.

Probability source: The trained ML model calculated this using model.predict_proba(). The fraud probability is the second class probability: predict_proba(X)[:, 1].

Threshold calculation: P(fraud) = 0.0050. Since 0.0050 < alert_threshold 0.12, the system returns ALLOW and binary fraud prediction = 0.

Decision reason: The transaction risk is below the alert threshold, so it is allowed and only logged.

Top feature evidence:
step = 8.0 | Transaction time step in the simulation.
amount = 189156.4 | Transaction amount. High values can increase fraud risk.
oldbalanceOrg = 199112.0 | Sender balance before the transaction.
newbalanceOrig = 9955.600000000006 | Sender balance after the transaction.
oldbalanceDest = 0.0 | Receiver balance before the transaction."
183,07_balance_draining_attack,0.01,0.12,0.3,ALLOW,LOG,0,0,TN,"step, amount, oldbalanceOrg, newbalanceOrig, oldbalanceDest","P(fraud) = 0.0100. Since 0.0100 < alert_threshold 0.12, the system returns ALLOW and binary fraud prediction = 0.","Scenario pattern: Amount is made close to the sender balance to simulate account draining.

Probability source: The trained ML model calculated this using model.predict_proba(). The fraud probability is the second class probability: predict_proba(X)[:, 1].

Threshold calculation: P(fraud) = 0.0100. Since 0.0100 < alert_threshold 0.12, the system returns ALLOW and binary fraud prediction = 0.

Decision reason: The transaction risk is below the alert threshold, so it is allowed and only logged.

Top feature evidence:
step = 8.0 | Transaction time step in the simulation.
amount = 1406.0 | Transaction amount. High values can increase fraud risk.
oldbalanceOrg = 1480.0 | Sender balance before the transaction.
newbalanceOrig = 74.0 | Sender balance after the transaction.
oldbalanceDest = 0.0 | Receiver balance before the transaction."
184,07_balance_draining_attack,0.13,0.12,0.3,REVIEW,ALERT,0,0,TN,"step, amount, oldbalanceOrg, newbalanceOrig, oldbalanceDest","P(fraud) = 0.1300. Since alert_threshold 0.12 <= 0.1300 < block_threshold 0.30, the system returns REVIEW and binary fraud prediction = 0.","Scenario pattern: Amount is made close to the sender balance to simulate account draining.

Probability source: The trained ML model calculated this using model.predict_proba(). The fraud probability is the second class probability: predict_proba(X)[:, 1].

Threshold calculation: P(fraud) = 0.1300. Since alert_threshold 0.12 <= 0.1300 < block_threshold 0.30, the system returns REVIEW and binary fraud prediction = 0.

Decision reason: The transaction is suspicious but not risky enough for automatic blocking. It should be sent to manual review or an alert queue.

Top feature evidence:
step = 8.0 | Transaction time step in the simulation.
amount = 4753609.81 | Transaction amount. High values can increase fraud risk.
oldbalanceOrg = 5003799.8 | Sender balance before the transaction.
newbalanceOrig = 250189.99000000022 | Sender balance after the transaction.
oldbalanceDest = 1350356.55 | Receiver balance before the transaction."
185,07_balance_draining_attack,0.005,0.12,0.3,ALLOW,LOG,0,0,TN,"step, amount, oldbalanceOrg, newbalanceOrig, oldbalanceDest","P(fraud) = 0.0050. Since 0.0050 < alert_threshold 0.12, the system returns ALLOW and binary fraud prediction = 0.","Scenario pattern: Amount is made close to the sender balance to simulate account draining.

Probability source: The trained ML model calculated this using model.predict_proba(). The fraud probability is the second class probability: predict_proba(X)[:, 1].

Threshold calculation: P(fraud) = 0.0050. Since 0.0050 < alert_threshold 0.12, the system returns ALLOW and binary fraud prediction = 0.

Decision reason: The transaction risk is below the alert threshold, so it is allowed and only logged.

Top feature evidence:
step = 7.0 | Transaction time step in the simulation.
amount = 58820.2 | Transaction amount. High values can increase fraud risk.
oldbalanceOrg = 61916.0 | Sender balance before the transaction.
newbalanceOrig = 3095.800000000003 | Sender balance after the transaction.
oldbalanceDest = 0.0 | Receiver balance before the transaction."
186,07_balance_draining_attack,0.145,0.12,0.3,REVIEW,ALERT,0,0,TN,"step, amount, oldbalanceOrg, newbalanceOrig, oldbalanceDest","P(fraud) = 0.1450. Since alert_threshold 0.12 <= 0.1450 < block_threshold 0.30, the system returns REVIEW and binary fraud prediction = 0.","Scenario pattern: Amount is made close to the sender balance to simulate account draining.

Probability source: The trained ML model calculated this using model.predict_proba(). The fraud probability is the second class probability: predict_proba(X)[:, 1].

Threshold calculation: P(fraud) = 0.1450. Since alert_threshold 0.12 <= 0.1450 < block_threshold 0.30, the system returns REVIEW and binary fraud prediction = 0.

Decision reason: The transaction is suspicious but not risky enough for automatic blocking. It should be sent to manual review or an alert queue.

Top feature evidence:
step = 7.0 | Transaction time step in the simulation.
amount = 1348961.392 | Transaction amount. High values can increase fraud risk.
oldbalanceOrg = 1419959.36 | Sender balance before the transaction.
newbalanceOrig = 70997.96800000011 | Sender balance after the transaction.
oldbalanceDest = 14079522.95 | Receiver balance before the transaction."
187,07_balance_draining_attack,0.025,0.12,0.3,ALLOW,LOG,0,0,TN,"step, amount, oldbalanceOrg, newbalanceOrig, oldbalanceDest","P(fraud) = 0.0250. Since 0.0250 < alert_threshold 0.12, the system returns ALLOW and binary fraud prediction = 0.","Scenario pattern: Amount is made close to the sender balance to simulate account draining.

Probability source: The trained ML model calculated this using model.predict_proba(). The fraud probability is the second class probability: predict_proba(X)[:, 1].

Threshold calculation: P(fraud) = 0.0250. Since 0.0250 < alert_threshold 0.12, the system returns ALLOW and binary fraud prediction = 0.

Decision reason: The transaction risk is below the alert threshold, so it is allowed and only logged.

Top feature evidence:
step = 3.0 | Transaction time step in the simulation.
amount = 516739.49450000003 | Transaction amount. High values can increase fraud risk.
oldbalanceOrg = 543936.31 | Sender balance before the transaction.
newbalanceOrig = 27196.815500000026 | Sender balance after the transaction.
oldbalanceDest = 41182.36 | Receiver balance before the transaction."
188,07_balance_draining_attack,0.0,0.12,0.3,ALLOW,LOG,0,0,TN,"step, amount, oldbalanceOrg, newbalanceOrig, oldbalanceDest","P(fraud) = 0.0000. Since 0.0000 < alert_threshold 0.12, the system returns ALLOW and binary fraud prediction = 0.","Scenario pattern: Amount is made close to the sender balance to simulate account draining.

Probability source: The trained ML model calculated this using model.predict_proba(). The fraud probability is the second class probability: predict_proba(X)[:, 1].

Threshold calculation: P(fraud) = 0.0000. Since 0.0000 < alert_threshold 0.12, the system returns ALLOW and binary fraud prediction = 0.

Decision reason: The transaction risk is below the alert threshold, so it is allowed and only logged.

Top feature evidence:
step = 6.0 | Transaction time step in the simulation.
amount = 0.0 | Transaction amount. High values can increase fraud risk.
oldbalanceOrg = 0.0 | Sender balance before the transaction.
newbalanceOrig = 0.0 | Sender balance after the transaction.
oldbalanceDest = 0.0 | Receiver balance before the transaction."
189,07_balance_draining_attack,0.135,0.12,0.3,REVIEW,ALERT,0,1,FN,"step, amount, oldbalanceOrg, newbalanceOrig, oldbalanceDest","P(fraud) = 0.1350. Since alert_threshold 0.12 <= 0.1350 < block_threshold 0.30, the system returns REVIEW and binary fraud prediction = 0.","Scenario pattern: Amount is made close to the sender balance to simulate account draining.

Probability source: The trained ML model calculated this using model.predict_proba(). The fraud probability is the second class probability: predict_proba(X)[:, 1].

Threshold calculation: P(fraud) = 0.1350. Since alert_threshold 0.12 <= 0.1350 < block_threshold 0.30, the system returns REVIEW and binary fraud prediction = 0.

Decision reason: The transaction is suspicious but not risky enough for automatic blocking. It should be sent to manual review or an alert queue.

Top feature evidence:
step = 6.0 | Transaction time step in the simulation.
amount = 16383.699999999999 | Transaction amount. High values can increase fraud risk.
oldbalanceOrg = 17246.0 | Sender balance before the transaction.
newbalanceOrig = 862.3000000000011 | Sender balance after the transaction.
oldbalanceDest = 0.0 | Receiver balance before the transaction."
190,07_balance_draining_attack,0.03,0.12,0.3,ALLOW,LOG,0,0,TN,"step, amount, oldbalanceOrg, newbalanceOrig, oldbalanceDest","P(fraud) = 0.0300. Since 0.0300 < alert_threshold 0.12, the system returns ALLOW and binary fraud prediction = 0.","Scenario pattern: Amount is made close to the sender balance to simulate account draining.

Probability source: The trained ML model calculated this using model.predict_proba(). The fraud probability is the second class probability: predict_proba(X)[:, 1].

Threshold calculation: P(fraud) = 0.0300. Since 0.0300 < alert_threshold 0.12, the system returns ALLOW and binary fraud prediction = 0.

Decision reason: The transaction risk is below the alert threshold, so it is allowed and only logged.

Top feature evidence:
step = 8.0 | Transaction time step in the simulation.
amount = 0.0 | Transaction amount. High values can increase fraud risk.
oldbalanceOrg = 0.0 | Sender balance before the transaction.
newbalanceOrig = 0.0 | Sender balance after the transaction.
oldbalanceDest = 101869.46 | Receiver balance before the transaction."
191,07_balance_draining_attack,0.2,0.12,0.3,REVIEW,ALERT,0,0,TN,"step, amount, oldbalanceOrg, newbalanceOrig, oldbalanceDest","P(fraud) = 0.2000. Since alert_threshold 0.12 <= 0.2000 < block_threshold 0.30, the system returns REVIEW and binary fraud prediction = 0.","Scenario pattern: Amount is made close to the sender balance to simulate account draining.

Probability source: The trained ML model calculated this using model.predict_proba(). The fraud probability is the second class probability: predict_proba(X)[:, 1].

Threshold calculation: P(fraud) = 0.2000. Since alert_threshold 0.12 <= 0.2000 < block_threshold 0.30, the system returns REVIEW and binary fraud prediction = 0.

Decision reason: The transaction is suspicious but not risky enough for automatic blocking. It should be sent to manual review or an alert queue.

Top feature evidence:
step = 4.0 | Transaction time step in the simulation.
amount = 2749492.7835 | Transaction amount. High values can increase fraud risk.
oldbalanceOrg = 2894202.93 | Sender balance before the transaction.
newbalanceOrig = 144710.14650000026 | Sender balance after the transaction.
oldbalanceDest = 62243.64 | Receiver balance before the transaction."
192,07_balance_draining_attack,0.0,0.12,0.3,ALLOW,LOG,0,0,TN,"step, amount, oldbalanceOrg, newbalanceOrig, oldbalanceDest","P(fraud) = 0.0000. Since 0.0000 < alert_threshold 0.12, the system returns ALLOW and binary fraud prediction = 0.","Scenario pattern: Amount is made close to the sender balance to simulate account draining.

Probability source: The trained ML model calculated this using model.predict_proba(). The fraud probability is the second class probability: predict_proba(X)[:, 1].

Threshold calculation: P(fraud) = 0.0000. Since 0.0000 < alert_threshold 0.12, the system returns ALLOW and binary fraud prediction = 0.

Decision reason: The transaction risk is below the alert threshold, so it is allowed and only logged.

Top feature evidence:
step = 6.0 | Transaction time step in the simulation.
amount = 92712.229 | Transaction amount. High values can increase fraud risk.
oldbalanceOrg = 97591.82 | Sender balance before the transaction.
newbalanceOrig = 4879.591 | Sender balance after the transaction.
oldbalanceDest = 4927792.23 | Receiver balance before the transaction."
193,07_balance_draining_attack,0.04,0.12,0.3,ALLOW,LOG,0,0,TN,"step, amount, oldbalanceOrg, newbalanceOrig, oldbalanceDest","P(fraud) = 0.0400. Since 0.0400 < alert_threshold 0.12, the system returns ALLOW and binary fraud prediction = 0.","Scenario pattern: Amount is made close to the sender balance to simulate account draining.

Probability source: The trained ML model calculated this using model.predict_proba(). The fraud probability is the second class probability: predict_proba(X)[:, 1].

Threshold calculation: P(fraud) = 0.0400. Since 0.0400 < alert_threshold 0.12, the system returns ALLOW and binary fraud prediction = 0.

Decision reason: The transaction risk is below the alert threshold, so it is allowed and only logged.

Top feature evidence:
step = 7.0 | Transaction time step in the simulation.
amount = 0.0 | Transaction amount. High values can increase fraud risk.
oldbalanceOrg = 0.0 | Sender balance before the transaction.
newbalanceOrig = 0.0 | Sender balance after the transaction.
oldbalanceDest = 674406.0 | Receiver balance before the transaction."
194,07_balance_draining_attack,0.005,0.12,0.3,ALLOW,LOG,0,0,TN,"step, amount, oldbalanceOrg, newbalanceOrig, oldbalanceDest","P(fraud) = 0.0050. Since 0.0050 < alert_threshold 0.12, the system returns ALLOW and binary fraud prediction = 0.","Scenario pattern: Amount is made close to the sender balance to simulate account draining.

Probability source: The trained ML model calculated this using model.predict_proba(). The fraud probability is the second class probability: predict_proba(X)[:, 1].

Threshold calculation: P(fraud) = 0.0050. Since 0.0050 < alert_threshold 0.12, the system returns ALLOW and binary fraud prediction = 0.

Decision reason: The transaction risk is below the alert threshold, so it is allowed and only logged.

Top feature evidence:
step = 8.0 | Transaction time step in the simulation.
amount = 22362.278000000002 | Transaction amount. High values can increase fraud risk.
oldbalanceOrg = 23539.24 | Sender balance before the transaction.
newbalanceOrig = 1176.9619999999995 | Sender balance after the transaction.
oldbalanceDest = 0.0 | Receiver balance before the transaction."
195,07_balance_draining_attack,0.1,0.12,0.3,ALLOW,LOG,0,1,FN,"step, amount, oldbalanceOrg, newbalanceOrig, oldbalanceDest","P(fraud) = 0.1000. Since 0.1000 < alert_threshold 0.12, the system returns ALLOW and binary fraud prediction = 0.","Scenario pattern: Amount is made close to the sender balance to simulate account draining.

Probability source: The trained ML model calculated this using model.predict_proba(). The fraud probability is the second class probability: predict_proba(X)[:, 1].

Threshold calculation: P(fraud) = 0.1000. Since 0.1000 < alert_threshold 0.12, the system returns ALLOW and binary fraud prediction = 0.

Decision reason: The transaction risk is below the alert threshold, so it is allowed and only logged.

Top feature evidence:
step = 6.0 | Transaction time step in the simulation.
amount = 24677.067 | Transaction amount. High values can increase fraud risk.
oldbalanceOrg = 25975.86 | Sender balance before the transaction.
newbalanceOrig = 1298.7930000000015 | Sender balance after the transaction.
oldbalanceDest = 98152.0 | Receiver balance before the transaction."
196,07_balance_draining_attack,0.0,0.12,0.3,ALLOW,LOG,0,0,TN,"step, amount, oldbalanceOrg, newbalanceOrig, oldbalanceDest","P(fraud) = 0.0000. Since 0.0000 < alert_threshold 0.12, the system returns ALLOW and binary fraud prediction = 0.","Scenario pattern: Amount is made close to the sender balance to simulate account draining.

Probability source: The trained ML model calculated this using model.predict_proba(). The fraud probability is the second class probability: predict_proba(X)[:, 1].

Threshold calculation: P(fraud) = 0.0000. Since 0.0000 < alert_threshold 0.12, the system returns ALLOW and binary fraud prediction = 0.

Decision reason: The transaction risk is below the alert threshold, so it is allowed and only logged.

Top feature evidence:
step = 7.0 | Transaction time step in the simulation.
amount = 19285.95 | Transaction amount. High values can increase fraud risk.
oldbalanceOrg = 20301.0 | Sender balance before the transaction.
newbalanceOrig = 1015.0499999999993 | Sender balance after the transaction.
oldbalanceDest = 0.0 | Receiver balance before the transaction."
197,07_balance_draining_attack,0.045,0.12,0.3,ALLOW,LOG,0,0,TN,"step, amount, oldbalanceOrg, newbalanceOrig, oldbalanceDest","P(fraud) = 0.0450. Since 0.0450 < alert_threshold 0.12, the system returns ALLOW and binary fraud prediction = 0.","Scenario pattern: Amount is made close to the sender balance to simulate account draining.

Probability source: The trained ML model calculated this using model.predict_proba(). The fraud probability is the second class probability: predict_proba(X)[:, 1].

Threshold calculation: P(fraud) = 0.0450. Since 0.0450 < alert_threshold 0.12, the system returns ALLOW and binary fraud prediction = 0.

Decision reason: The transaction risk is below the alert threshold, so it is allowed and only logged.

Top feature evidence:
step = 7.0 | Transaction time step in the simulation.
amount = 0.0 | Transaction amount. High values can increase fraud risk.
oldbalanceOrg = 0.0 | Sender balance before the transaction.
newbalanceOrig = 0.0 | Sender balance after the transaction.
oldbalanceDest = 5460002.91 | Receiver balance before the transaction."
198,07_balance_draining_attack,0.08,0.12,0.3,ALLOW,LOG,0,1,FN,"step, amount, oldbalanceOrg, newbalanceOrig, oldbalanceDest","P(fraud) = 0.0800. Since 0.0800 < alert_threshold 0.12, the system returns ALLOW and binary fraud prediction = 0.","Scenario pattern: Amount is made close to the sender balance to simulate account draining.

Probability source: The trained ML model calculated this using model.predict_proba(). The fraud probability is the second class probability: predict_proba(X)[:, 1].

Threshold calculation: P(fraud) = 0.0800. Since 0.0800 < alert_threshold 0.12, the system returns ALLOW and binary fraud prediction = 0.

Decision reason: The transaction risk is below the alert threshold, so it is allowed and only logged.

Top feature evidence:
step = 6.0 | Transaction time step in the simulation.
amount = 31666.217 | Transaction amount. High values can increase fraud risk.
oldbalanceOrg = 33332.86 | Sender balance before the transaction.
newbalanceOrig = 1666.643 | Sender balance after the transaction.
oldbalanceDest = 31002.0 | Receiver balance before the transaction."
199,07_balance_draining_attack,0.035,0.12,0.3,ALLOW,LOG,0,0,TN,"step, amount, oldbalanceOrg, newbalanceOrig, oldbalanceDest","P(fraud) = 0.0350. Since 0.0350 < alert_threshold 0.12, the system returns ALLOW and binary fraud prediction = 0.","Scenario pattern: Amount is made close to the sender balance to simulate account draining.

Probability source: The trained ML model calculated this using model.predict_proba(). The fraud probability is the second class probability: predict_proba(X)[:, 1].

Threshold calculation: P(fraud) = 0.0350. Since 0.0350 < alert_threshold 0.12, the system returns ALLOW and binary fraud prediction = 0.

Decision reason: The transaction risk is below the alert threshold, so it is allowed and only logged.

Top feature evidence:
step = 8.0 | Transaction time step in the simulation.
amount = 0.0 | Transaction amount. High values can increase fraud risk.
oldbalanceOrg = 0.0 | Sender balance before the transaction.
newbalanceOrig = 0.0 | Sender balance after the transaction.
oldbalanceDest = 493020.6 | Receiver balance before the transaction."
200,07_balance_draining_attack,0.085,0.12,0.3,ALLOW,LOG,0,1,FN,"step, amount, oldbalanceOrg, newbalanceOrig, oldbalanceDest","P(fraud) = 0.0850. Since 0.0850 < alert_threshold 0.12, the system returns ALLOW and binary fraud prediction = 0.","Scenario pattern: Amount is made close to the sender balance to simulate account draining.

Probability source: The trained ML model calculated this using model.predict_proba(). The fraud probability is the second class probability: predict_proba(X)[:, 1].

Threshold calculation: P(fraud) = 0.0850. Since 0.0850 < alert_threshold 0.12, the system returns ALLOW and binary fraud prediction = 0.

Decision reason: The transaction risk is below the alert threshold, so it is allowed and only logged.

Top feature evidence:
step = 1.0 | Transaction time step in the simulation.
amount = 23817.887 | Transaction amount. High values can increase fraud risk.
oldbalanceOrg = 25071.46 | Sender balance before the transaction.
newbalanceOrig = 1253.5730000000003 | Sender balance after the transaction.
oldbalanceDest = 9083.76 | Receiver balance before the transaction."
201,07_balance_draining_attack,0.0,0.12,0.3,ALLOW,LOG,0,0,TN,"step, amount, oldbalanceOrg, newbalanceOrig, oldbalanceDest","P(fraud) = 0.0000. Since 0.0000 < alert_threshold 0.12, the system returns ALLOW and binary fraud prediction = 0.","Scenario pattern: Amount is made close to the sender balance to simulate account draining.

Probability source: The trained ML model calculated this using model.predict_proba(). The fraud probability is the second class probability: predict_proba(X)[:, 1].

Threshold calculation: P(fraud) = 0.0000. Since 0.0000 < alert_threshold 0.12, the system returns ALLOW and binary fraud prediction = 0.

Decision reason: The transaction risk is below the alert threshold, so it is allowed and only logged.

Top feature evidence:
step = 1.0 | Transaction time step in the simulation.
amount = 5525.2 | Transaction amount. High values can increase fraud risk.
oldbalanceOrg = 5816.0 | Sender balance before the transaction.
newbalanceOrig = 290.8000000000002 | Sender balance after the transaction.
oldbalanceDest = 0.0 | Receiver balance before the transaction."
202,07_balance_draining_attack,0.24,0.12,0.3,REVIEW,ALERT,0,1,FN,"step, amount, oldbalanceOrg, newbalanceOrig, oldbalanceDest","P(fraud) = 0.2400. Since alert_threshold 0.12 <= 0.2400 < block_threshold 0.30, the system returns REVIEW and binary fraud prediction = 0.","Scenario pattern: Amount is made close to the sender balance to simulate account draining.

Probability source: The trained ML model calculated this using model.predict_proba(). The fraud probability is the second class probability: predict_proba(X)[:, 1].

Threshold calculation: P(fraud) = 0.2400. Since alert_threshold 0.12 <= 0.2400 < block_threshold 0.30, the system returns REVIEW and binary fraud prediction = 0.

Decision reason: The transaction is suspicious but not risky enough for automatic blocking. It should be sent to manual review or an alert queue.

Top feature evidence:
step = 2.0 | Transaction time step in the simulation.
amount = 1041377.8779999999 | Transaction amount. High values can increase fraud risk.
oldbalanceOrg = 1096187.24 | Sender balance before the transaction.
newbalanceOrig = 54809.36200000008 | Sender balance after the transaction.
oldbalanceDest = 0.0 | Receiver balance before the transaction."
203,07_balance_draining_attack,0.005,0.12,0.3,ALLOW,LOG,0,0,TN,"step, amount, oldbalanceOrg, newbalanceOrig, oldbalanceDest","P(fraud) = 0.0050. Since 0.0050 < alert_threshold 0.12, the system returns ALLOW and binary fraud prediction = 0.","Scenario pattern: Amount is made close to the sender balance to simulate account draining.

Probability source: The trained ML model calculated this using model.predict_proba(). The fraud probability is the second class probability: predict_proba(X)[:, 1].

Threshold calculation: P(fraud) = 0.0050. Since 0.0050 < alert_threshold 0.12, the system returns ALLOW and binary fraud prediction = 0.

Decision reason: The transaction risk is below the alert threshold, so it is allowed and only logged.

Top feature evidence:
step = 8.0 | Transaction time step in the simulation.
amount = 75647.55 | Transaction amount. High values can increase fraud risk.
oldbalanceOrg = 79629.0 | Sender balance before the transaction.
newbalanceOrig = 3981.449999999997 | Sender balance after the transaction.
oldbalanceDest = 0.0 | Receiver balance before the transaction."
204,07_balance_draining_attack,0.09,0.12,0.3,ALLOW,LOG,0,0,TN,"step, amount, oldbalanceOrg, newbalanceOrig, oldbalanceDest","P(fraud) = 0.0900. Since 0.0900 < alert_threshold 0.12, the system returns ALLOW and binary fraud prediction = 0.","Scenario pattern: Amount is made close to the sender balance to simulate account draining.

Probability source: The trained ML model calculated this using model.predict_proba(). The fraud probability is the second class probability: predict_proba(X)[:, 1].

Threshold calculation: P(fraud) = 0.0900. Since 0.0900 < alert_threshold 0.12, the system returns ALLOW and binary fraud prediction = 0.

Decision reason: The transaction risk is below the alert threshold, so it is allowed and only logged.

Top feature evidence:
step = 8.0 | Transaction time step in the simulation.
amount = 5160.4 | Transaction amount. High values can increase fraud risk.
oldbalanceOrg = 5432.0 | Sender balance before the transaction.
newbalanceOrig = 271.60000000000036 | Sender balance after the transaction.
oldbalanceDest = 0.0 | Receiver balance before the transaction."
205,07_balance_draining_attack,0.055,0.12,0.3,ALLOW,LOG,0,0,TN,"step, amount, oldbalanceOrg, newbalanceOrig, oldbalanceDest","P(fraud) = 0.0550. Since 0.0550 < alert_threshold 0.12, the system returns ALLOW and binary fraud prediction = 0.","Scenario pattern: Amount is made close to the sender balance to simulate account draining.

Probability source: The trained ML model calculated this using model.predict_proba(). The fraud probability is the second class probability: predict_proba(X)[:, 1].

Threshold calculation: P(fraud) = 0.0550. Since 0.0550 < alert_threshold 0.12, the system returns ALLOW and binary fraud prediction = 0.

Decision reason: The transaction risk is below the alert threshold, so it is allowed and only logged.

Top feature evidence:
step = 8.0 | Transaction time step in the simulation.
amount = 0.0 | Transaction amount. High values can increase fraud risk.
oldbalanceOrg = 0.0 | Sender balance before the transaction.
newbalanceOrig = 0.0 | Sender balance after the transaction.
oldbalanceDest = 1697229.22 | Receiver balance before the transaction."
206,07_balance_draining_attack,0.01,0.12,0.3,ALLOW,LOG,0,0,TN,"step, amount, oldbalanceOrg, newbalanceOrig, oldbalanceDest","P(fraud) = 0.0100. Since 0.0100 < alert_threshold 0.12, the system returns ALLOW and binary fraud prediction = 0.","Scenario pattern: Amount is made close to the sender balance to simulate account draining.

Probability source: The trained ML model calculated this using model.predict_proba(). The fraud probability is the second class probability: predict_proba(X)[:, 1].

Threshold calculation: P(fraud) = 0.0100. Since 0.0100 < alert_threshold 0.12, the system returns ALLOW and binary fraud prediction = 0.

Decision reason: The transaction risk is below the alert threshold, so it is allowed and only logged.

Top feature evidence:
step = 8.0 | Transaction time step in the simulation.
amount = 11047.55 | Transaction amount. High values can increase fraud risk.
oldbalanceOrg = 11629.0 | Sender balance before the transaction.
newbalanceOrig = 581.4500000000007 | Sender balance after the transaction.
oldbalanceDest = 6746.45 | Receiver balance before the transaction."
207,07_balance_draining_attack,0.0,0.12,0.3,ALLOW,LOG,0,0,TN,"step, amount, oldbalanceOrg, newbalanceOrig, oldbalanceDest","P(fraud) = 0.0000. Since 0.0000 < alert_threshold 0.12, the system returns ALLOW and binary fraud prediction = 0.","Scenario pattern: Amount is made close to the sender balance to simulate account draining.

Probability source: The trained ML model calculated this using model.predict_proba(). The fraud probability is the second class probability: predict_proba(X)[:, 1].

Threshold calculation: P(fraud) = 0.0000. Since 0.0000 < alert_threshold 0.12, the system returns ALLOW and binary fraud prediction = 0.

Decision reason: The transaction risk is below the alert threshold, so it is allowed and only logged.

Top feature evidence:
step = 1.0 | Transaction time step in the simulation.
amount = 10980.4705 | Transaction amount. High values can increase fraud risk.
oldbalanceOrg = 11558.39 | Sender balance before the transaction.
newbalanceOrig = 577.9195 | Sender balance after the transaction.
oldbalanceDest = 0.0 | Receiver balance before the transaction."
208,07_balance_draining_attack,0.04,0.12,0.3,ALLOW,LOG,0,0,TN,"step, amount, oldbalanceOrg, newbalanceOrig, oldbalanceDest","P(fraud) = 0.0400. Since 0.0400 < alert_threshold 0.12, the system returns ALLOW and binary fraud prediction = 0.","Scenario pattern: Amount is made close to the sender balance to simulate account draining.

Probability source: The trained ML model calculated this using model.predict_proba(). The fraud probability is the second class probability: predict_proba(X)[:, 1].

Threshold calculation: P(fraud) = 0.0400. Since 0.0400 < alert_threshold 0.12, the system returns ALLOW and binary fraud prediction = 0.

Decision reason: The transaction risk is below the alert threshold, so it is allowed and only logged.

Top feature evidence:
step = 7.0 | Transaction time step in the simulation.
amount = 0.0 | Transaction amount. High values can increase fraud risk.
oldbalanceOrg = 0.0 | Sender balance before the transaction.
newbalanceOrig = 0.0 | Sender balance after the transaction.
oldbalanceDest = 813862.2 | Receiver balance before the transaction."
209,07_balance_draining_attack,0.015,0.12,0.3,ALLOW,LOG,0,0,TN,"step, amount, oldbalanceOrg, newbalanceOrig, oldbalanceDest","P(fraud) = 0.0150. Since 0.0150 < alert_threshold 0.12, the system returns ALLOW and binary fraud prediction = 0.","Scenario pattern: Amount is made close to the sender balance to simulate account draining.

Probability source: The trained ML model calculated this using model.predict_proba(). The fraud probability is the second class probability: predict_proba(X)[:, 1].

Threshold calculation: P(fraud) = 0.0150. Since 0.0150 < alert_threshold 0.12, the system returns ALLOW and binary fraud prediction = 0.

Decision reason: The transaction risk is below the alert threshold, so it is allowed and only logged.

Top feature evidence:
step = 8.0 | Transaction time step in the simulation.
amount = 268649.30299999996 | Transaction amount. High values can increase fraud risk.
oldbalanceOrg = 282788.74 | Sender balance before the transaction.
newbalanceOrig = 14139.437000000034 | Sender balance after the transaction.
oldbalanceDest = 0.0 | Receiver balance before the transaction."
210,07_balance_draining_attack,0.145,0.12,0.3,REVIEW,ALERT,0,0,TN,"step, amount, oldbalanceOrg, newbalanceOrig, oldbalanceDest","P(fraud) = 0.1450. Since alert_threshold 0.12 <= 0.1450 < block_threshold 0.30, the system returns REVIEW and binary fraud prediction = 0.","Scenario pattern: Amount is made close to the sender balance to simulate account draining.

Probability source: The trained ML model calculated this using model.predict_proba(). The fraud probability is the second class probability: predict_proba(X)[:, 1].

Threshold calculation: P(fraud) = 0.1450. Since alert_threshold 0.12 <= 0.1450 < block_threshold 0.30, the system returns REVIEW and binary fraud prediction = 0.

Decision reason: The transaction is suspicious but not risky enough for automatic blocking. It should be sent to manual review or an alert queue.

Top feature evidence:
step = 4.0 | Transaction time step in the simulation.
amount = 4338845.6334999995 | Transaction amount. High values can increase fraud risk.
oldbalanceOrg = 4567205.93 | Sender balance before the transaction.
newbalanceOrig = 228360.29650000017 | Sender balance after the transaction.
oldbalanceDest = 1807303.97 | Receiver balance before the transaction."
211,07_balance_draining_attack,0.005,0.12,0.3,ALLOW,LOG,0,0,TN,"step, amount, oldbalanceOrg, newbalanceOrig, oldbalanceDest","P(fraud) = 0.0050. Since 0.0050 < alert_threshold 0.12, the system returns ALLOW and binary fraud prediction = 0.","Scenario pattern: Amount is made close to the sender balance to simulate account draining.

Probability source: The trained ML model calculated this using model.predict_proba(). The fraud probability is the second class probability: predict_proba(X)[:, 1].

Threshold calculation: P(fraud) = 0.0050. Since 0.0050 < alert_threshold 0.12, the system returns ALLOW and binary fraud prediction = 0.

Decision reason: The transaction risk is below the alert threshold, so it is allowed and only logged.

Top feature evidence:
step = 7.0 | Transaction time step in the simulation.
amount = 38946.9125 | Transaction amount. High values can increase fraud risk.
oldbalanceOrg = 40996.75 | Sender balance before the transaction.
newbalanceOrig = 2049.8375000000015 | Sender balance after the transaction.
oldbalanceDest = 0.0 | Receiver balance before the transaction."
212,07_balance_draining_attack,0.145,0.12,0.3,REVIEW,ALERT,0,1,FN,"step, amount, oldbalanceOrg, newbalanceOrig, oldbalanceDest","P(fraud) = 0.1450. Since alert_threshold 0.12 <= 0.1450 < block_threshold 0.30, the system returns REVIEW and binary fraud prediction = 0.","Scenario pattern: Amount is made close to the sender balance to simulate account draining.

Probability source: The trained ML model calculated this using model.predict_proba(). The fraud probability is the second class probability: predict_proba(X)[:, 1].

Threshold calculation: P(fraud) = 0.1450. Since alert_threshold 0.12 <= 0.1450 < block_threshold 0.30, the system returns REVIEW and binary fraud prediction = 0.

Decision reason: The transaction is suspicious but not risky enough for automatic blocking. It should be sent to manual review or an alert queue.

Top feature evidence:
step = 1.0 | Transaction time step in the simulation.
amount = 19121.6 | Transaction amount. High values can increase fraud risk.
oldbalanceOrg = 20128.0 | Sender balance before the transaction.
newbalanceOrig = 1006.4000000000015 | Sender balance after the transaction.
oldbalanceDest = 0.0 | Receiver balance before the transaction."
213,07_balance_draining_attack,0.0,0.12,0.3,ALLOW,LOG,0,0,TN,"step, amount, oldbalanceOrg, newbalanceOrig, oldbalanceDest","P(fraud) = 0.0000. Since 0.0000 < alert_threshold 0.12, the system returns ALLOW and binary fraud prediction = 0.","Scenario pattern: Amount is made close to the sender balance to simulate account draining.

Probability source: The trained ML model calculated this using model.predict_proba(). The fraud probability is the second class probability: predict_proba(X)[:, 1].

Threshold calculation: P(fraud) = 0.0000. Since 0.0000 < alert_threshold 0.12, the system returns ALLOW and binary fraud prediction = 0.

Decision reason: The transaction risk is below the alert threshold, so it is allowed and only logged.

Top feature evidence:
step = 1.0 | Transaction time step in the simulation.
amount = 9045.9 | Transaction amount. High values can increase fraud risk.
oldbalanceOrg = 9522.0 | Sender balance before the transaction.
newbalanceOrig = 476.10000000000036 | Sender balance after the transaction.
oldbalanceDest = 0.0 | Receiver balance before the transaction."
214,07_balance_draining_attack,0.005,0.12,0.3,ALLOW,LOG,0,0,TN,"step, amount, oldbalanceOrg, newbalanceOrig, oldbalanceDest","P(fraud) = 0.0050. Since 0.0050 < alert_threshold 0.12, the system returns ALLOW and binary fraud prediction = 0.","Scenario pattern: Amount is made close to the sender balance to simulate account draining.

Probability source: The trained ML model calculated this using model.predict_proba(). The fraud probability is the second class probability: predict_proba(X)[:, 1].

Threshold calculation: P(fraud) = 0.0050. Since 0.0050 < alert_threshold 0.12, the system returns ALLOW and binary fraud prediction = 0.

Decision reason: The transaction risk is below the alert threshold, so it is allowed and only logged.

Top feature evidence:
step = 8.0 | Transaction time step in the simulation.
amount = 48045.299999999996 | Transaction amount. High values can increase fraud risk.
oldbalanceOrg = 50574.0 | Sender balance before the transaction.
newbalanceOrig = 2528.7000000000044 | Sender balance after the transaction.
oldbalanceDest = 0.0 | Receiver balance before the transaction."
215,07_balance_draining_attack,0.02,0.12,0.3,ALLOW,LOG,0,0,TN,"step, amount, oldbalanceOrg, newbalanceOrig, oldbalanceDest","P(fraud) = 0.0200. Since 0.0200 < alert_threshold 0.12, the system returns ALLOW and binary fraud prediction = 0.","Scenario pattern: Amount is made close to the sender balance to simulate account draining.

Probability source: The trained ML model calculated this using model.predict_proba(). The fraud probability is the second class probability: predict_proba(X)[:, 1].

Threshold calculation: P(fraud) = 0.0200. Since 0.0200 < alert_threshold 0.12, the system returns ALLOW and binary fraud prediction = 0.

Decision reason: The transaction risk is below the alert threshold, so it is allowed and only logged.

Top feature evidence:
step = 8.0 | Transaction time step in the simulation.
amount = 0.0 | Transaction amount. High values can increase fraud risk.
oldbalanceOrg = 0.0 | Sender balance before the transaction.
newbalanceOrig = 0.0 | Sender balance after the transaction.
oldbalanceDest = 0.0 | Receiver balance before the transaction."
216,07_balance_draining_attack,0.185,0.12,0.3,REVIEW,ALERT,0,1,FN,"step, amount, oldbalanceOrg, newbalanceOrig, oldbalanceDest","P(fraud) = 0.1850. Since alert_threshold 0.12 <= 0.1850 < block_threshold 0.30, the system returns REVIEW and binary fraud prediction = 0.","Scenario pattern: Amount is made close to the sender balance to simulate account draining.

Probability source: The trained ML model calculated this using model.predict_proba(). The fraud probability is the second class probability: predict_proba(X)[:, 1].

Threshold calculation: P(fraud) = 0.1850. Since alert_threshold 0.12 <= 0.1850 < block_threshold 0.30, the system returns REVIEW and binary fraud prediction = 0.

Decision reason: The transaction is suspicious but not risky enough for automatic blocking. It should be sent to manual review or an alert queue.

Top feature evidence:
step = 2.0 | Transaction time step in the simulation.
amount = 1041377.8779999999 | Transaction amount. High values can increase fraud risk.
oldbalanceOrg = 1096187.24 | Sender balance before the transaction.
newbalanceOrig = 54809.36200000008 | Sender balance after the transaction.
oldbalanceDest = 0.0 | Receiver balance before the transaction."
217,07_balance_draining_attack,0.03,0.12,0.3,ALLOW,LOG,0,0,TN,"step, amount, oldbalanceOrg, newbalanceOrig, oldbalanceDest","P(fraud) = 0.0300. Since 0.0300 < alert_threshold 0.12, the system returns ALLOW and binary fraud prediction = 0.","Scenario pattern: Amount is made close to the sender balance to simulate account draining.

Probability source: The trained ML model calculated this using model.predict_proba(). The fraud probability is the second class probability: predict_proba(X)[:, 1].

Threshold calculation: P(fraud) = 0.0300. Since 0.0300 < alert_threshold 0.12, the system returns ALLOW and binary fraud prediction = 0.

Decision reason: The transaction risk is below the alert threshold, so it is allowed and only logged.

Top feature evidence:
step = 8.0 | Transaction time step in the simulation.
amount = 678825.673 | Transaction amount. High values can increase fraud risk.
oldbalanceOrg = 714553.34 | Sender balance before the transaction.
newbalanceOrig = 35727.667000000016 | Sender balance after the transaction.
oldbalanceDest = 0.0 | Receiver balance before the transaction."
218,07_balance_draining_attack,0.0,0.12,0.3,ALLOW,LOG,0,0,TN,"step, amount, oldbalanceOrg, newbalanceOrig, oldbalanceDest","P(fraud) = 0.0000. Since 0.0000 < alert_threshold 0.12, the system returns ALLOW and binary fraud prediction = 0.","Scenario pattern: Amount is made close to the sender balance to simulate account draining.

Probability source: The trained ML model calculated this using model.predict_proba(). The fraud probability is the second class probability: predict_proba(X)[:, 1].

Threshold calculation: P(fraud) = 0.0000. Since 0.0000 < alert_threshold 0.12, the system returns ALLOW and binary fraud prediction = 0.

Decision reason: The transaction risk is below the alert threshold, so it is allowed and only logged.

Top feature evidence:
step = 1.0 | Transaction time step in the simulation.
amount = 0.0 | Transaction amount. High values can increase fraud risk.
oldbalanceOrg = 0.0 | Sender balance before the transaction.
newbalanceOrig = 0.0 | Sender balance after the transaction.
oldbalanceDest = 0.0 | Receiver balance before the transaction."
219,07_balance_draining_attack,0.04,0.12,0.3,ALLOW,LOG,0,1,FN,"step, amount, oldbalanceOrg, newbalanceOrig, oldbalanceDest","P(fraud) = 0.0400. Since 0.0400 < alert_threshold 0.12, the system returns ALLOW and binary fraud prediction = 0.","Scenario pattern: Amount is made close to the sender balance to simulate account draining.

Probability source: The trained ML model calculated this using model.predict_proba(). The fraud probability is the second class probability: predict_proba(X)[:, 1].

Threshold calculation: P(fraud) = 0.0400. Since 0.0400 < alert_threshold 0.12, the system returns ALLOW and binary fraud prediction = 0.

Decision reason: The transaction risk is below the alert threshold, so it is allowed and only logged.

Top feature evidence:
step = 6.0 | Transaction time step in the simulation.
amount = 205600.9 | Transaction amount. High values can increase fraud risk.
oldbalanceOrg = 216422.0 | Sender balance before the transaction.
newbalanceOrig = 10821.100000000006 | Sender balance after the transaction.
oldbalanceDest = 10097.0 | Receiver balance before the transaction."
220,07_balance_draining_attack,0.0,0.12,0.3,ALLOW,LOG,0,0,TN,"step, amount, oldbalanceOrg, newbalanceOrig, oldbalanceDest","P(fraud) = 0.0000. Since 0.0000 < alert_threshold 0.12, the system returns ALLOW and binary fraud prediction = 0.","Scenario pattern: Amount is made close to the sender balance to simulate account draining.

Probability source: The trained ML model calculated this using model.predict_proba(). The fraud probability is the second class probability: predict_proba(X)[:, 1].

Threshold calculation: P(fraud) = 0.0000. Since 0.0000 < alert_threshold 0.12, the system returns ALLOW and binary fraud prediction = 0.

Decision reason: The transaction risk is below the alert threshold, so it is allowed and only logged.

Top feature evidence:
step = 2.0 | Transaction time step in the simulation.
amount = 9773.258 | Transaction amount. High values can increase fraud risk.
oldbalanceOrg = 10287.64 | Sender balance before the transaction.
newbalanceOrig = 514.3819999999996 | Sender balance after the transaction.
oldbalanceDest = 0.0 | Receiver balance before the transaction."
221,07_balance_draining_attack,0.0,0.12,0.3,ALLOW,LOG,0,0,TN,"step, amount, oldbalanceOrg, newbalanceOrig, oldbalanceDest","P(fraud) = 0.0000. Since 0.0000 < alert_threshold 0.12, the system returns ALLOW and binary fraud prediction = 0.","Scenario pattern: Amount is made close to the sender balance to simulate account draining.

Probability source: The trained ML model calculated this using model.predict_proba(). The fraud probability is the second class probability: predict_proba(X)[:, 1].

Threshold calculation: P(fraud) = 0.0000. Since 0.0000 < alert_threshold 0.12, the system returns ALLOW and binary fraud prediction = 0.

Decision reason: The transaction risk is below the alert threshold, so it is allowed and only logged.

Top feature evidence:
step = 7.0 | Transaction time step in the simulation.
amount = 379201.373 | Transaction amount. High values can increase fraud risk.
oldbalanceOrg = 399159.34 | Sender balance before the transaction.
newbalanceOrig = 19957.967000000004 | Sender balance after the transaction.
oldbalanceDest = 192849.29 | Receiver balance before the transaction."
222,07_balance_draining_attack,0.0,0.12,0.3,ALLOW,LOG,0,0,TN,"step, amount, oldbalanceOrg, newbalanceOrig, oldbalanceDest","P(fraud) = 0.0000. Since 0.0000 < alert_threshold 0.12, the system returns ALLOW and binary fraud prediction = 0.","Scenario pattern: Amount is made close to the sender balance to simulate account draining.

Probability source: The trained ML model calculated this using model.predict_proba(). The fraud probability is the second class probability: predict_proba(X)[:, 1].

Threshold calculation: P(fraud) = 0.0000. Since 0.0000 < alert_threshold 0.12, the system returns ALLOW and binary fraud prediction = 0.

Decision reason: The transaction risk is below the alert threshold, so it is allowed and only logged.

Top feature evidence:
step = 3.0 | Transaction time step in the simulation.
amount = 68.39999999999999 | Transaction amount. High values can increase fraud risk.
oldbalanceOrg = 72.0 | Sender balance before the transaction.
newbalanceOrig = 3.6000000000000085 | Sender balance after the transaction.
oldbalanceDest = 0.0 | Receiver balance before the transaction."
223,07_balance_draining_attack,0.005,0.12,0.3,ALLOW,LOG,0,0,TN,"step, amount, oldbalanceOrg, newbalanceOrig, oldbalanceDest","P(fraud) = 0.0050. Since 0.0050 < alert_threshold 0.12, the system returns ALLOW and binary fraud prediction = 0.","Scenario pattern: Amount is made close to the sender balance to simulate account draining.

Probability source: The trained ML model calculated this using model.predict_proba(). The fraud probability is the second class probability: predict_proba(X)[:, 1].

Threshold calculation: P(fraud) = 0.0050. Since 0.0050 < alert_threshold 0.12, the system returns ALLOW and binary fraud prediction = 0.

Decision reason: The transaction risk is below the alert threshold, so it is allowed and only logged.

Top feature evidence:
step = 7.0 | Transaction time step in the simulation.
amount = 172835.4 | Transaction amount. High values can increase fraud risk.
oldbalanceOrg = 181932.0 | Sender balance before the transaction.
newbalanceOrig = 9096.600000000006 | Sender balance after the transaction.
oldbalanceDest = 0.0 | Receiver balance before the transaction."
224,07_balance_draining_attack,0.425,0.12,0.3,BLOCK,BLOCK,1,1,TP,"step, amount, oldbalanceOrg, newbalanceOrig, oldbalanceDest","P(fraud) = 0.4250. Since 0.4250 >= block_threshold 0.30, the system returns BLOCK and binary fraud prediction = 1.","Scenario pattern: Amount is made close to the sender balance to simulate account draining.

Probability source: The trained ML model calculated this using model.predict_proba(). The fraud probability is the second class probability: predict_proba(X)[:, 1].

Threshold calculation: P(fraud) = 0.4250. Since 0.4250 >= block_threshold 0.30, the system returns BLOCK and binary fraud prediction = 1.

Decision reason: Fraud was detected because the model probability passed the blocking threshold. The transaction should be stopped immediately.

Top feature evidence:
step = 4.0 | Transaction time step in the simulation.
amount = 12283897.518 | Transaction amount. High values can increase fraud risk.
oldbalanceOrg = 12930418.44 | Sender balance before the transaction.
newbalanceOrig = 646520.9220000003 | Sender balance after the transaction.
oldbalanceDest = 0.0 | Receiver balance before the transaction."
225,07_balance_draining_attack,0.0,0.12,0.3,ALLOW,LOG,0,0,TN,"step, amount, oldbalanceOrg, newbalanceOrig, oldbalanceDest","P(fraud) = 0.0000. Since 0.0000 < alert_threshold 0.12, the system returns ALLOW and binary fraud prediction = 0.","Scenario pattern: Amount is made close to the sender balance to simulate account draining.

Probability source: The trained ML model calculated this using model.predict_proba(). The fraud probability is the second class probability: predict_proba(X)[:, 1].

Threshold calculation: P(fraud) = 0.0000. Since 0.0000 < alert_threshold 0.12, the system returns ALLOW and binary fraud prediction = 0.

Decision reason: The transaction risk is below the alert threshold, so it is allowed and only logged.

Top feature evidence:
step = 1.0 | Transaction time step in the simulation.
amount = 570.9499999999999 | Transaction amount. High values can increase fraud risk.
oldbalanceOrg = 601.0 | Sender balance before the transaction.
newbalanceOrig = 30.050000000000068 | Sender balance after the transaction.
oldbalanceDest = 0.0 | Receiver balance before the transaction."
226,07_balance_draining_attack,0.0,0.12,0.3,ALLOW,LOG,0,0,TN,"step, amount, oldbalanceOrg, newbalanceOrig, oldbalanceDest","P(fraud) = 0.0000. Since 0.0000 < alert_threshold 0.12, the system returns ALLOW and binary fraud prediction = 0.","Scenario pattern: Amount is made close to the sender balance to simulate account draining.

Probability source: The trained ML model calculated this using model.predict_proba(). The fraud probability is the second class probability: predict_proba(X)[:, 1].

Threshold calculation: P(fraud) = 0.0000. Since 0.0000 < alert_threshold 0.12, the system returns ALLOW and binary fraud prediction = 0.

Decision reason: The transaction risk is below the alert threshold, so it is allowed and only logged.

Top feature evidence:
step = 8.0 | Transaction time step in the simulation.
amount = 65963.877 | Transaction amount. High values can increase fraud risk.
oldbalanceOrg = 69435.66 | Sender balance before the transaction.
newbalanceOrig = 3471.7830000000104 | Sender balance after the transaction.
oldbalanceDest = 124324.0 | Receiver balance before the transaction."
227,07_balance_draining_attack,0.06,0.12,0.3,ALLOW,LOG,0,0,TN,"step, amount, oldbalanceOrg, newbalanceOrig, oldbalanceDest","P(fraud) = 0.0600. Since 0.0600 < alert_threshold 0.12, the system returns ALLOW and binary fraud prediction = 0.","Scenario pattern: Amount is made close to the sender balance to simulate account draining.

Probability source: The trained ML model calculated this using model.predict_proba(). The fraud probability is the second class probability: predict_proba(X)[:, 1].

Threshold calculation: P(fraud) = 0.0600. Since 0.0600 < alert_threshold 0.12, the system returns ALLOW and binary fraud prediction = 0.

Decision reason: The transaction risk is below the alert threshold, so it is allowed and only logged.

Top feature evidence:
step = 8.0 | Transaction time step in the simulation.
amount = 510.15 | Transaction amount. High values can increase fraud risk.
oldbalanceOrg = 537.0 | Sender balance before the transaction.
newbalanceOrig = 26.850000000000023 | Sender balance after the transaction.
oldbalanceDest = 387195.29 | Receiver balance before the transaction."
228,07_balance_draining_attack,0.0,0.12,0.3,ALLOW,LOG,0,0,TN,"step, amount, oldbalanceOrg, newbalanceOrig, oldbalanceDest","P(fraud) = 0.0000. Since 0.0000 < alert_threshold 0.12, the system returns ALLOW and binary fraud prediction = 0.","Scenario pattern: Amount is made close to the sender balance to simulate account draining.

Probability source: The trained ML model calculated this using model.predict_proba(). The fraud probability is the second class probability: predict_proba(X)[:, 1].

Threshold calculation: P(fraud) = 0.0000. Since 0.0000 < alert_threshold 0.12, the system returns ALLOW and binary fraud prediction = 0.

Decision reason: The transaction risk is below the alert threshold, so it is allowed and only logged.

Top feature evidence:
step = 2.0 | Transaction time step in the simulation.
amount = 0.0 | Transaction amount. High values can increase fraud risk.
oldbalanceOrg = 0.0 | Sender balance before the transaction.
newbalanceOrig = 0.0 | Sender balance after the transaction.
oldbalanceDest = 0.0 | Receiver balance before the transaction."
229,07_balance_draining_attack,0.03,0.12,0.3,ALLOW,LOG,0,0,TN,"step, amount, oldbalanceOrg, newbalanceOrig, oldbalanceDest","P(fraud) = 0.0300. Since 0.0300 < alert_threshold 0.12, the system returns ALLOW and binary fraud prediction = 0.","Scenario pattern: Amount is made close to the sender balance to simulate account draining.

Probability source: The trained ML model calculated this using model.predict_proba(). The fraud probability is the second class probability: predict_proba(X)[:, 1].

Threshold calculation: P(fraud) = 0.0300. Since 0.0300 < alert_threshold 0.12, the system returns ALLOW and binary fraud prediction = 0.

Decision reason: The transaction risk is below the alert threshold, so it is allowed and only logged.

Top feature evidence:
step = 8.0 | Transaction time step in the simulation.
amount = 0.0 | Transaction amount. High values can increase fraud risk.
oldbalanceOrg = 0.0 | Sender balance before the transaction.
newbalanceOrig = 0.0 | Sender balance after the transaction.
oldbalanceDest = 751659.75 | Receiver balance before the transaction."
230,07_balance_draining_attack,0.075,0.12,0.3,ALLOW,LOG,0,1,FN,"step, amount, oldbalanceOrg, newbalanceOrig, oldbalanceDest","P(fraud) = 0.0750. Since 0.0750 < alert_threshold 0.12, the system returns ALLOW and binary fraud prediction = 0.","Scenario pattern: Amount is made close to the sender balance to simulate account draining.

Probability source: The trained ML model calculated this using model.predict_proba(). The fraud probability is the second class probability: predict_proba(X)[:, 1].

Threshold calculation: P(fraud) = 0.0750. Since 0.0750 < alert_threshold 0.12, the system returns ALLOW and binary fraud prediction = 0.

Decision reason: The transaction risk is below the alert threshold, so it is allowed and only logged.

Top feature evidence:
step = 3.0 | Transaction time step in the simulation.
amount = 10012.4015 | Transaction amount. High values can increase fraud risk.
oldbalanceOrg = 10539.37 | Sender balance before the transaction.
newbalanceOrig = 526.9685000000009 | Sender balance after the transaction.
oldbalanceDest = 0.0 | Receiver balance before the transaction."
231,07_balance_draining_attack,0.005,0.12,0.3,ALLOW,LOG,0,0,TN,"step, amount, oldbalanceOrg, newbalanceOrig, oldbalanceDest","P(fraud) = 0.0050. Since 0.0050 < alert_threshold 0.12, the system returns ALLOW and binary fraud prediction = 0.","Scenario pattern: Amount is made close to the sender balance to simulate account draining.

Probability source: The trained ML model calculated this using model.predict_proba(). The fraud probability is the second class probability: predict_proba(X)[:, 1].

Threshold calculation: P(fraud) = 0.0050. Since 0.0050 < alert_threshold 0.12, the system returns ALLOW and binary fraud prediction = 0.

Decision reason: The transaction risk is below the alert threshold, so it is allowed and only logged.

Top feature evidence:
step = 7.0 | Transaction time step in the simulation.
amount = 22372.5 | Transaction amount. High values can increase fraud risk.
oldbalanceOrg = 23550.0 | Sender balance before the transaction.
newbalanceOrig = 1177.5 | Sender balance after the transaction.
oldbalanceDest = 0.0 | Receiver balance before the transaction."
232,07_balance_draining_attack,0.0,0.12,0.3,ALLOW,LOG,0,0,TN,"step, amount, oldbalanceOrg, newbalanceOrig, oldbalanceDest","P(fraud) = 0.0000. Since 0.0000 < alert_threshold 0.12, the system returns ALLOW and binary fraud prediction = 0.","Scenario pattern: Amount is made close to the sender balance to simulate account draining.

Probability source: The trained ML model calculated this using model.predict_proba(). The fraud probability is the second class probability: predict_proba(X)[:, 1].

Threshold calculation: P(fraud) = 0.0000. Since 0.0000 < alert_threshold 0.12, the system returns ALLOW and binary fraud prediction = 0.

Decision reason: The transaction risk is below the alert threshold, so it is allowed and only logged.

Top feature evidence:
step = 8.0 | Transaction time step in the simulation.
amount = 5636.349999999999 | Transaction amount. High values can increase fraud risk.
oldbalanceOrg = 5933.0 | Sender balance before the transaction.
newbalanceOrig = 296.65000000000055 | Sender balance after the transaction.
oldbalanceDest = 0.0 | Receiver balance before the transaction."
233,07_balance_draining_attack,0.0,0.12,0.3,ALLOW,LOG,0,0,TN,"step, amount, oldbalanceOrg, newbalanceOrig, oldbalanceDest","P(fraud) = 0.0000. Since 0.0000 < alert_threshold 0.12, the system returns ALLOW and binary fraud prediction = 0.","Scenario pattern: Amount is made close to the sender balance to simulate account draining.

Probability source: The trained ML model calculated this using model.predict_proba(). The fraud probability is the second class probability: predict_proba(X)[:, 1].

Threshold calculation: P(fraud) = 0.0000. Since 0.0000 < alert_threshold 0.12, the system returns ALLOW and binary fraud prediction = 0.

Decision reason: The transaction risk is below the alert threshold, so it is allowed and only logged.

Top feature evidence:
step = 8.0 | Transaction time step in the simulation.
amount = 18297.95 | Transaction amount. High values can increase fraud risk.
oldbalanceOrg = 19261.0 | Sender balance before the transaction.
newbalanceOrig = 963.0499999999993 | Sender balance after the transaction.
oldbalanceDest = 0.0 | Receiver balance before the transaction."
234,07_balance_draining_attack,0.015,0.12,0.3,ALLOW,LOG,0,0,TN,"step, amount, oldbalanceOrg, newbalanceOrig, oldbalanceDest","P(fraud) = 0.0150. Since 0.0150 < alert_threshold 0.12, the system returns ALLOW and binary fraud prediction = 0.","Scenario pattern: Amount is made close to the sender balance to simulate account draining.

Probability source: The trained ML model calculated this using model.predict_proba(). The fraud probability is the second class probability: predict_proba(X)[:, 1].

Threshold calculation: P(fraud) = 0.0150. Since 0.0150 < alert_threshold 0.12, the system returns ALLOW and binary fraud prediction = 0.

Decision reason: The transaction risk is below the alert threshold, so it is allowed and only logged.

Top feature evidence:
step = 7.0 | Transaction time step in the simulation.
amount = 0.0 | Transaction amount. High values can increase fraud risk.
oldbalanceOrg = 0.0 | Sender balance before the transaction.
newbalanceOrig = 0.0 | Sender balance after the transaction.
oldbalanceDest = 0.0 | Receiver balance before the transaction."
235,07_balance_draining_attack,0.12,0.12,0.3,REVIEW,ALERT,0,1,FN,"step, amount, oldbalanceOrg, newbalanceOrig, oldbalanceDest","P(fraud) = 0.1200. Since alert_threshold 0.12 <= 0.1200 < block_threshold 0.30, the system returns REVIEW and binary fraud prediction = 0.","Scenario pattern: Amount is made close to the sender balance to simulate account draining.

Probability source: The trained ML model calculated this using model.predict_proba(). The fraud probability is the second class probability: predict_proba(X)[:, 1].

Threshold calculation: P(fraud) = 0.1200. Since alert_threshold 0.12 <= 0.1200 < block_threshold 0.30, the system returns REVIEW and binary fraud prediction = 0.

Decision reason: The transaction is suspicious but not risky enough for automatic blocking. It should be sent to manual review or an alert queue.

Top feature evidence:
step = 6.0 | Transaction time step in the simulation.
amount = 16454.8645 | Transaction amount. High values can increase fraud risk.
oldbalanceOrg = 17320.91 | Sender balance before the transaction.
newbalanceOrig = 866.0455000000002 | Sender balance after the transaction.
oldbalanceDest = 6244.44 | Receiver balance before the transaction."
236,07_balance_draining_attack,0.095,0.12,0.3,ALLOW,LOG,0,1,FN,"step, amount, oldbalanceOrg, newbalanceOrig, oldbalanceDest","P(fraud) = 0.0950. Since 0.0950 < alert_threshold 0.12, the system returns ALLOW and binary fraud prediction = 0.","Scenario pattern: Amount is made close to the sender balance to simulate account draining.

Probability source: The trained ML model calculated this using model.predict_proba(). The fraud probability is the second class probability: predict_proba(X)[:, 1].

Threshold calculation: P(fraud) = 0.0950. Since 0.0950 < alert_threshold 0.12, the system returns ALLOW and binary fraud prediction = 0.

Decision reason: The transaction risk is below the alert threshold, so it is allowed and only logged.

Top feature evidence:
step = 7.0 | Transaction time step in the simulation.
amount = 249312.81299999997 | Transaction amount. High values can increase fraud risk.
oldbalanceOrg = 262434.54 | Sender balance before the transaction.
newbalanceOrig = 13121.727000000014 | Sender balance after the transaction.
oldbalanceDest = 0.0 | Receiver balance before the transaction."
237,07_balance_draining_attack,0.01,0.12,0.3,ALLOW,LOG,0,0,TN,"step, amount, oldbalanceOrg, newbalanceOrig, oldbalanceDest","P(fraud) = 0.0100. Since 0.0100 < alert_threshold 0.12, the system returns ALLOW and binary fraud prediction = 0.","Scenario pattern: Amount is made close to the sender balance to simulate account draining.

Probability source: The trained ML model calculated this using model.predict_proba(). The fraud probability is the second class probability: predict_proba(X)[:, 1].

Threshold calculation: P(fraud) = 0.0100. Since 0.0100 < alert_threshold 0.12, the system returns ALLOW and binary fraud prediction = 0.

Decision reason: The transaction risk is below the alert threshold, so it is allowed and only logged.

Top feature evidence:
step = 3.0 | Transaction time step in the simulation.
amount = 58786.0 | Transaction amount. High values can increase fraud risk.
oldbalanceOrg = 61880.0 | Sender balance before the transaction.
newbalanceOrig = 3094.0 | Sender balance after the transaction.
oldbalanceDest = 0.0 | Receiver balance before the transaction."
238,07_balance_draining_attack,0.005,0.12,0.3,ALLOW,LOG,0,0,TN,"step, amount, oldbalanceOrg, newbalanceOrig, oldbalanceDest","P(fraud) = 0.0050. Since 0.0050 < alert_threshold 0.12, the system returns ALLOW and binary fraud prediction = 0.","Scenario pattern: Amount is made close to the sender balance to simulate account draining.

Probability source: The trained ML model calculated this using model.predict_proba(). The fraud probability is the second class probability: predict_proba(X)[:, 1].

Threshold calculation: P(fraud) = 0.0050. Since 0.0050 < alert_threshold 0.12, the system returns ALLOW and binary fraud prediction = 0.

Decision reason: The transaction risk is below the alert threshold, so it is allowed and only logged.

Top feature evidence:
step = 8.0 | Transaction time step in the simulation.
amount = 40253.4 | Transaction amount. High values can increase fraud risk.
oldbalanceOrg = 42372.0 | Sender balance before the transaction.
newbalanceOrig = 2118.5999999999985 | Sender balance after the transaction.
oldbalanceDest = 0.0 | Receiver balance before the transaction."
239,07_balance_draining_attack,0.015,0.12,0.3,ALLOW,LOG,0,0,TN,"step, amount, oldbalanceOrg, newbalanceOrig, oldbalanceDest","P(fraud) = 0.0150. Since 0.0150 < alert_threshold 0.12, the system returns ALLOW and binary fraud prediction = 0.","Scenario pattern: Amount is made close to the sender balance to simulate account draining.

Probability source: The trained ML model calculated this using model.predict_proba(). The fraud probability is the second class probability: predict_proba(X)[:, 1].

Threshold calculation: P(fraud) = 0.0150. Since 0.0150 < alert_threshold 0.12, the system returns ALLOW and binary fraud prediction = 0.

Decision reason: The transaction risk is below the alert threshold, so it is allowed and only logged.

Top feature evidence:
step = 8.0 | Transaction time step in the simulation.
amount = 1118.0455 | Transaction amount. High values can increase fraud risk.
oldbalanceOrg = 1176.89 | Sender balance before the transaction.
newbalanceOrig = 58.84450000000015 | Sender balance after the transaction.
oldbalanceDest = 0.0 | Receiver balance before the transaction."
240,07_balance_draining_attack,0.0,0.12,0.3,ALLOW,LOG,0,0,TN,"step, amount, oldbalanceOrg, newbalanceOrig, oldbalanceDest","P(fraud) = 0.0000. Since 0.0000 < alert_threshold 0.12, the system returns ALLOW and binary fraud prediction = 0.","Scenario pattern: Amount is made close to the sender balance to simulate account draining.

Probability source: The trained ML model calculated this using model.predict_proba(). The fraud probability is the second class probability: predict_proba(X)[:, 1].

Threshold calculation: P(fraud) = 0.0000. Since 0.0000 < alert_threshold 0.12, the system returns ALLOW and binary fraud prediction = 0.

Decision reason: The transaction risk is below the alert threshold, so it is allowed and only logged.

Top feature evidence:
step = 1.0 | Transaction time step in the simulation.
amount = 22905.45 | Transaction amount. High values can increase fraud risk.
oldbalanceOrg = 24111.0 | Sender balance before the transaction.
newbalanceOrig = 1205.5499999999993 | Sender balance after the transaction.
oldbalanceDest = 0.0 | Receiver balance before the transaction."
241,07_balance_draining_attack,0.0,0.12,0.3,ALLOW,LOG,0,0,TN,"step, amount, oldbalanceOrg, newbalanceOrig, oldbalanceDest","P(fraud) = 0.0000. Since 0.0000 < alert_threshold 0.12, the system returns ALLOW and binary fraud prediction = 0.","Scenario pattern: Amount is made close to the sender balance to simulate account draining.

Probability source: The trained ML model calculated this using model.predict_proba(). The fraud probability is the second class probability: predict_proba(X)[:, 1].

Threshold calculation: P(fraud) = 0.0000. Since 0.0000 < alert_threshold 0.12, the system returns ALLOW and binary fraud prediction = 0.

Decision reason: The transaction risk is below the alert threshold, so it is allowed and only logged.

Top feature evidence:
step = 8.0 | Transaction time step in the simulation.
amount = 48425.299999999996 | Transaction amount. High values can increase fraud risk.
oldbalanceOrg = 50974.0 | Sender balance before the transaction.
newbalanceOrig = 2548.7000000000044 | Sender balance after the transaction.
oldbalanceDest = 41371.0 | Receiver balance before the transaction."
242,07_balance_draining_attack,0.01,0.12,0.3,ALLOW,LOG,0,0,TN,"step, amount, oldbalanceOrg, newbalanceOrig, oldbalanceDest","P(fraud) = 0.0100. Since 0.0100 < alert_threshold 0.12, the system returns ALLOW and binary fraud prediction = 0.","Scenario pattern: Amount is made close to the sender balance to simulate account draining.

Probability source: The trained ML model calculated this using model.predict_proba(). The fraud probability is the second class probability: predict_proba(X)[:, 1].

Threshold calculation: P(fraud) = 0.0100. Since 0.0100 < alert_threshold 0.12, the system returns ALLOW and binary fraud prediction = 0.

Decision reason: The transaction risk is below the alert threshold, so it is allowed and only logged.

Top feature evidence:
step = 7.0 | Transaction time step in the simulation.
amount = 2067.2 | Transaction amount. High values can increase fraud risk.
oldbalanceOrg = 2176.0 | Sender balance before the transaction.
newbalanceOrig = 108.80000000000018 | Sender balance after the transaction.
oldbalanceDest = 0.0 | Receiver balance before the transaction."
243,07_balance_draining_attack,0.25,0.12,0.3,REVIEW,ALERT,0,1,FN,"step, amount, oldbalanceOrg, newbalanceOrig, oldbalanceDest","P(fraud) = 0.2500. Since alert_threshold 0.12 <= 0.2500 < block_threshold 0.30, the system returns REVIEW and binary fraud prediction = 0.","Scenario pattern: Amount is made close to the sender balance to simulate account draining.

Probability source: The trained ML model calculated this using model.predict_proba(). The fraud probability is the second class probability: predict_proba(X)[:, 1].

Threshold calculation: P(fraud) = 0.2500. Since alert_threshold 0.12 <= 0.2500 < block_threshold 0.30, the system returns REVIEW and binary fraud prediction = 0.

Decision reason: The transaction is suspicious but not risky enough for automatic blocking. It should be sent to manual review or an alert queue.

Top feature evidence:
step = 1.0 | Transaction time step in the simulation.
amount = 2665.7 | Transaction amount. High values can increase fraud risk.
oldbalanceOrg = 2806.0 | Sender balance before the transaction.
newbalanceOrig = 140.30000000000018 | Sender balance after the transaction.
oldbalanceDest = 26202.0 | Receiver balance before the transaction."
244,07_balance_draining_attack,0.005,0.12,0.3,ALLOW,LOG,0,0,TN,"step, amount, oldbalanceOrg, newbalanceOrig, oldbalanceDest","P(fraud) = 0.0050. Since 0.0050 < alert_threshold 0.12, the system returns ALLOW and binary fraud prediction = 0.","Scenario pattern: Amount is made close to the sender balance to simulate account draining.

Probability source: The trained ML model calculated this using model.predict_proba(). The fraud probability is the second class probability: predict_proba(X)[:, 1].

Threshold calculation: P(fraud) = 0.0050. Since 0.0050 < alert_threshold 0.12, the system returns ALLOW and binary fraud prediction = 0.

Decision reason: The transaction risk is below the alert threshold, so it is allowed and only logged.

Top feature evidence:
step = 7.0 | Transaction time step in the simulation.
amount = 26816.6 | Transaction amount. High values can increase fraud risk.
oldbalanceOrg = 28228.0 | Sender balance before the transaction.
newbalanceOrig = 1411.4000000000015 | Sender balance after the transaction.
oldbalanceDest = 0.0 | Receiver balance before the transaction."
245,07_balance_draining_attack,0.0,0.12,0.3,ALLOW,LOG,0,0,TN,"step, amount, oldbalanceOrg, newbalanceOrig, oldbalanceDest","P(fraud) = 0.0000. Since 0.0000 < alert_threshold 0.12, the system returns ALLOW and binary fraud prediction = 0.","Scenario pattern: Amount is made close to the sender balance to simulate account draining.

Probability source: The trained ML model calculated this using model.predict_proba(). The fraud probability is the second class probability: predict_proba(X)[:, 1].

Threshold calculation: P(fraud) = 0.0000. Since 0.0000 < alert_threshold 0.12, the system returns ALLOW and binary fraud prediction = 0.

Decision reason: The transaction risk is below the alert threshold, so it is allowed and only logged.

Top feature evidence:
step = 7.0 | Transaction time step in the simulation.
amount = 20243.55 | Transaction amount. High values can increase fraud risk.
oldbalanceOrg = 21309.0 | Sender balance before the transaction.
newbalanceOrig = 1065.4500000000007 | Sender balance after the transaction.
oldbalanceDest = 0.0 | Receiver balance before the transaction."
246,07_balance_draining_attack,0.005,0.12,0.3,ALLOW,LOG,0,0,TN,"step, amount, oldbalanceOrg, newbalanceOrig, oldbalanceDest","P(fraud) = 0.0050. Since 0.0050 < alert_threshold 0.12, the system returns ALLOW and binary fraud prediction = 0.","Scenario pattern: Amount is made close to the sender balance to simulate account draining.

Probability source: The trained ML model calculated this using model.predict_proba(). The fraud probability is the second class probability: predict_proba(X)[:, 1].

Threshold calculation: P(fraud) = 0.0050. Since 0.0050 < alert_threshold 0.12, the system returns ALLOW and binary fraud prediction = 0.

Decision reason: The transaction risk is below the alert threshold, so it is allowed and only logged.

Top feature evidence:
step = 5.0 | Transaction time step in the simulation.
amount = 41241.7895 | Transaction amount. High values can increase fraud risk.
oldbalanceOrg = 43412.41 | Sender balance before the transaction.
newbalanceOrig = 2170.6205000000045 | Sender balance after the transaction.
oldbalanceDest = 0.0 | Receiver balance before the transaction."
247,07_balance_draining_attack,0.085,0.12,0.3,ALLOW,LOG,0,0,TN,"step, amount, oldbalanceOrg, newbalanceOrig, oldbalanceDest","P(fraud) = 0.0850. Since 0.0850 < alert_threshold 0.12, the system returns ALLOW and binary fraud prediction = 0.","Scenario pattern: Amount is made close to the sender balance to simulate account draining.

Probability source: The trained ML model calculated this using model.predict_proba(). The fraud probability is the second class probability: predict_proba(X)[:, 1].

Threshold calculation: P(fraud) = 0.0850. Since 0.0850 < alert_threshold 0.12, the system returns ALLOW and binary fraud prediction = 0.

Decision reason: The transaction risk is below the alert threshold, so it is allowed and only logged.

Top feature evidence:
step = 8.0 | Transaction time step in the simulation.
amount = 2487146.5785 | Transaction amount. High values can increase fraud risk.
oldbalanceOrg = 2618049.03 | Sender balance before the transaction.
newbalanceOrig = 130902.45149999997 | Sender balance after the transaction.
oldbalanceDest = 7735732.05 | Receiver balance before the transaction."
248,07_balance_draining_attack,0.045,0.12,0.3,ALLOW,LOG,0,0,TN,"step, amount, oldbalanceOrg, newbalanceOrig, oldbalanceDest","P(fraud) = 0.0450. Since 0.0450 < alert_threshold 0.12, the system returns ALLOW and binary fraud prediction = 0.","Scenario pattern: Amount is made close to the sender balance to simulate account draining.

Probability source: The trained ML model calculated this using model.predict_proba(). The fraud probability is the second class probability: predict_proba(X)[:, 1].

Threshold calculation: P(fraud) = 0.0450. Since 0.0450 < alert_threshold 0.12, the system returns ALLOW and binary fraud prediction = 0.

Decision reason: The transaction risk is below the alert threshold, so it is allowed and only logged.

Top feature evidence:
step = 8.0 | Transaction time step in the simulation.
amount = 0.0 | Transaction amount. High values can increase fraud risk.
oldbalanceOrg = 0.0 | Sender balance before the transaction.
newbalanceOrig = 0.0 | Sender balance after the transaction.
oldbalanceDest = 399758.82 | Receiver balance before the transaction."
249,07_balance_draining_attack,0.14,0.12,0.3,REVIEW,ALERT,0,1,FN,"step, amount, oldbalanceOrg, newbalanceOrig, oldbalanceDest","P(fraud) = 0.1400. Since alert_threshold 0.12 <= 0.1400 < block_threshold 0.30, the system returns REVIEW and binary fraud prediction = 0.","Scenario pattern: Amount is made close to the sender balance to simulate account draining.

Probability source: The trained ML model calculated this using model.predict_proba(). The fraud probability is the second class probability: predict_proba(X)[:, 1].

Threshold calculation: P(fraud) = 0.1400. Since alert_threshold 0.12 <= 0.1400 < block_threshold 0.30, the system returns REVIEW and binary fraud prediction = 0.

Decision reason: The transaction is suspicious but not risky enough for automatic blocking. It should be sent to manual review or an alert queue.

Top feature evidence:
step = 2.0 | Transaction time step in the simulation.
amount = 17695.668999999998 | Transaction amount. High values can increase fraud risk.
oldbalanceOrg = 18627.02 | Sender balance before the transaction.
newbalanceOrig = 931.3510000000024 | Sender balance after the transaction.
oldbalanceDest = 0.0 | Receiver balance before the transaction."
250,07_balance_draining_attack,0.035,0.12,0.3,ALLOW,LOG,0,0,TN,"step, amount, oldbalanceOrg, newbalanceOrig, oldbalanceDest","P(fraud) = 0.0350. Since 0.0350 < alert_threshold 0.12, the system returns ALLOW and binary fraud prediction = 0.","Scenario pattern: Amount is made close to the sender balance to simulate account draining.

Probability source: The trained ML model calculated this using model.predict_proba(). The fraud probability is the second class probability: predict_proba(X)[:, 1].

Threshold calculation: P(fraud) = 0.0350. Since 0.0350 < alert_threshold 0.12, the system returns ALLOW and binary fraud prediction = 0.

Decision reason: The transaction risk is below the alert threshold, so it is allowed and only logged.

Top feature evidence:
step = 1.0 | Transaction time step in the simulation.
amount = 0.0 | Transaction amount. High values can increase fraud risk.
oldbalanceOrg = 0.0 | Sender balance before the transaction.
newbalanceOrig = 0.0 | Sender balance after the transaction.
oldbalanceDest = 412307.54 | Receiver balance before the transaction."
251,07_balance_draining_attack,0.005,0.12,0.3,ALLOW,LOG,0,0,TN,"step, amount, oldbalanceOrg, newbalanceOrig, oldbalanceDest","P(fraud) = 0.0050. Since 0.0050 < alert_threshold 0.12, the system returns ALLOW and binary fraud prediction = 0.","Scenario pattern: Amount is made close to the sender balance to simulate account draining.

Probability source: The trained ML model calculated this using model.predict_proba(). The fraud probability is the second class probability: predict_proba(X)[:, 1].

Threshold calculation: P(fraud) = 0.0050. Since 0.0050 < alert_threshold 0.12, the system returns ALLOW and binary fraud prediction = 0.

Decision reason: The transaction risk is below the alert threshold, so it is allowed and only logged.

Top feature evidence:
step = 8.0 | Transaction time step in the simulation.
amount = 142771.69999999998 | Transaction amount. High values can increase fraud risk.
oldbalanceOrg = 150286.0 | Sender balance before the transaction.
newbalanceOrig = 7514.3000000000175 | Sender balance after the transaction.
oldbalanceDest = 0.0 | Receiver balance before the transaction."
252,07_balance_draining_attack,0.0,0.12,0.3,ALLOW,LOG,0,0,TN,"step, amount, oldbalanceOrg, newbalanceOrig, oldbalanceDest","P(fraud) = 0.0000. Since 0.0000 < alert_threshold 0.12, the system returns ALLOW and binary fraud prediction = 0.","Scenario pattern: Amount is made close to the sender balance to simulate account draining.

Probability source: The trained ML model calculated this using model.predict_proba(). The fraud probability is the second class probability: predict_proba(X)[:, 1].

Threshold calculation: P(fraud) = 0.0000. Since 0.0000 < alert_threshold 0.12, the system returns ALLOW and binary fraud prediction = 0.

Decision reason: The transaction risk is below the alert threshold, so it is allowed and only logged.

Top feature evidence:
step = 7.0 | Transaction time step in the simulation.
amount = 83120.7915 | Transaction amount. High values can increase fraud risk.
oldbalanceOrg = 87495.57 | Sender balance before the transaction.
newbalanceOrig = 4374.7785 | Sender balance after the transaction.
oldbalanceDest = 467670.57 | Receiver balance before the transaction."
253,07_balance_draining_attack,0.415,0.12,0.3,BLOCK,BLOCK,1,1,TP,"step, amount, oldbalanceOrg, newbalanceOrig, oldbalanceDest","P(fraud) = 0.4150. Since 0.4150 >= block_threshold 0.30, the system returns BLOCK and binary fraud prediction = 1.","Scenario pattern: Amount is made close to the sender balance to simulate account draining.

Probability source: The trained ML model calculated this using model.predict_proba(). The fraud probability is the second class probability: predict_proba(X)[:, 1].

Threshold calculation: P(fraud) = 0.4150. Since 0.4150 >= block_threshold 0.30, the system returns BLOCK and binary fraud prediction = 1.

Decision reason: Fraud was detected because the model probability passed the blocking threshold. The transaction should be stopped immediately.

Top feature evidence:
step = 1.0 | Transaction time step in the simulation.
amount = 171.95 | Transaction amount. High values can increase fraud risk.
oldbalanceOrg = 181.0 | Sender balance before the transaction.
newbalanceOrig = 9.050000000000011 | Sender balance after the transaction.
oldbalanceDest = 0.0 | Receiver balance before the transaction."
254,07_balance_draining_attack,0.1,0.12,0.3,ALLOW,LOG,0,0,TN,"step, amount, oldbalanceOrg, newbalanceOrig, oldbalanceDest","P(fraud) = 0.1000. Since 0.1000 < alert_threshold 0.12, the system returns ALLOW and binary fraud prediction = 0.","Scenario pattern: Amount is made close to the sender balance to simulate account draining.

Probability source: The trained ML model calculated this using model.predict_proba(). The fraud probability is the second class probability: predict_proba(X)[:, 1].

Threshold calculation: P(fraud) = 0.1000. Since 0.1000 < alert_threshold 0.12, the system returns ALLOW and binary fraud prediction = 0.

Decision reason: The transaction risk is below the alert threshold, so it is allowed and only logged.

Top feature evidence:
step = 3.0 | Transaction time step in the simulation.
amount = 20253.553499999998 | Transaction amount. High values can increase fraud risk.
oldbalanceOrg = 21319.53 | Sender balance before the transaction.
newbalanceOrig = 1065.9765000000007 | Sender balance after the transaction.
oldbalanceDest = 34704.23 | Receiver balance before the transaction."
255,07_balance_draining_attack,0.12,0.12,0.3,REVIEW,ALERT,0,0,TN,"step, amount, oldbalanceOrg, newbalanceOrig, oldbalanceDest","P(fraud) = 0.1200. Since alert_threshold 0.12 <= 0.1200 < block_threshold 0.30, the system returns REVIEW and binary fraud prediction = 0.","Scenario pattern: Amount is made close to the sender balance to simulate account draining.

Probability source: The trained ML model calculated this using model.predict_proba(). The fraud probability is the second class probability: predict_proba(X)[:, 1].

Threshold calculation: P(fraud) = 0.1200. Since alert_threshold 0.12 <= 0.1200 < block_threshold 0.30, the system returns REVIEW and binary fraud prediction = 0.

Decision reason: The transaction is suspicious but not risky enough for automatic blocking. It should be sent to manual review or an alert queue.

Top feature evidence:
step = 8.0 | Transaction time step in the simulation.
amount = 1244013.0395 | Transaction amount. High values can increase fraud risk.
oldbalanceOrg = 1309487.41 | Sender balance before the transaction.
newbalanceOrig = 65474.37049999996 | Sender balance after the transaction.
oldbalanceDest = 17882664.78 | Receiver balance before the transaction."
256,07_balance_draining_attack,0.105,0.12,0.3,ALLOW,LOG,0,1,FN,"step, amount, oldbalanceOrg, newbalanceOrig, oldbalanceDest","P(fraud) = 0.1050. Since 0.1050 < alert_threshold 0.12, the system returns ALLOW and binary fraud prediction = 0.","Scenario pattern: Amount is made close to the sender balance to simulate account draining.

Probability source: The trained ML model calculated this using model.predict_proba(). The fraud probability is the second class probability: predict_proba(X)[:, 1].

Threshold calculation: P(fraud) = 0.1050. Since 0.1050 < alert_threshold 0.12, the system returns ALLOW and binary fraud prediction = 0.

Decision reason: The transaction risk is below the alert threshold, so it is allowed and only logged.

Top feature evidence:
step = 4.0 | Transaction time step in the simulation.
amount = 81766.66149999999 | Transaction amount. High values can increase fraud risk.
oldbalanceOrg = 86070.17 | Sender balance before the transaction.
newbalanceOrig = 4303.508500000011 | Sender balance after the transaction.
oldbalanceDest = 0.0 | Receiver balance before the transaction."
257,07_balance_draining_attack,0.155,0.12,0.3,REVIEW,ALERT,0,0,TN,"step, amount, oldbalanceOrg, newbalanceOrig, oldbalanceDest","P(fraud) = 0.1550. Since alert_threshold 0.12 <= 0.1550 < block_threshold 0.30, the system returns REVIEW and binary fraud prediction = 0.","Scenario pattern: Amount is made close to the sender balance to simulate account draining.

Probability source: The trained ML model calculated this using model.predict_proba(). The fraud probability is the second class probability: predict_proba(X)[:, 1].

Threshold calculation: P(fraud) = 0.1550. Since alert_threshold 0.12 <= 0.1550 < block_threshold 0.30, the system returns REVIEW and binary fraud prediction = 0.

Decision reason: The transaction is suspicious but not risky enough for automatic blocking. It should be sent to manual review or an alert queue.

Top feature evidence:
step = 8.0 | Transaction time step in the simulation.
amount = 5332779.285999999 | Transaction amount. High values can increase fraud risk.
oldbalanceOrg = 5613451.88 | Sender balance before the transaction.
newbalanceOrig = 280672.5940000005 | Sender balance after the transaction.
oldbalanceDest = 1061002.63 | Receiver balance before the transaction."
258,07_balance_draining_attack,0.01,0.12,0.3,ALLOW,LOG,0,0,TN,"step, amount, oldbalanceOrg, newbalanceOrig, oldbalanceDest","P(fraud) = 0.0100. Since 0.0100 < alert_threshold 0.12, the system returns ALLOW and binary fraud prediction = 0.","Scenario pattern: Amount is made close to the sender balance to simulate account draining.

Probability source: The trained ML model calculated this using model.predict_proba(). The fraud probability is the second class probability: predict_proba(X)[:, 1].

Threshold calculation: P(fraud) = 0.0100. Since 0.0100 < alert_threshold 0.12, the system returns ALLOW and binary fraud prediction = 0.

Decision reason: The transaction risk is below the alert threshold, so it is allowed and only logged.

Top feature evidence:
step = 8.0 | Transaction time step in the simulation.
amount = 754382.1655 | Transaction amount. High values can increase fraud risk.
oldbalanceOrg = 794086.49 | Sender balance before the transaction.
newbalanceOrig = 39704.32449999999 | Sender balance after the transaction.
oldbalanceDest = 987293.88 | Receiver balance before the transaction."
259,07_balance_draining_attack,0.325,0.12,0.3,BLOCK,BLOCK,1,1,TP,"step, amount, oldbalanceOrg, newbalanceOrig, oldbalanceDest","P(fraud) = 0.3250. Since 0.3250 >= block_threshold 0.30, the system returns BLOCK and binary fraud prediction = 1.","Scenario pattern: Amount is made close to the sender balance to simulate account draining.

Probability source: The trained ML model calculated this using model.predict_proba(). The fraud probability is the second class probability: predict_proba(X)[:, 1].

Threshold calculation: P(fraud) = 0.3250. Since 0.3250 >= block_threshold 0.30, the system returns BLOCK and binary fraud prediction = 1.

Decision reason: Fraud was detected because the model probability passed the blocking threshold. The transaction should be stopped immediately.

Top feature evidence:
step = 1.0 | Transaction time step in the simulation.
amount = 1213352.1315 | Transaction amount. High values can increase fraud risk.
oldbalanceOrg = 1277212.77 | Sender balance before the transaction.
newbalanceOrig = 63860.63850000012 | Sender balance after the transaction.
oldbalanceDest = 0.0 | Receiver balance before the transaction."
260,07_balance_draining_attack,0.135,0.12,0.3,REVIEW,ALERT,0,0,TN,"step, amount, oldbalanceOrg, newbalanceOrig, oldbalanceDest","P(fraud) = 0.1350. Since alert_threshold 0.12 <= 0.1350 < block_threshold 0.30, the system returns REVIEW and binary fraud prediction = 0.","Scenario pattern: Amount is made close to the sender balance to simulate account draining.

Probability source: The trained ML model calculated this using model.predict_proba(). The fraud probability is the second class probability: predict_proba(X)[:, 1].

Threshold calculation: P(fraud) = 0.1350. Since alert_threshold 0.12 <= 0.1350 < block_threshold 0.30, the system returns REVIEW and binary fraud prediction = 0.

Decision reason: The transaction is suspicious but not risky enough for automatic blocking. It should be sent to manual review or an alert queue.

Top feature evidence:
step = 7.0 | Transaction time step in the simulation.
amount = 9023383.024 | Transaction amount. High values can increase fraud risk.
oldbalanceOrg = 9498297.92 | Sender balance before the transaction.
newbalanceOrig = 474914.8959999997 | Sender balance after the transaction.
oldbalanceDest = 3248443.3 | Receiver balance before the transaction."
261,07_balance_draining_attack,0.025,0.12,0.3,ALLOW,LOG,0,0,TN,"step, amount, oldbalanceOrg, newbalanceOrig, oldbalanceDest","P(fraud) = 0.0250. Since 0.0250 < alert_threshold 0.12, the system returns ALLOW and binary fraud prediction = 0.","Scenario pattern: Amount is made close to the sender balance to simulate account draining.

Probability source: The trained ML model calculated this using model.predict_proba(). The fraud probability is the second class probability: predict_proba(X)[:, 1].

Threshold calculation: P(fraud) = 0.0250. Since 0.0250 < alert_threshold 0.12, the system returns ALLOW and binary fraud prediction = 0.

Decision reason: The transaction risk is below the alert threshold, so it is allowed and only logged.

Top feature evidence:
step = 7.0 | Transaction time step in the simulation.
amount = 10752.1 | Transaction amount. High values can increase fraud risk.
oldbalanceOrg = 11318.0 | Sender balance before the transaction.
newbalanceOrig = 565.8999999999996 | Sender balance after the transaction.
oldbalanceDest = 0.0 | Receiver balance before the transaction."
262,07_balance_draining_attack,0.005,0.12,0.3,ALLOW,LOG,0,0,TN,"step, amount, oldbalanceOrg, newbalanceOrig, oldbalanceDest","P(fraud) = 0.0050. Since 0.0050 < alert_threshold 0.12, the system returns ALLOW and binary fraud prediction = 0.","Scenario pattern: Amount is made close to the sender balance to simulate account draining.

Probability source: The trained ML model calculated this using model.predict_proba(). The fraud probability is the second class probability: predict_proba(X)[:, 1].

Threshold calculation: P(fraud) = 0.0050. Since 0.0050 < alert_threshold 0.12, the system returns ALLOW and binary fraud prediction = 0.

Decision reason: The transaction risk is below the alert threshold, so it is allowed and only logged.

Top feature evidence:
step = 8.0 | Transaction time step in the simulation.
amount = 36373.381499999996 | Transaction amount. High values can increase fraud risk.
oldbalanceOrg = 38287.77 | Sender balance before the transaction.
newbalanceOrig = 1914.388500000001 | Sender balance after the transaction.
oldbalanceDest = 0.0 | Receiver balance before the transaction."
263,07_balance_draining_attack,0.365,0.12,0.3,BLOCK,BLOCK,1,1,TP,"step, amount, oldbalanceOrg, newbalanceOrig, oldbalanceDest","P(fraud) = 0.3650. Since 0.3650 >= block_threshold 0.30, the system returns BLOCK and binary fraud prediction = 1.","Scenario pattern: Amount is made close to the sender balance to simulate account draining.

Probability source: The trained ML model calculated this using model.predict_proba(). The fraud probability is the second class probability: predict_proba(X)[:, 1].

Threshold calculation: P(fraud) = 0.3650. Since 0.3650 >= block_threshold 0.30, the system returns BLOCK and binary fraud prediction = 1.

Decision reason: Fraud was detected because the model probability passed the blocking threshold. The transaction should be stopped immediately.

Top feature evidence:
step = 8.0 | Transaction time step in the simulation.
amount = 1896.3615 | Transaction amount. High values can increase fraud risk.
oldbalanceOrg = 1996.17 | Sender balance before the transaction.
newbalanceOrig = 99.8085000000001 | Sender balance after the transaction.
oldbalanceDest = 0.0 | Receiver balance before the transaction."
264,07_balance_draining_attack,0.005,0.12,0.3,ALLOW,LOG,0,0,TN,"step, amount, oldbalanceOrg, newbalanceOrig, oldbalanceDest","P(fraud) = 0.0050. Since 0.0050 < alert_threshold 0.12, the system returns ALLOW and binary fraud prediction = 0.","Scenario pattern: Amount is made close to the sender balance to simulate account draining.

Probability source: The trained ML model calculated this using model.predict_proba(). The fraud probability is the second class probability: predict_proba(X)[:, 1].

Threshold calculation: P(fraud) = 0.0050. Since 0.0050 < alert_threshold 0.12, the system returns ALLOW and binary fraud prediction = 0.

Decision reason: The transaction risk is below the alert threshold, so it is allowed and only logged.

Top feature evidence:
step = 7.0 | Transaction time step in the simulation.
amount = 94732.09999999999 | Transaction amount. High values can increase fraud risk.
oldbalanceOrg = 99718.0 | Sender balance before the transaction.
newbalanceOrig = 4985.900000000009 | Sender balance after the transaction.
oldbalanceDest = 0.0 | Receiver balance before the transaction."
265,07_balance_draining_attack,0.015,0.12,0.3,ALLOW,LOG,0,0,TN,"step, amount, oldbalanceOrg, newbalanceOrig, oldbalanceDest","P(fraud) = 0.0150. Since 0.0150 < alert_threshold 0.12, the system returns ALLOW and binary fraud prediction = 0.","Scenario pattern: Amount is made close to the sender balance to simulate account draining.

Probability source: The trained ML model calculated this using model.predict_proba(). The fraud probability is the second class probability: predict_proba(X)[:, 1].

Threshold calculation: P(fraud) = 0.0150. Since 0.0150 < alert_threshold 0.12, the system returns ALLOW and binary fraud prediction = 0.

Decision reason: The transaction risk is below the alert threshold, so it is allowed and only logged.

Top feature evidence:
step = 8.0 | Transaction time step in the simulation.
amount = 0.0 | Transaction amount. High values can increase fraud risk.
oldbalanceOrg = 0.0 | Sender balance before the transaction.
newbalanceOrig = 0.0 | Sender balance after the transaction.
oldbalanceDest = 0.0 | Receiver balance before the transaction."
266,07_balance_draining_attack,0.005,0.12,0.3,ALLOW,LOG,0,0,TN,"step, amount, oldbalanceOrg, newbalanceOrig, oldbalanceDest","P(fraud) = 0.0050. Since 0.0050 < alert_threshold 0.12, the system returns ALLOW and binary fraud prediction = 0.","Scenario pattern: Amount is made close to the sender balance to simulate account draining.

Probability source: The trained ML model calculated this using model.predict_proba(). The fraud probability is the second class probability: predict_proba(X)[:, 1].

Threshold calculation: P(fraud) = 0.0050. Since 0.0050 < alert_threshold 0.12, the system returns ALLOW and binary fraud prediction = 0.

Decision reason: The transaction risk is below the alert threshold, so it is allowed and only logged.

Top feature evidence:
step = 8.0 | Transaction time step in the simulation.
amount = 28850.55 | Transaction amount. High values can increase fraud risk.
oldbalanceOrg = 30369.0 | Sender balance before the transaction.
newbalanceOrig = 1518.4500000000007 | Sender balance after the transaction.
oldbalanceDest = 0.0 | Receiver balance before the transaction."
267,07_balance_draining_attack,0.005,0.12,0.3,ALLOW,LOG,0,0,TN,"step, amount, oldbalanceOrg, newbalanceOrig, oldbalanceDest","P(fraud) = 0.0050. Since 0.0050 < alert_threshold 0.12, the system returns ALLOW and binary fraud prediction = 0.","Scenario pattern: Amount is made close to the sender balance to simulate account draining.

Probability source: The trained ML model calculated this using model.predict_proba(). The fraud probability is the second class probability: predict_proba(X)[:, 1].

Threshold calculation: P(fraud) = 0.0050. Since 0.0050 < alert_threshold 0.12, the system returns ALLOW and binary fraud prediction = 0.

Decision reason: The transaction risk is below the alert threshold, so it is allowed and only logged.

Top feature evidence:
step = 8.0 | Transaction time step in the simulation.
amount = 23770.899999999998 | Transaction amount. High values can increase fraud risk.
oldbalanceOrg = 25022.0 | Sender balance before the transaction.
newbalanceOrig = 1251.1000000000022 | Sender balance after the transaction.
oldbalanceDest = 0.0 | Receiver balance before the transaction."
268,07_balance_draining_attack,0.06,0.12,0.3,ALLOW,LOG,0,0,TN,"step, amount, oldbalanceOrg, newbalanceOrig, oldbalanceDest","P(fraud) = 0.0600. Since 0.0600 < alert_threshold 0.12, the system returns ALLOW and binary fraud prediction = 0.","Scenario pattern: Amount is made close to the sender balance to simulate account draining.

Probability source: The trained ML model calculated this using model.predict_proba(). The fraud probability is the second class probability: predict_proba(X)[:, 1].

Threshold calculation: P(fraud) = 0.0600. Since 0.0600 < alert_threshold 0.12, the system returns ALLOW and binary fraud prediction = 0.

Decision reason: The transaction risk is below the alert threshold, so it is allowed and only logged.

Top feature evidence:
step = 8.0 | Transaction time step in the simulation.
amount = 43138.549999999996 | Transaction amount. High values can increase fraud risk.
oldbalanceOrg = 45409.0 | Sender balance before the transaction.
newbalanceOrig = 2270.4500000000044 | Sender balance after the transaction.
oldbalanceDest = 924.7 | Receiver balance before the transaction."
269,07_balance_draining_attack,0.04,0.12,0.3,ALLOW,LOG,0,0,TN,"step, amount, oldbalanceOrg, newbalanceOrig, oldbalanceDest","P(fraud) = 0.0400. Since 0.0400 < alert_threshold 0.12, the system returns ALLOW and binary fraud prediction = 0.","Scenario pattern: Amount is made close to the sender balance to simulate account draining.

Probability source: The trained ML model calculated this using model.predict_proba(). The fraud probability is the second class probability: predict_proba(X)[:, 1].

Threshold calculation: P(fraud) = 0.0400. Since 0.0400 < alert_threshold 0.12, the system returns ALLOW and binary fraud prediction = 0.

Decision reason: The transaction risk is below the alert threshold, so it is allowed and only logged.

Top feature evidence:
step = 7.0 | Transaction time step in the simulation.
amount = 0.0 | Transaction amount. High values can increase fraud risk.
oldbalanceOrg = 0.0 | Sender balance before the transaction.
newbalanceOrig = 0.0 | Sender balance after the transaction.
oldbalanceDest = 581071.09 | Receiver balance before the transaction."
270,07_balance_draining_attack,0.025,0.12,0.3,ALLOW,LOG,0,0,TN,"step, amount, oldbalanceOrg, newbalanceOrig, oldbalanceDest","P(fraud) = 0.0250. Since 0.0250 < alert_threshold 0.12, the system returns ALLOW and binary fraud prediction = 0.","Scenario pattern: Amount is made close to the sender balance to simulate account draining.

Probability source: The trained ML model calculated this using model.predict_proba(). The fraud probability is the second class probability: predict_proba(X)[:, 1].

Threshold calculation: P(fraud) = 0.0250. Since 0.0250 < alert_threshold 0.12, the system returns ALLOW and binary fraud prediction = 0.

Decision reason: The transaction risk is below the alert threshold, so it is allowed and only logged.

Top feature evidence:
step = 7.0 | Transaction time step in the simulation.
amount = 0.0 | Transaction amount. High values can increase fraud risk.
oldbalanceOrg = 0.0 | Sender balance before the transaction.
newbalanceOrig = 0.0 | Sender balance after the transaction.
oldbalanceDest = 179184.52 | Receiver balance before the transaction."
271,07_balance_draining_attack,0.03,0.12,0.3,ALLOW,LOG,0,0,TN,"step, amount, oldbalanceOrg, newbalanceOrig, oldbalanceDest","P(fraud) = 0.0300. Since 0.0300 < alert_threshold 0.12, the system returns ALLOW and binary fraud prediction = 0.","Scenario pattern: Amount is made close to the sender balance to simulate account draining.

Probability source: The trained ML model calculated this using model.predict_proba(). The fraud probability is the second class probability: predict_proba(X)[:, 1].

Threshold calculation: P(fraud) = 0.0300. Since 0.0300 < alert_threshold 0.12, the system returns ALLOW and binary fraud prediction = 0.

Decision reason: The transaction risk is below the alert threshold, so it is allowed and only logged.

Top feature evidence:
step = 8.0 | Transaction time step in the simulation.
amount = 0.0 | Transaction amount. High values can increase fraud risk.
oldbalanceOrg = 0.0 | Sender balance before the transaction.
newbalanceOrig = 0.0 | Sender balance after the transaction.
oldbalanceDest = 311507.37 | Receiver balance before the transaction."
272,07_balance_draining_attack,0.0,0.12,0.3,ALLOW,LOG,0,0,TN,"step, amount, oldbalanceOrg, newbalanceOrig, oldbalanceDest","P(fraud) = 0.0000. Since 0.0000 < alert_threshold 0.12, the system returns ALLOW and binary fraud prediction = 0.","Scenario pattern: Amount is made close to the sender balance to simulate account draining.

Probability source: The trained ML model calculated this using model.predict_proba(). The fraud probability is the second class probability: predict_proba(X)[:, 1].

Threshold calculation: P(fraud) = 0.0000. Since 0.0000 < alert_threshold 0.12, the system returns ALLOW and binary fraud prediction = 0.

Decision reason: The transaction risk is below the alert threshold, so it is allowed and only logged.

Top feature evidence:
step = 3.0 | Transaction time step in the simulation.
amount = 17624.399999999998 | Transaction amount. High values can increase fraud risk.
oldbalanceOrg = 18552.0 | Sender balance before the transaction.
newbalanceOrig = 927.6000000000022 | Sender balance after the transaction.
oldbalanceDest = 0.0 | Receiver balance before the transaction."
273,07_balance_draining_attack,0.015,0.12,0.3,ALLOW,LOG,0,0,TN,"step, amount, oldbalanceOrg, newbalanceOrig, oldbalanceDest","P(fraud) = 0.0150. Since 0.0150 < alert_threshold 0.12, the system returns ALLOW and binary fraud prediction = 0.","Scenario pattern: Amount is made close to the sender balance to simulate account draining.

Probability source: The trained ML model calculated this using model.predict_proba(). The fraud probability is the second class probability: predict_proba(X)[:, 1].

Threshold calculation: P(fraud) = 0.0150. Since 0.0150 < alert_threshold 0.12, the system returns ALLOW and binary fraud prediction = 0.

Decision reason: The transaction risk is below the alert threshold, so it is allowed and only logged.

Top feature evidence:
step = 8.0 | Transaction time step in the simulation.
amount = 555.75 | Transaction amount. High values can increase fraud risk.
oldbalanceOrg = 585.0 | Sender balance before the transaction.
newbalanceOrig = 29.25 | Sender balance after the transaction.
oldbalanceDest = 0.0 | Receiver balance before the transaction."
274,07_balance_draining_attack,0.03,0.12,0.3,ALLOW,LOG,0,0,TN,"step, amount, oldbalanceOrg, newbalanceOrig, oldbalanceDest","P(fraud) = 0.0300. Since 0.0300 < alert_threshold 0.12, the system returns ALLOW and binary fraud prediction = 0.","Scenario pattern: Amount is made close to the sender balance to simulate account draining.

Probability source: The trained ML model calculated this using model.predict_proba(). The fraud probability is the second class probability: predict_proba(X)[:, 1].

Threshold calculation: P(fraud) = 0.0300. Since 0.0300 < alert_threshold 0.12, the system returns ALLOW and binary fraud prediction = 0.

Decision reason: The transaction risk is below the alert threshold, so it is allowed and only logged.

Top feature evidence:
step = 8.0 | Transaction time step in the simulation.
amount = 0.0 | Transaction amount. High values can increase fraud risk.
oldbalanceOrg = 0.0 | Sender balance before the transaction.
newbalanceOrig = 0.0 | Sender balance after the transaction.
oldbalanceDest = 1115250.26 | Receiver balance before the transaction."
275,07_balance_draining_attack,0.15,0.12,0.3,REVIEW,ALERT,0,0,TN,"step, amount, oldbalanceOrg, newbalanceOrig, oldbalanceDest","P(fraud) = 0.1500. Since alert_threshold 0.12 <= 0.1500 < block_threshold 0.30, the system returns REVIEW and binary fraud prediction = 0.","Scenario pattern: Amount is made close to the sender balance to simulate account draining.

Probability source: The trained ML model calculated this using model.predict_proba(). The fraud probability is the second class probability: predict_proba(X)[:, 1].

Threshold calculation: P(fraud) = 0.1500. Since alert_threshold 0.12 <= 0.1500 < block_threshold 0.30, the system returns REVIEW and binary fraud prediction = 0.

Decision reason: The transaction is suspicious but not risky enough for automatic blocking. It should be sent to manual review or an alert queue.

Top feature evidence:
step = 8.0 | Transaction time step in the simulation.
amount = 100.69999999999999 | Transaction amount. High values can increase fraud risk.
oldbalanceOrg = 106.0 | Sender balance before the transaction.
newbalanceOrig = 5.300000000000011 | Sender balance after the transaction.
oldbalanceDest = 0.0 | Receiver balance before the transaction."
276,07_balance_draining_attack,0.14,0.12,0.3,REVIEW,ALERT,0,0,TN,"step, amount, oldbalanceOrg, newbalanceOrig, oldbalanceDest","P(fraud) = 0.1400. Since alert_threshold 0.12 <= 0.1400 < block_threshold 0.30, the system returns REVIEW and binary fraud prediction = 0.","Scenario pattern: Amount is made close to the sender balance to simulate account draining.

Probability source: The trained ML model calculated this using model.predict_proba(). The fraud probability is the second class probability: predict_proba(X)[:, 1].

Threshold calculation: P(fraud) = 0.1400. Since alert_threshold 0.12 <= 0.1400 < block_threshold 0.30, the system returns REVIEW and binary fraud prediction = 0.

Decision reason: The transaction is suspicious but not risky enough for automatic blocking. It should be sent to manual review or an alert queue.

Top feature evidence:
step = 8.0 | Transaction time step in the simulation.
amount = 7488150.7524999995 | Transaction amount. High values can increase fraud risk.
oldbalanceOrg = 7882263.95 | Sender balance before the transaction.
newbalanceOrig = 394113.1975000007 | Sender balance after the transaction.
oldbalanceDest = 342097.51 | Receiver balance before the transaction."
277,07_balance_draining_attack,0.025,0.12,0.3,ALLOW,LOG,0,0,TN,"step, amount, oldbalanceOrg, newbalanceOrig, oldbalanceDest","P(fraud) = 0.0250. Since 0.0250 < alert_threshold 0.12, the system returns ALLOW and binary fraud prediction = 0.","Scenario pattern: Amount is made close to the sender balance to simulate account draining.

Probability source: The trained ML model calculated this using model.predict_proba(). The fraud probability is the second class probability: predict_proba(X)[:, 1].

Threshold calculation: P(fraud) = 0.0250. Since 0.0250 < alert_threshold 0.12, the system returns ALLOW and binary fraud prediction = 0.

Decision reason: The transaction risk is below the alert threshold, so it is allowed and only logged.

Top feature evidence:
step = 8.0 | Transaction time step in the simulation.
amount = 0.0 | Transaction amount. High values can increase fraud risk.
oldbalanceOrg = 0.0 | Sender balance before the transaction.
newbalanceOrig = 0.0 | Sender balance after the transaction.
oldbalanceDest = 43388.63 | Receiver balance before the transaction."
278,07_balance_draining_attack,0.39,0.12,0.3,BLOCK,BLOCK,1,1,TP,"step, amount, oldbalanceOrg, newbalanceOrig, oldbalanceDest","P(fraud) = 0.3900. Since 0.3900 >= block_threshold 0.30, the system returns BLOCK and binary fraud prediction = 1.","Scenario pattern: Amount is made close to the sender balance to simulate account draining.

Probability source: The trained ML model calculated this using model.predict_proba(). The fraud probability is the second class probability: predict_proba(X)[:, 1].

Threshold calculation: P(fraud) = 0.3900. Since 0.3900 >= block_threshold 0.30, the system returns BLOCK and binary fraud prediction = 1.

Decision reason: Fraud was detected because the model probability passed the blocking threshold. The transaction should be stopped immediately.

Top feature evidence:
step = 1.0 | Transaction time step in the simulation.
amount = 0.0 | Transaction amount. High values can increase fraud risk.
oldbalanceOrg = 0.0 | Sender balance before the transaction.
newbalanceOrig = 0.0 | Sender balance after the transaction.
oldbalanceDest = 102.0 | Receiver balance before the transaction."
279,07_balance_draining_attack,0.13,0.12,0.3,REVIEW,ALERT,0,0,TN,"step, amount, oldbalanceOrg, newbalanceOrig, oldbalanceDest","P(fraud) = 0.1300. Since alert_threshold 0.12 <= 0.1300 < block_threshold 0.30, the system returns REVIEW and binary fraud prediction = 0.","Scenario pattern: Amount is made close to the sender balance to simulate account draining.

Probability source: The trained ML model calculated this using model.predict_proba(). The fraud probability is the second class probability: predict_proba(X)[:, 1].

Threshold calculation: P(fraud) = 0.1300. Since alert_threshold 0.12 <= 0.1300 < block_threshold 0.30, the system returns REVIEW and binary fraud prediction = 0.

Decision reason: The transaction is suspicious but not risky enough for automatic blocking. It should be sent to manual review or an alert queue.

Top feature evidence:
step = 7.0 | Transaction time step in the simulation.
amount = 3689239.576 | Transaction amount. High values can increase fraud risk.
oldbalanceOrg = 3883410.08 | Sender balance before the transaction.
newbalanceOrig = 194170.5040000002 | Sender balance after the transaction.
oldbalanceDest = 236514.67 | Receiver balance before the transaction."
280,07_balance_draining_attack,0.015,0.12,0.3,ALLOW,LOG,0,0,TN,"step, amount, oldbalanceOrg, newbalanceOrig, oldbalanceDest","P(fraud) = 0.0150. Since 0.0150 < alert_threshold 0.12, the system returns ALLOW and binary fraud prediction = 0.","Scenario pattern: Amount is made close to the sender balance to simulate account draining.

Probability source: The trained ML model calculated this using model.predict_proba(). The fraud probability is the second class probability: predict_proba(X)[:, 1].

Threshold calculation: P(fraud) = 0.0150. Since 0.0150 < alert_threshold 0.12, the system returns ALLOW and binary fraud prediction = 0.

Decision reason: The transaction risk is below the alert threshold, so it is allowed and only logged.

Top feature evidence:
step = 8.0 | Transaction time step in the simulation.
amount = 0.0 | Transaction amount. High values can increase fraud risk.
oldbalanceOrg = 0.0 | Sender balance before the transaction.
newbalanceOrig = 0.0 | Sender balance after the transaction.
oldbalanceDest = 0.0 | Receiver balance before the transaction."
281,07_balance_draining_attack,0.415,0.12,0.3,BLOCK,BLOCK,1,1,TP,"step, amount, oldbalanceOrg, newbalanceOrig, oldbalanceDest","P(fraud) = 0.4150. Since 0.4150 >= block_threshold 0.30, the system returns BLOCK and binary fraud prediction = 1.","Scenario pattern: Amount is made close to the sender balance to simulate account draining.

Probability source: The trained ML model calculated this using model.predict_proba(). The fraud probability is the second class probability: predict_proba(X)[:, 1].

Threshold calculation: P(fraud) = 0.4150. Since 0.4150 >= block_threshold 0.30, the system returns BLOCK and binary fraud prediction = 1.

Decision reason: Fraud was detected because the model probability passed the blocking threshold. The transaction should be stopped immediately.

Top feature evidence:
step = 4.0 | Transaction time step in the simulation.
amount = 2783897.5179999997 | Transaction amount. High values can increase fraud risk.
oldbalanceOrg = 2930418.44 | Sender balance before the transaction.
newbalanceOrig = 146520.92200000025 | Sender balance after the transaction.
oldbalanceDest = 0.0 | Receiver balance before the transaction."
282,07_balance_draining_attack,0.0,0.12,0.3,ALLOW,LOG,0,0,TN,"step, amount, oldbalanceOrg, newbalanceOrig, oldbalanceDest","P(fraud) = 0.0000. Since 0.0000 < alert_threshold 0.12, the system returns ALLOW and binary fraud prediction = 0.","Scenario pattern: Amount is made close to the sender balance to simulate account draining.

Probability source: The trained ML model calculated this using model.predict_proba(). The fraud probability is the second class probability: predict_proba(X)[:, 1].

Threshold calculation: P(fraud) = 0.0000. Since 0.0000 < alert_threshold 0.12, the system returns ALLOW and binary fraud prediction = 0.

Decision reason: The transaction risk is below the alert threshold, so it is allowed and only logged.

Top feature evidence:
step = 6.0 | Transaction time step in the simulation.
amount = 18816.649999999998 | Transaction amount. High values can increase fraud risk.
oldbalanceOrg = 19807.0 | Sender balance before the transaction.
newbalanceOrig = 990.3500000000022 | Sender balance after the transaction.
oldbalanceDest = 0.0 | Receiver balance before the transaction."
283,07_balance_draining_attack,0.01,0.12,0.3,ALLOW,LOG,0,0,TN,"step, amount, oldbalanceOrg, newbalanceOrig, oldbalanceDest","P(fraud) = 0.0100. Since 0.0100 < alert_threshold 0.12, the system returns ALLOW and binary fraud prediction = 0.","Scenario pattern: Amount is made close to the sender balance to simulate account draining.

Probability source: The trained ML model calculated this using model.predict_proba(). The fraud probability is the second class probability: predict_proba(X)[:, 1].

Threshold calculation: P(fraud) = 0.0100. Since 0.0100 < alert_threshold 0.12, the system returns ALLOW and binary fraud prediction = 0.

Decision reason: The transaction risk is below the alert threshold, so it is allowed and only logged.

Top feature evidence:
step = 8.0 | Transaction time step in the simulation.
amount = 98686.0 | Transaction amount. High values can increase fraud risk.
oldbalanceOrg = 103880.0 | Sender balance before the transaction.
newbalanceOrig = 5194.0 | Sender balance after the transaction.
oldbalanceDest = 0.0 | Receiver balance before the transaction."
284,07_balance_draining_attack,0.0,0.12,0.3,ALLOW,LOG,0,0,TN,"step, amount, oldbalanceOrg, newbalanceOrig, oldbalanceDest","P(fraud) = 0.0000. Since 0.0000 < alert_threshold 0.12, the system returns ALLOW and binary fraud prediction = 0.","Scenario pattern: Amount is made close to the sender balance to simulate account draining.

Probability source: The trained ML model calculated this using model.predict_proba(). The fraud probability is the second class probability: predict_proba(X)[:, 1].

Threshold calculation: P(fraud) = 0.0000. Since 0.0000 < alert_threshold 0.12, the system returns ALLOW and binary fraud prediction = 0.

Decision reason: The transaction risk is below the alert threshold, so it is allowed and only logged.

Top feature evidence:
step = 8.0 | Transaction time step in the simulation.
amount = 229408.793 | Transaction amount. High values can increase fraud risk.
oldbalanceOrg = 241482.94 | Sender balance before the transaction.
newbalanceOrig = 12074.146999999997 | Sender balance after the transaction.
oldbalanceDest = 394790.12 | Receiver balance before the transaction."
285,07_balance_draining_attack,0.0,0.12,0.3,ALLOW,LOG,0,0,TN,"step, amount, oldbalanceOrg, newbalanceOrig, oldbalanceDest","P(fraud) = 0.0000. Since 0.0000 < alert_threshold 0.12, the system returns ALLOW and binary fraud prediction = 0.","Scenario pattern: Amount is made close to the sender balance to simulate account draining.

Probability source: The trained ML model calculated this using model.predict_proba(). The fraud probability is the second class probability: predict_proba(X)[:, 1].

Threshold calculation: P(fraud) = 0.0000. Since 0.0000 < alert_threshold 0.12, the system returns ALLOW and binary fraud prediction = 0.

Decision reason: The transaction risk is below the alert threshold, so it is allowed and only logged.

Top feature evidence:
step = 7.0 | Transaction time step in the simulation.
amount = 10181.15 | Transaction amount. High values can increase fraud risk.
oldbalanceOrg = 10717.0 | Sender balance before the transaction.
newbalanceOrig = 535.8500000000004 | Sender balance after the transaction.
oldbalanceDest = 0.0 | Receiver balance before the transaction."
286,07_balance_draining_attack,0.015,0.12,0.3,ALLOW,LOG,0,0,TN,"step, amount, oldbalanceOrg, newbalanceOrig, oldbalanceDest","P(fraud) = 0.0150. Since 0.0150 < alert_threshold 0.12, the system returns ALLOW and binary fraud prediction = 0.","Scenario pattern: Amount is made close to the sender balance to simulate account draining.

Probability source: The trained ML model calculated this using model.predict_proba(). The fraud probability is the second class probability: predict_proba(X)[:, 1].

Threshold calculation: P(fraud) = 0.0150. Since 0.0150 < alert_threshold 0.12, the system returns ALLOW and binary fraud prediction = 0.

Decision reason: The transaction risk is below the alert threshold, so it is allowed and only logged.

Top feature evidence:
step = 7.0 | Transaction time step in the simulation.
amount = 0.0 | Transaction amount. High values can increase fraud risk.
oldbalanceOrg = 0.0 | Sender balance before the transaction.
newbalanceOrig = 0.0 | Sender balance after the transaction.
oldbalanceDest = 0.0 | Receiver balance before the transaction."
287,07_balance_draining_attack,0.02,0.12,0.3,ALLOW,LOG,0,0,TN,"step, amount, oldbalanceOrg, newbalanceOrig, oldbalanceDest","P(fraud) = 0.0200. Since 0.0200 < alert_threshold 0.12, the system returns ALLOW and binary fraud prediction = 0.","Scenario pattern: Amount is made close to the sender balance to simulate account draining.

Probability source: The trained ML model calculated this using model.predict_proba(). The fraud probability is the second class probability: predict_proba(X)[:, 1].

Threshold calculation: P(fraud) = 0.0200. Since 0.0200 < alert_threshold 0.12, the system returns ALLOW and binary fraud prediction = 0.

Decision reason: The transaction risk is below the alert threshold, so it is allowed and only logged.

Top feature evidence:
step = 8.0 | Transaction time step in the simulation.
amount = 0.0 | Transaction amount. High values can increase fraud risk.
oldbalanceOrg = 0.0 | Sender balance before the transaction.
newbalanceOrig = 0.0 | Sender balance after the transaction.
oldbalanceDest = 0.0 | Receiver balance before the transaction."
288,07_balance_draining_attack,0.125,0.12,0.3,REVIEW,ALERT,0,0,TN,"step, amount, oldbalanceOrg, newbalanceOrig, oldbalanceDest","P(fraud) = 0.1250. Since alert_threshold 0.12 <= 0.1250 < block_threshold 0.30, the system returns REVIEW and binary fraud prediction = 0.","Scenario pattern: Amount is made close to the sender balance to simulate account draining.

Probability source: The trained ML model calculated this using model.predict_proba(). The fraud probability is the second class probability: predict_proba(X)[:, 1].

Threshold calculation: P(fraud) = 0.1250. Since alert_threshold 0.12 <= 0.1250 < block_threshold 0.30, the system returns REVIEW and binary fraud prediction = 0.

Decision reason: The transaction is suspicious but not risky enough for automatic blocking. It should be sent to manual review or an alert queue.

Top feature evidence:
step = 7.0 | Transaction time step in the simulation.
amount = 2477109.2775 | Transaction amount. High values can increase fraud risk.
oldbalanceOrg = 2607483.45 | Sender balance before the transaction.
newbalanceOrig = 130374.17250000034 | Sender balance after the transaction.
oldbalanceDest = 839003.09 | Receiver balance before the transaction."
289,07_balance_draining_attack,0.005,0.12,0.3,ALLOW,LOG,0,0,TN,"step, amount, oldbalanceOrg, newbalanceOrig, oldbalanceDest","P(fraud) = 0.0050. Since 0.0050 < alert_threshold 0.12, the system returns ALLOW and binary fraud prediction = 0.","Scenario pattern: Amount is made close to the sender balance to simulate account draining.

Probability source: The trained ML model calculated this using model.predict_proba(). The fraud probability is the second class probability: predict_proba(X)[:, 1].

Threshold calculation: P(fraud) = 0.0050. Since 0.0050 < alert_threshold 0.12, the system returns ALLOW and binary fraud prediction = 0.

Decision reason: The transaction risk is below the alert threshold, so it is allowed and only logged.

Top feature evidence:
step = 7.0 | Transaction time step in the simulation.
amount = 28847.699999999997 | Transaction amount. High values can increase fraud risk.
oldbalanceOrg = 30366.0 | Sender balance before the transaction.
newbalanceOrig = 1518.300000000003 | Sender balance after the transaction.
oldbalanceDest = 0.0 | Receiver balance before the transaction."
290,07_balance_draining_attack,0.01,0.12,0.3,ALLOW,LOG,0,0,TN,"step, amount, oldbalanceOrg, newbalanceOrig, oldbalanceDest","P(fraud) = 0.0100. Since 0.0100 < alert_threshold 0.12, the system returns ALLOW and binary fraud prediction = 0.","Scenario pattern: Amount is made close to the sender balance to simulate account draining.

Probability source: The trained ML model calculated this using model.predict_proba(). The fraud probability is the second class probability: predict_proba(X)[:, 1].

Threshold calculation: P(fraud) = 0.0100. Since 0.0100 < alert_threshold 0.12, the system returns ALLOW and binary fraud prediction = 0.

Decision reason: The transaction risk is below the alert threshold, so it is allowed and only logged.

Top feature evidence:
step = 8.0 | Transaction time step in the simulation.
amount = 473949.3 | Transaction amount. High values can increase fraud risk.
oldbalanceOrg = 498894.0 | Sender balance before the transaction.
newbalanceOrig = 24944.70000000001 | Sender balance after the transaction.
oldbalanceDest = 0.0 | Receiver balance before the transaction."
291,07_balance_draining_attack,0.035,0.12,0.3,ALLOW,LOG,0,0,TN,"step, amount, oldbalanceOrg, newbalanceOrig, oldbalanceDest","P(fraud) = 0.0350. Since 0.0350 < alert_threshold 0.12, the system returns ALLOW and binary fraud prediction = 0.","Scenario pattern: Amount is made close to the sender balance to simulate account draining.

Probability source: The trained ML model calculated this using model.predict_proba(). The fraud probability is the second class probability: predict_proba(X)[:, 1].

Threshold calculation: P(fraud) = 0.0350. Since 0.0350 < alert_threshold 0.12, the system returns ALLOW and binary fraud prediction = 0.

Decision reason: The transaction risk is below the alert threshold, so it is allowed and only logged.

Top feature evidence:
step = 8.0 | Transaction time step in the simulation.
amount = 0.0 | Transaction amount. High values can increase fraud risk.
oldbalanceOrg = 0.0 | Sender balance before the transaction.
newbalanceOrig = 0.0 | Sender balance after the transaction.
oldbalanceDest = 209087.13 | Receiver balance before the transaction."
292,07_balance_draining_attack,0.165,0.12,0.3,REVIEW,ALERT,0,0,TN,"step, amount, oldbalanceOrg, newbalanceOrig, oldbalanceDest","P(fraud) = 0.1650. Since alert_threshold 0.12 <= 0.1650 < block_threshold 0.30, the system returns REVIEW and binary fraud prediction = 0.","Scenario pattern: Amount is made close to the sender balance to simulate account draining.

Probability source: The trained ML model calculated this using model.predict_proba(). The fraud probability is the second class probability: predict_proba(X)[:, 1].

Threshold calculation: P(fraud) = 0.1650. Since alert_threshold 0.12 <= 0.1650 < block_threshold 0.30, the system returns REVIEW and binary fraud prediction = 0.

Decision reason: The transaction is suspicious but not risky enough for automatic blocking. It should be sent to manual review or an alert queue.

Top feature evidence:
step = 7.0 | Transaction time step in the simulation.
amount = 4474364.1785 | Transaction amount. High values can increase fraud risk.
oldbalanceOrg = 4709857.03 | Sender balance before the transaction.
newbalanceOrig = 235492.85149999987 | Sender balance after the transaction.
oldbalanceDest = 100386.17 | Receiver balance before the transaction."
293,07_balance_draining_attack,0.0,0.12,0.3,ALLOW,LOG,0,0,TN,"step, amount, oldbalanceOrg, newbalanceOrig, oldbalanceDest","P(fraud) = 0.0000. Since 0.0000 < alert_threshold 0.12, the system returns ALLOW and binary fraud prediction = 0.","Scenario pattern: Amount is made close to the sender balance to simulate account draining.

Probability source: The trained ML model calculated this using model.predict_proba(). The fraud probability is the second class probability: predict_proba(X)[:, 1].

Threshold calculation: P(fraud) = 0.0000. Since 0.0000 < alert_threshold 0.12, the system returns ALLOW and binary fraud prediction = 0.

Decision reason: The transaction risk is below the alert threshold, so it is allowed and only logged.

Top feature evidence:
step = 1.0 | Transaction time step in the simulation.
amount = 0.0 | Transaction amount. High values can increase fraud risk.
oldbalanceOrg = 0.0 | Sender balance before the transaction.
newbalanceOrig = 0.0 | Sender balance after the transaction.
oldbalanceDest = 0.0 | Receiver balance before the transaction."
294,07_balance_draining_attack,0.145,0.12,0.3,REVIEW,ALERT,0,1,FN,"step, amount, oldbalanceOrg, newbalanceOrig, oldbalanceDest","P(fraud) = 0.1450. Since alert_threshold 0.12 <= 0.1450 < block_threshold 0.30, the system returns REVIEW and binary fraud prediction = 0.","Scenario pattern: Amount is made close to the sender balance to simulate account draining.

Probability source: The trained ML model calculated this using model.predict_proba(). The fraud probability is the second class probability: predict_proba(X)[:, 1].

Threshold calculation: P(fraud) = 0.1450. Since alert_threshold 0.12 <= 0.1450 < block_threshold 0.30, the system returns REVIEW and binary fraud prediction = 0.

Decision reason: The transaction is suspicious but not risky enough for automatic blocking. It should be sent to manual review or an alert queue.

Top feature evidence:
step = 1.0 | Transaction time step in the simulation.
amount = 23817.887 | Transaction amount. High values can increase fraud risk.
oldbalanceOrg = 25071.46 | Sender balance before the transaction.
newbalanceOrig = 1253.5730000000003 | Sender balance after the transaction.
oldbalanceDest = 0.0 | Receiver balance before the transaction."
295,07_balance_draining_attack,0.01,0.12,0.3,ALLOW,LOG,0,0,TN,"step, amount, oldbalanceOrg, newbalanceOrig, oldbalanceDest","P(fraud) = 0.0100. Since 0.0100 < alert_threshold 0.12, the system returns ALLOW and binary fraud prediction = 0.","Scenario pattern: Amount is made close to the sender balance to simulate account draining.

Probability source: The trained ML model calculated this using model.predict_proba(). The fraud probability is the second class probability: predict_proba(X)[:, 1].

Threshold calculation: P(fraud) = 0.0100. Since 0.0100 < alert_threshold 0.12, the system returns ALLOW and binary fraud prediction = 0.

Decision reason: The transaction risk is below the alert threshold, so it is allowed and only logged.

Top feature evidence:
step = 6.0 | Transaction time step in the simulation.
amount = 74750.75 | Transaction amount. High values can increase fraud risk.
oldbalanceOrg = 78685.0 | Sender balance before the transaction.
newbalanceOrig = 3934.25 | Sender balance after the transaction.
oldbalanceDest = 0.0 | Receiver balance before the transaction."
296,07_balance_draining_attack,0.04,0.12,0.3,ALLOW,LOG,0,0,TN,"step, amount, oldbalanceOrg, newbalanceOrig, oldbalanceDest","P(fraud) = 0.0400. Since 0.0400 < alert_threshold 0.12, the system returns ALLOW and binary fraud prediction = 0.","Scenario pattern: Amount is made close to the sender balance to simulate account draining.

Probability source: The trained ML model calculated this using model.predict_proba(). The fraud probability is the second class probability: predict_proba(X)[:, 1].

Threshold calculation: P(fraud) = 0.0400. Since 0.0400 < alert_threshold 0.12, the system returns ALLOW and binary fraud prediction = 0.

Decision reason: The transaction risk is below the alert threshold, so it is allowed and only logged.

Top feature evidence:
step = 1.0 | Transaction time step in the simulation.
amount = 0.0 | Transaction amount. High values can increase fraud risk.
oldbalanceOrg = 0.0 | Sender balance before the transaction.
newbalanceOrig = 0.0 | Sender balance after the transaction.
oldbalanceDest = 5341103.79 | Receiver balance before the transaction."
297,07_balance_draining_attack,0.0,0.12,0.3,ALLOW,LOG,0,0,TN,"step, amount, oldbalanceOrg, newbalanceOrig, oldbalanceDest","P(fraud) = 0.0000. Since 0.0000 < alert_threshold 0.12, the system returns ALLOW and binary fraud prediction = 0.","Scenario pattern: Amount is made close to the sender balance to simulate account draining.

Probability source: The trained ML model calculated this using model.predict_proba(). The fraud probability is the second class probability: predict_proba(X)[:, 1].

Threshold calculation: P(fraud) = 0.0000. Since 0.0000 < alert_threshold 0.12, the system returns ALLOW and binary fraud prediction = 0.

Decision reason: The transaction risk is below the alert threshold, so it is allowed and only logged.

Top feature evidence:
step = 8.0 | Transaction time step in the simulation.
amount = 14674.65 | Transaction amount. High values can increase fraud risk.
oldbalanceOrg = 15447.0 | Sender balance before the transaction.
newbalanceOrig = 772.3500000000004 | Sender balance after the transaction.
oldbalanceDest = 0.0 | Receiver balance before the transaction."
298,07_balance_draining_attack,0.005,0.12,0.3,ALLOW,LOG,0,0,TN,"step, amount, oldbalanceOrg, newbalanceOrig, oldbalanceDest","P(fraud) = 0.0050. Since 0.0050 < alert_threshold 0.12, the system returns ALLOW and binary fraud prediction = 0.","Scenario pattern: Amount is made close to the sender balance to simulate account draining.

Probability source: The trained ML model calculated this using model.predict_proba(). The fraud probability is the second class probability: predict_proba(X)[:, 1].

Threshold calculation: P(fraud) = 0.0050. Since 0.0050 < alert_threshold 0.12, the system returns ALLOW and binary fraud prediction = 0.

Decision reason: The transaction risk is below the alert threshold, so it is allowed and only logged.

Top feature evidence:
step = 7.0 | Transaction time step in the simulation.
amount = 0.0 | Transaction amount. High values can increase fraud risk.
oldbalanceOrg = 0.0 | Sender balance before the transaction.
newbalanceOrig = 0.0 | Sender balance after the transaction.
oldbalanceDest = 0.0 | Receiver balance before the transaction."
299,07_balance_draining_attack,0.01,0.12,0.3,ALLOW,LOG,0,0,TN,"step, amount, oldbalanceOrg, newbalanceOrig, oldbalanceDest","P(fraud) = 0.0100. Since 0.0100 < alert_threshold 0.12, the system returns ALLOW and binary fraud prediction = 0.","Scenario pattern: Amount is made close to the sender balance to simulate account draining.

Probability source: The trained ML model calculated this using model.predict_proba(). The fraud probability is the second class probability: predict_proba(X)[:, 1].

Threshold calculation: P(fraud) = 0.0100. Since 0.0100 < alert_threshold 0.12, the system returns ALLOW and binary fraud prediction = 0.

Decision reason: The transaction risk is below the alert threshold, so it is allowed and only logged.

Top feature evidence:
step = 8.0 | Transaction time step in the simulation.
amount = 262464.1 | Transaction amount. High values can increase fraud risk.
oldbalanceOrg = 276278.0 | Sender balance before the transaction.
newbalanceOrig = 13813.900000000023 | Sender balance after the transaction.
oldbalanceDest = 5067.0 | Receiver balance before the transaction."
