tx_id,attack,probability,decision,action,true_fraud,pred_fraud,result,latency_ms,amount,oldbalanceOrg,newbalanceOrig,oldbalanceDest,newbalanceDest,alert_threshold,block_threshold,feature_evidence,explanation,reason
01_normal_baseline-TX-0,01_normal_baseline,0.02,ALLOW,LOG,0,0,True Negative,24.811557996144984,234734.39,84879.0,0.0,136365.0,52136.82,0.12,0.3,"step = 7.0000
balance_diff_orig = 84,879.0000
error_orig = 149,855.3900
newbalanceOrig = 0.0000
type_PAYMENT = 0.0000","Scenario: 01_normal_baseline
Probability: 0.0200
Decision: ALLOW
Action: LOG
Truth: 0
Prediction: 0
Result: True Negative

Reason:
The original transaction already contains the feature values shown to the model.
The model made its decision based on the learned fraud patterns from these values.
Because the model estimated P(fraud) = 0.0200, which is below the alert threshold of 0.12, the system returned ALLOW.
The ground-truth label is legitimate, and the model also allowed it, so this is a True Negative.","Scenario: 01_normal_baseline
Probability: 0.0200
Decision: ALLOW
Action: LOG
Truth: 0
Prediction: 0
Result: True Negative

Reason:
The original transaction already contains the feature values shown to the model.
The model made its decision based on the learned fraud patterns from these values.
Because the model estimated P(fraud) = 0.0200, which is below the alert threshold of 0.12, the system returned ALLOW.
The ground-truth label is legitimate, and the model also allowed it, so this is a True Negative."
01_normal_baseline-TX-1,01_normal_baseline,0.0,ALLOW,LOG,0,0,True Negative,23.1559180028853,13695.02,0.0,0.0,0.0,0.0,0.12,0.3,"step = 8.0000
balance_diff_orig = 0.0000
error_orig = 13,695.0200
newbalanceOrig = 0.0000
type_PAYMENT = 1.0000","Scenario: 01_normal_baseline
Probability: 0.0000
Decision: ALLOW
Action: LOG
Truth: 0
Prediction: 0
Result: True Negative

Reason:
The original transaction already contains the feature values shown to the model.
The model made its decision based on the learned fraud patterns from these values.
Because the model estimated P(fraud) = 0.0000, which is below the alert threshold of 0.12, the system returned ALLOW.
The ground-truth label is legitimate, and the model also allowed it, so this is a True Negative.","Scenario: 01_normal_baseline
Probability: 0.0000
Decision: ALLOW
Action: LOG
Truth: 0
Prediction: 0
Result: True Negative

Reason:
The original transaction already contains the feature values shown to the model.
The model made its decision based on the learned fraud patterns from these values.
Because the model estimated P(fraud) = 0.0000, which is below the alert threshold of 0.12, the system returned ALLOW.
The ground-truth label is legitimate, and the model also allowed it, so this is a True Negative."
01_normal_baseline-TX-2,01_normal_baseline,0.0,ALLOW,LOG,0,0,True Negative,23.297974999877624,13738.64,384634.3,370895.67,0.0,0.0,0.12,0.3,"step = 8.0000
balance_diff_orig = 13,738.6300
error_orig = 0.0100
newbalanceOrig = 370,895.6700
type_PAYMENT = 1.0000","Scenario: 01_normal_baseline
Probability: 0.0000
Decision: ALLOW
Action: LOG
Truth: 0
Prediction: 0
Result: True Negative

Reason:
The original transaction already contains the feature values shown to the model.
The model made its decision based on the learned fraud patterns from these values.
Because the model estimated P(fraud) = 0.0000, which is below the alert threshold of 0.12, the system returned ALLOW.
The ground-truth label is legitimate, and the model also allowed it, so this is a True Negative.","Scenario: 01_normal_baseline
Probability: 0.0000
Decision: ALLOW
Action: LOG
Truth: 0
Prediction: 0
Result: True Negative

Reason:
The original transaction already contains the feature values shown to the model.
The model made its decision based on the learned fraud patterns from these values.
Because the model estimated P(fraud) = 0.0000, which is below the alert threshold of 0.12, the system returned ALLOW.
The ground-truth label is legitimate, and the model also allowed it, so this is a True Negative."
01_normal_baseline-TX-3,01_normal_baseline,0.6,BLOCK,BLOCK,1,1,True Positive,23.272938997251913,13704.0,13704.0,0.0,3382.84,143675.35,0.12,0.3,"step = 6.0000
balance_diff_orig = 13,704.0000
error_orig = 0.0000
newbalanceOrig = 0.0000
type_PAYMENT = 0.0000","Scenario: 01_normal_baseline
Probability: 0.6000
Decision: BLOCK
Action: BLOCK
Truth: 1
Prediction: 1
Result: True Positive

Reason:
The model blocked this transaction because it matches an account-draining pattern.
The sender had 13,704 before the transaction, transferred 13,704, and was left with 0.
This means the transaction consumed the full available sender balance.
Because the model estimated P(fraud) = 0.6000, which is above the block threshold of 0.30, the system returned BLOCK.
The ground-truth label is also fraud, so this is a True Positive.","Scenario: 01_normal_baseline
Probability: 0.6000
Decision: BLOCK
Action: BLOCK
Truth: 1
Prediction: 1
Result: True Positive

Reason:
The model blocked this transaction because it matches an account-draining pattern.
The sender had 13,704 before the transaction, transferred 13,704, and was left with 0.
This means the transaction consumed the full available sender balance.
Because the model estimated P(fraud) = 0.6000, which is above the block threshold of 0.30, the system returned BLOCK.
The ground-truth label is also fraud, so this is a True Positive."
01_normal_baseline-TX-4,01_normal_baseline,0.0,ALLOW,LOG,0,0,True Negative,22.916148998774588,36126.38,47587.0,83713.38,61091.61,0.0,0.12,0.3,"step = 8.0000
balance_diff_orig = -36,126.3800
error_orig = 72,252.7600
newbalanceOrig = 83,713.3800
type_PAYMENT = 0.0000","Scenario: 01_normal_baseline
Probability: 0.0000
Decision: ALLOW
Action: LOG
Truth: 0
Prediction: 0
Result: True Negative

Reason:
The original transaction already contains the feature values shown to the model.
The model made its decision based on the learned fraud patterns from these values.
Because the model estimated P(fraud) = 0.0000, which is below the alert threshold of 0.12, the system returned ALLOW.
The ground-truth label is legitimate, and the model also allowed it, so this is a True Negative.","Scenario: 01_normal_baseline
Probability: 0.0000
Decision: ALLOW
Action: LOG
Truth: 0
Prediction: 0
Result: True Negative

Reason:
The original transaction already contains the feature values shown to the model.
The model made its decision based on the learned fraud patterns from these values.
Because the model estimated P(fraud) = 0.0000, which is below the alert threshold of 0.12, the system returned ALLOW.
The ground-truth label is legitimate, and the model also allowed it, so this is a True Negative."
01_normal_baseline-TX-5,01_normal_baseline,0.0,ALLOW,LOG,0,0,True Negative,24.597155999799725,5746.09,0.0,0.0,0.0,0.0,0.12,0.3,"step = 4.0000
balance_diff_orig = 0.0000
error_orig = 5,746.0900
newbalanceOrig = 0.0000
type_PAYMENT = 1.0000","Scenario: 01_normal_baseline
Probability: 0.0000
Decision: ALLOW
Action: LOG
Truth: 0
Prediction: 0
Result: True Negative

Reason:
The original transaction already contains the feature values shown to the model.
The model made its decision based on the learned fraud patterns from these values.
Because the model estimated P(fraud) = 0.0000, which is below the alert threshold of 0.12, the system returned ALLOW.
The ground-truth label is legitimate, and the model also allowed it, so this is a True Negative.","Scenario: 01_normal_baseline
Probability: 0.0000
Decision: ALLOW
Action: LOG
Truth: 0
Prediction: 0
Result: True Negative

Reason:
The original transaction already contains the feature values shown to the model.
The model made its decision based on the learned fraud patterns from these values.
Because the model estimated P(fraud) = 0.0000, which is below the alert threshold of 0.12, the system returned ALLOW.
The ground-truth label is legitimate, and the model also allowed it, so this is a True Negative."
01_normal_baseline-TX-6,01_normal_baseline,0.0,ALLOW,LOG,0,0,True Negative,22.96705500339158,91018.59,0.0,0.0,716259.23,6821434.41,0.12,0.3,"step = 8.0000
balance_diff_orig = 0.0000
error_orig = 91,018.5900
newbalanceOrig = 0.0000
type_PAYMENT = 0.0000","Scenario: 01_normal_baseline
Probability: 0.0000
Decision: ALLOW
Action: LOG
Truth: 0
Prediction: 0
Result: True Negative

Reason:
The original transaction already contains the feature values shown to the model.
The model made its decision based on the learned fraud patterns from these values.
Because the model estimated P(fraud) = 0.0000, which is below the alert threshold of 0.12, the system returned ALLOW.
The ground-truth label is legitimate, and the model also allowed it, so this is a True Negative.","Scenario: 01_normal_baseline
Probability: 0.0000
Decision: ALLOW
Action: LOG
Truth: 0
Prediction: 0
Result: True Negative

Reason:
The original transaction already contains the feature values shown to the model.
The model made its decision based on the learned fraud patterns from these values.
Because the model estimated P(fraud) = 0.0000, which is below the alert threshold of 0.12, the system returned ALLOW.
The ground-truth label is legitimate, and the model also allowed it, so this is a True Negative."
01_normal_baseline-TX-7,01_normal_baseline,0.0,ALLOW,LOG,0,0,True Negative,22.880620999785606,5403.26,20303.0,14899.74,0.0,0.0,0.12,0.3,"step = 7.0000
balance_diff_orig = 5,403.2600
error_orig = 0.0000
newbalanceOrig = 14,899.7400
type_PAYMENT = 1.0000","Scenario: 01_normal_baseline
Probability: 0.0000
Decision: ALLOW
Action: LOG
Truth: 0
Prediction: 0
Result: True Negative

Reason:
The original transaction already contains the feature values shown to the model.
The model made its decision based on the learned fraud patterns from these values.
Because the model estimated P(fraud) = 0.0000, which is below the alert threshold of 0.12, the system returned ALLOW.
The ground-truth label is legitimate, and the model also allowed it, so this is a True Negative.","Scenario: 01_normal_baseline
Probability: 0.0000
Decision: ALLOW
Action: LOG
Truth: 0
Prediction: 0
Result: True Negative

Reason:
The original transaction already contains the feature values shown to the model.
The model made its decision based on the learned fraud patterns from these values.
Because the model estimated P(fraud) = 0.0000, which is below the alert threshold of 0.12, the system returned ALLOW.
The ground-truth label is legitimate, and the model also allowed it, so this is a True Negative."
01_normal_baseline-TX-8,01_normal_baseline,0.52,BLOCK,BLOCK,1,1,True Positive,22.723023997968994,5460002.91,5460002.91,0.0,0.0,0.0,0.12,0.3,"step = 7.0000
balance_diff_orig = 5,460,002.9100
error_orig = 0.0000
newbalanceOrig = 0.0000
type_PAYMENT = 0.0000","Scenario: 01_normal_baseline
Probability: 0.5200
Decision: BLOCK
Action: BLOCK
Truth: 1
Prediction: 1
Result: True Positive

Reason:
The model blocked this transaction because it matches an account-draining pattern.
The sender had 5,460,003 before the transaction, transferred 5,460,003, and was left with 0.
This means the transaction consumed the full available sender balance.
Because the model estimated P(fraud) = 0.5200, which is above the block threshold of 0.30, the system returned BLOCK.
The ground-truth label is also fraud, so this is a True Positive.","Scenario: 01_normal_baseline
Probability: 0.5200
Decision: BLOCK
Action: BLOCK
Truth: 1
Prediction: 1
Result: True Positive

Reason:
The model blocked this transaction because it matches an account-draining pattern.
The sender had 5,460,003 before the transaction, transferred 5,460,003, and was left with 0.
This means the transaction consumed the full available sender balance.
Because the model estimated P(fraud) = 0.5200, which is above the block threshold of 0.30, the system returned BLOCK.
The ground-truth label is also fraud, so this is a True Positive."
01_normal_baseline-TX-9,01_normal_baseline,0.035,ALLOW,LOG,0,0,True Negative,23.571282996272203,349505.89,7330235.59,7679741.48,17000998.23,19169204.93,0.12,0.3,"step = 1.0000
balance_diff_orig = -349,505.8900
error_orig = 699,011.7800
newbalanceOrig = 7,679,741.4800
type_PAYMENT = 0.0000","Scenario: 01_normal_baseline
Probability: 0.0350
Decision: ALLOW
Action: LOG
Truth: 0
Prediction: 0
Result: True Negative

Reason:
The original transaction already contains the feature values shown to the model.
The model made its decision based on the learned fraud patterns from these values.
Because the model estimated P(fraud) = 0.0350, which is below the alert threshold of 0.12, the system returned ALLOW.
The ground-truth label is legitimate, and the model also allowed it, so this is a True Negative.","Scenario: 01_normal_baseline
Probability: 0.0350
Decision: ALLOW
Action: LOG
Truth: 0
Prediction: 0
Result: True Negative

Reason:
The original transaction already contains the feature values shown to the model.
The model made its decision based on the learned fraud patterns from these values.
Because the model estimated P(fraud) = 0.0350, which is below the alert threshold of 0.12, the system returned ALLOW.
The ground-truth label is legitimate, and the model also allowed it, so this is a True Negative."
01_normal_baseline-TX-10,01_normal_baseline,0.0,ALLOW,LOG,0,0,True Negative,22.955282998736948,15080.72,0.0,0.0,0.0,0.0,0.12,0.3,"step = 8.0000
balance_diff_orig = 0.0000
error_orig = 15,080.7200
newbalanceOrig = 0.0000
type_PAYMENT = 1.0000","Scenario: 01_normal_baseline
Probability: 0.0000
Decision: ALLOW
Action: LOG
Truth: 0
Prediction: 0
Result: True Negative

Reason:
The original transaction already contains the feature values shown to the model.
The model made its decision based on the learned fraud patterns from these values.
Because the model estimated P(fraud) = 0.0000, which is below the alert threshold of 0.12, the system returned ALLOW.
The ground-truth label is legitimate, and the model also allowed it, so this is a True Negative.","Scenario: 01_normal_baseline
Probability: 0.0000
Decision: ALLOW
Action: LOG
Truth: 0
Prediction: 0
Result: True Negative

Reason:
The original transaction already contains the feature values shown to the model.
The model made its decision based on the learned fraud patterns from these values.
Because the model estimated P(fraud) = 0.0000, which is below the alert threshold of 0.12, the system returned ALLOW.
The ground-truth label is legitimate, and the model also allowed it, so this is a True Negative."
01_normal_baseline-TX-11,01_normal_baseline,0.0,ALLOW,LOG,0,0,True Negative,22.847298998385668,17840.79,0.0,0.0,0.0,0.0,0.12,0.3,"step = 8.0000
balance_diff_orig = 0.0000
error_orig = 17,840.7900
newbalanceOrig = 0.0000
type_PAYMENT = 1.0000","Scenario: 01_normal_baseline
Probability: 0.0000
Decision: ALLOW
Action: LOG
Truth: 0
Prediction: 0
Result: True Negative

Reason:
The original transaction already contains the feature values shown to the model.
The model made its decision based on the learned fraud patterns from these values.
Because the model estimated P(fraud) = 0.0000, which is below the alert threshold of 0.12, the system returned ALLOW.
The ground-truth label is legitimate, and the model also allowed it, so this is a True Negative.","Scenario: 01_normal_baseline
Probability: 0.0000
Decision: ALLOW
Action: LOG
Truth: 0
Prediction: 0
Result: True Negative

Reason:
The original transaction already contains the feature values shown to the model.
The model made its decision based on the learned fraud patterns from these values.
Because the model estimated P(fraud) = 0.0000, which is below the alert threshold of 0.12, the system returned ALLOW.
The ground-truth label is legitimate, and the model also allowed it, so this is a True Negative."
01_normal_baseline-TX-12,01_normal_baseline,0.0,ALLOW,LOG,0,0,True Negative,23.207352998724673,5196.35,576.0,0.0,0.0,0.0,0.12,0.3,"step = 7.0000
balance_diff_orig = 576.0000
error_orig = 4,620.3500
newbalanceOrig = 0.0000
type_PAYMENT = 1.0000","Scenario: 01_normal_baseline
Probability: 0.0000
Decision: ALLOW
Action: LOG
Truth: 0
Prediction: 0
Result: True Negative

Reason:
The original transaction already contains the feature values shown to the model.
The model made its decision based on the learned fraud patterns from these values.
Because the model estimated P(fraud) = 0.0000, which is below the alert threshold of 0.12, the system returned ALLOW.
The ground-truth label is legitimate, and the model also allowed it, so this is a True Negative.","Scenario: 01_normal_baseline
Probability: 0.0000
Decision: ALLOW
Action: LOG
Truth: 0
Prediction: 0
Result: True Negative

Reason:
The original transaction already contains the feature values shown to the model.
The model made its decision based on the learned fraud patterns from these values.
Because the model estimated P(fraud) = 0.0000, which is below the alert threshold of 0.12, the system returned ALLOW.
The ground-truth label is legitimate, and the model also allowed it, so this is a True Negative."
01_normal_baseline-TX-13,01_normal_baseline,0.6,BLOCK,BLOCK,1,1,True Positive,23.401099002512638,120074.73,120074.73,0.0,0.0,0.0,0.12,0.3,"step = 5.0000
balance_diff_orig = 120,074.7300
error_orig = 0.0000
newbalanceOrig = 0.0000
type_PAYMENT = 0.0000","Scenario: 01_normal_baseline
Probability: 0.6000
Decision: BLOCK
Action: BLOCK
Truth: 1
Prediction: 1
Result: True Positive

Reason:
The model blocked this transaction because it matches an account-draining pattern.
The sender had 120,075 before the transaction, transferred 120,075, and was left with 0.
This means the transaction consumed the full available sender balance.
Because the model estimated P(fraud) = 0.6000, which is above the block threshold of 0.30, the system returned BLOCK.
The ground-truth label is also fraud, so this is a True Positive.","Scenario: 01_normal_baseline
Probability: 0.6000
Decision: BLOCK
Action: BLOCK
Truth: 1
Prediction: 1
Result: True Positive

Reason:
The model blocked this transaction because it matches an account-draining pattern.
The sender had 120,075 before the transaction, transferred 120,075, and was left with 0.
This means the transaction consumed the full available sender balance.
Because the model estimated P(fraud) = 0.6000, which is above the block threshold of 0.30, the system returned BLOCK.
The ground-truth label is also fraud, so this is a True Positive."
01_normal_baseline-TX-14,01_normal_baseline,0.0,ALLOW,LOG,0,0,True Negative,23.350736999418586,5440.58,49929.0,44488.42,0.0,0.0,0.12,0.3,"step = 8.0000
balance_diff_orig = 5,440.5800
error_orig = 0.0000
newbalanceOrig = 44,488.4200
type_PAYMENT = 1.0000","Scenario: 01_normal_baseline
Probability: 0.0000
Decision: ALLOW
Action: LOG
Truth: 0
Prediction: 0
Result: True Negative

Reason:
The original transaction already contains the feature values shown to the model.
The model made its decision based on the learned fraud patterns from these values.
Because the model estimated P(fraud) = 0.0000, which is below the alert threshold of 0.12, the system returned ALLOW.
The ground-truth label is legitimate, and the model also allowed it, so this is a True Negative.","Scenario: 01_normal_baseline
Probability: 0.0000
Decision: ALLOW
Action: LOG
Truth: 0
Prediction: 0
Result: True Negative

Reason:
The original transaction already contains the feature values shown to the model.
The model made its decision based on the learned fraud patterns from these values.
Because the model estimated P(fraud) = 0.0000, which is below the alert threshold of 0.12, the system returned ALLOW.
The ground-truth label is legitimate, and the model also allowed it, so this is a True Negative."
01_normal_baseline-TX-15,01_normal_baseline,0.02,ALLOW,LOG,0,0,True Negative,23.282148002181202,94712.61,8596484.44,8691197.05,300375.97,905385.44,0.12,0.3,"step = 7.0000
balance_diff_orig = -94,712.6100
error_orig = 189,425.2200
newbalanceOrig = 8,691,197.0500
type_PAYMENT = 0.0000","Scenario: 01_normal_baseline
Probability: 0.0200
Decision: ALLOW
Action: LOG
Truth: 0
Prediction: 0
Result: True Negative

Reason:
The original transaction already contains the feature values shown to the model.
The model made its decision based on the learned fraud patterns from these values.
Because the model estimated P(fraud) = 0.0200, which is below the alert threshold of 0.12, the system returned ALLOW.
The ground-truth label is legitimate, and the model also allowed it, so this is a True Negative.","Scenario: 01_normal_baseline
Probability: 0.0200
Decision: ALLOW
Action: LOG
Truth: 0
Prediction: 0
Result: True Negative

Reason:
The original transaction already contains the feature values shown to the model.
The model made its decision based on the learned fraud patterns from these values.
Because the model estimated P(fraud) = 0.0200, which is below the alert threshold of 0.12, the system returned ALLOW.
The ground-truth label is legitimate, and the model also allowed it, so this is a True Negative."
01_normal_baseline-TX-16,01_normal_baseline,0.005,ALLOW,LOG,0,0,True Negative,22.70612199936295,211454.31,7657962.52,7869416.83,4175810.62,3964356.31,0.12,0.3,"step = 2.0000
balance_diff_orig = -211,454.3100
error_orig = 422,908.6200
newbalanceOrig = 7,869,416.8300
type_PAYMENT = 0.0000","Scenario: 01_normal_baseline
Probability: 0.0050
Decision: ALLOW
Action: LOG
Truth: 0
Prediction: 0
Result: True Negative

Reason:
The original transaction already contains the feature values shown to the model.
The model made its decision based on the learned fraud patterns from these values.
Because the model estimated P(fraud) = 0.0050, which is below the alert threshold of 0.12, the system returned ALLOW.
The ground-truth label is legitimate, and the model also allowed it, so this is a True Negative.","Scenario: 01_normal_baseline
Probability: 0.0050
Decision: ALLOW
Action: LOG
Truth: 0
Prediction: 0
Result: True Negative

Reason:
The original transaction already contains the feature values shown to the model.
The model made its decision based on the learned fraud patterns from these values.
Because the model estimated P(fraud) = 0.0050, which is below the alert threshold of 0.12, the system returned ALLOW.
The ground-truth label is legitimate, and the model also allowed it, so this is a True Negative."
01_normal_baseline-TX-17,01_normal_baseline,0.0,ALLOW,LOG,0,0,True Negative,22.790132999944035,17228.68,15561.0,0.0,0.0,0.0,0.12,0.3,"step = 8.0000
balance_diff_orig = 15,561.0000
error_orig = 1,667.6800
newbalanceOrig = 0.0000
type_PAYMENT = 1.0000","Scenario: 01_normal_baseline
Probability: 0.0000
Decision: ALLOW
Action: LOG
Truth: 0
Prediction: 0
Result: True Negative

Reason:
The original transaction already contains the feature values shown to the model.
The model made its decision based on the learned fraud patterns from these values.
Because the model estimated P(fraud) = 0.0000, which is below the alert threshold of 0.12, the system returned ALLOW.
The ground-truth label is legitimate, and the model also allowed it, so this is a True Negative.","Scenario: 01_normal_baseline
Probability: 0.0000
Decision: ALLOW
Action: LOG
Truth: 0
Prediction: 0
Result: True Negative

Reason:
The original transaction already contains the feature values shown to the model.
The model made its decision based on the learned fraud patterns from these values.
Because the model estimated P(fraud) = 0.0000, which is below the alert threshold of 0.12, the system returned ALLOW.
The ground-truth label is legitimate, and the model also allowed it, so this is a True Negative."
01_normal_baseline-TX-18,01_normal_baseline,0.0,ALLOW,LOG,0,0,True Negative,23.033470002701506,14711.06,174615.0,159903.94,0.0,0.0,0.12,0.3,"step = 8.0000
balance_diff_orig = 14,711.0600
error_orig = 0.0000
newbalanceOrig = 159,903.9400
type_PAYMENT = 1.0000","Scenario: 01_normal_baseline
Probability: 0.0000
Decision: ALLOW
Action: LOG
Truth: 0
Prediction: 0
Result: True Negative

Reason:
The original transaction already contains the feature values shown to the model.
The model made its decision based on the learned fraud patterns from these values.
Because the model estimated P(fraud) = 0.0000, which is below the alert threshold of 0.12, the system returned ALLOW.
The ground-truth label is legitimate, and the model also allowed it, so this is a True Negative.","Scenario: 01_normal_baseline
Probability: 0.0000
Decision: ALLOW
Action: LOG
Truth: 0
Prediction: 0
Result: True Negative

Reason:
The original transaction already contains the feature values shown to the model.
The model made its decision based on the learned fraud patterns from these values.
Because the model estimated P(fraud) = 0.0000, which is below the alert threshold of 0.12, the system returned ALLOW.
The ground-truth label is legitimate, and the model also allowed it, so this is a True Negative."
01_normal_baseline-TX-19,01_normal_baseline,0.005,ALLOW,LOG,0,0,True Negative,22.910746003617533,246049.45,0.0,0.0,489585.33,1278933.03,0.12,0.3,"step = 7.0000
balance_diff_orig = 0.0000
error_orig = 246,049.4500
newbalanceOrig = 0.0000
type_PAYMENT = 0.0000","Scenario: 01_normal_baseline
Probability: 0.0050
Decision: ALLOW
Action: LOG
Truth: 0
Prediction: 0
Result: True Negative

Reason:
The original transaction already contains the feature values shown to the model.
The model made its decision based on the learned fraud patterns from these values.
Because the model estimated P(fraud) = 0.0050, which is below the alert threshold of 0.12, the system returned ALLOW.
The ground-truth label is legitimate, and the model also allowed it, so this is a True Negative.","Scenario: 01_normal_baseline
Probability: 0.0050
Decision: ALLOW
Action: LOG
Truth: 0
Prediction: 0
Result: True Negative

Reason:
The original transaction already contains the feature values shown to the model.
The model made its decision based on the learned fraud patterns from these values.
Because the model estimated P(fraud) = 0.0050, which is below the alert threshold of 0.12, the system returned ALLOW.
The ground-truth label is legitimate, and the model also allowed it, so this is a True Negative."
01_normal_baseline-TX-20,01_normal_baseline,0.0,ALLOW,LOG,0,0,True Negative,23.583891001180746,29113.15,0.0,0.0,49309.27,78422.43,0.12,0.3,"step = 4.0000
balance_diff_orig = 0.0000
error_orig = 29,113.1500
newbalanceOrig = 0.0000
type_PAYMENT = 0.0000","Scenario: 01_normal_baseline
Probability: 0.0000
Decision: ALLOW
Action: LOG
Truth: 0
Prediction: 0
Result: True Negative

Reason:
The original transaction already contains the feature values shown to the model.
The model made its decision based on the learned fraud patterns from these values.
Because the model estimated P(fraud) = 0.0000, which is below the alert threshold of 0.12, the system returned ALLOW.
The ground-truth label is legitimate, and the model also allowed it, so this is a True Negative.","Scenario: 01_normal_baseline
Probability: 0.0000
Decision: ALLOW
Action: LOG
Truth: 0
Prediction: 0
Result: True Negative

Reason:
The original transaction already contains the feature values shown to the model.
The model made its decision based on the learned fraud patterns from these values.
Because the model estimated P(fraud) = 0.0000, which is below the alert threshold of 0.12, the system returned ALLOW.
The ground-truth label is legitimate, and the model also allowed it, so this is a True Negative."
01_normal_baseline-TX-21,01_normal_baseline,0.01,ALLOW,LOG,0,0,True Negative,24.535191994800698,49395.17,20521.0,0.0,193.0,0.0,0.12,0.3,"step = 7.0000
balance_diff_orig = 20,521.0000
error_orig = 28,874.1700
newbalanceOrig = 0.0000
type_PAYMENT = 0.0000","Scenario: 01_normal_baseline
Probability: 0.0100
Decision: ALLOW
Action: LOG
Truth: 0
Prediction: 0
Result: True Negative

Reason:
The original transaction already contains the feature values shown to the model.
The model made its decision based on the learned fraud patterns from these values.
Because the model estimated P(fraud) = 0.0100, which is below the alert threshold of 0.12, the system returned ALLOW.
The ground-truth label is legitimate, and the model also allowed it, so this is a True Negative.","Scenario: 01_normal_baseline
Probability: 0.0100
Decision: ALLOW
Action: LOG
Truth: 0
Prediction: 0
Result: True Negative

Reason:
The original transaction already contains the feature values shown to the model.
The model made its decision based on the learned fraud patterns from these values.
Because the model estimated P(fraud) = 0.0100, which is below the alert threshold of 0.12, the system returned ALLOW.
The ground-truth label is legitimate, and the model also allowed it, so this is a True Negative."
01_normal_baseline-TX-22,01_normal_baseline,0.0,ALLOW,LOG,0,0,True Negative,22.71500699862372,640.5,36128.0,35487.5,19926.0,0.0,0.12,0.3,"step = 8.0000
balance_diff_orig = 640.5000
error_orig = 0.0000
newbalanceOrig = 35,487.5000
type_PAYMENT = 0.0000","Scenario: 01_normal_baseline
Probability: 0.0000
Decision: ALLOW
Action: LOG
Truth: 0
Prediction: 0
Result: True Negative

Reason:
The original transaction already contains the feature values shown to the model.
The model made its decision based on the learned fraud patterns from these values.
Because the model estimated P(fraud) = 0.0000, which is below the alert threshold of 0.12, the system returned ALLOW.
The ground-truth label is legitimate, and the model also allowed it, so this is a True Negative.","Scenario: 01_normal_baseline
Probability: 0.0000
Decision: ALLOW
Action: LOG
Truth: 0
Prediction: 0
Result: True Negative

Reason:
The original transaction already contains the feature values shown to the model.
The model made its decision based on the learned fraud patterns from these values.
Because the model estimated P(fraud) = 0.0000, which is below the alert threshold of 0.12, the system returned ALLOW.
The ground-truth label is legitimate, and the model also allowed it, so this is a True Negative."
01_normal_baseline-TX-23,01_normal_baseline,0.005,ALLOW,LOG,0,0,True Negative,24.335966998478398,125210.17,11228184.45,11353394.62,373170.35,130529.79,0.12,0.3,"step = 8.0000
balance_diff_orig = -125,210.1700
error_orig = 250,420.3400
newbalanceOrig = 11,353,394.6200
type_PAYMENT = 0.0000","Scenario: 01_normal_baseline
Probability: 0.0050
Decision: ALLOW
Action: LOG
Truth: 0
Prediction: 0
Result: True Negative

Reason:
The original transaction already contains the feature values shown to the model.
The model made its decision based on the learned fraud patterns from these values.
Because the model estimated P(fraud) = 0.0050, which is below the alert threshold of 0.12, the system returned ALLOW.
The ground-truth label is legitimate, and the model also allowed it, so this is a True Negative.","Scenario: 01_normal_baseline
Probability: 0.0050
Decision: ALLOW
Action: LOG
Truth: 0
Prediction: 0
Result: True Negative

Reason:
The original transaction already contains the feature values shown to the model.
The model made its decision based on the learned fraud patterns from these values.
Because the model estimated P(fraud) = 0.0050, which is below the alert threshold of 0.12, the system returned ALLOW.
The ground-truth label is legitimate, and the model also allowed it, so this is a True Negative."
01_normal_baseline-TX-24,01_normal_baseline,0.005,ALLOW,LOG,0,0,True Negative,23.54348100197967,46684.58,4217826.45,4264511.03,76856.46,0.0,0.12,0.3,"step = 8.0000
balance_diff_orig = -46,684.5800
error_orig = 93,369.1600
newbalanceOrig = 4,264,511.0300
type_PAYMENT = 0.0000","Scenario: 01_normal_baseline
Probability: 0.0050
Decision: ALLOW
Action: LOG
Truth: 0
Prediction: 0
Result: True Negative

Reason:
The original transaction already contains the feature values shown to the model.
The model made its decision based on the learned fraud patterns from these values.
Because the model estimated P(fraud) = 0.0050, which is below the alert threshold of 0.12, the system returned ALLOW.
The ground-truth label is legitimate, and the model also allowed it, so this is a True Negative.","Scenario: 01_normal_baseline
Probability: 0.0050
Decision: ALLOW
Action: LOG
Truth: 0
Prediction: 0
Result: True Negative

Reason:
The original transaction already contains the feature values shown to the model.
The model made its decision based on the learned fraud patterns from these values.
Because the model estimated P(fraud) = 0.0050, which is below the alert threshold of 0.12, the system returned ALLOW.
The ground-truth label is legitimate, and the model also allowed it, so this is a True Negative."
01_normal_baseline-TX-25,01_normal_baseline,0.6,BLOCK,BLOCK,1,1,True Positive,23.01283099950524,85354.69,85354.69,0.0,0.0,0.0,0.12,0.3,"step = 6.0000
balance_diff_orig = 85,354.6900
error_orig = 0.0000
newbalanceOrig = 0.0000
type_PAYMENT = 0.0000","Scenario: 01_normal_baseline
Probability: 0.6000
Decision: BLOCK
Action: BLOCK
Truth: 1
Prediction: 1
Result: True Positive

Reason:
The model blocked this transaction because it matches an account-draining pattern.
The sender had 85,355 before the transaction, transferred 85,355, and was left with 0.
This means the transaction consumed the full available sender balance.
Because the model estimated P(fraud) = 0.6000, which is above the block threshold of 0.30, the system returned BLOCK.
The ground-truth label is also fraud, so this is a True Positive.","Scenario: 01_normal_baseline
Probability: 0.6000
Decision: BLOCK
Action: BLOCK
Truth: 1
Prediction: 1
Result: True Positive

Reason:
The model blocked this transaction because it matches an account-draining pattern.
The sender had 85,355 before the transaction, transferred 85,355, and was left with 0.
This means the transaction consumed the full available sender balance.
Because the model estimated P(fraud) = 0.6000, which is above the block threshold of 0.30, the system returned BLOCK.
The ground-truth label is also fraud, so this is a True Positive."
01_normal_baseline-TX-26,01_normal_baseline,0.005,ALLOW,LOG,0,0,True Negative,23.181849006505217,95441.79,5042.0,0.0,2097440.12,4743010.67,0.12,0.3,"step = 8.0000
balance_diff_orig = 5,042.0000
error_orig = 90,399.7900
newbalanceOrig = 0.0000
type_PAYMENT = 0.0000","Scenario: 01_normal_baseline
Probability: 0.0050
Decision: ALLOW
Action: LOG
Truth: 0
Prediction: 0
Result: True Negative

Reason:
The original transaction already contains the feature values shown to the model.
The model made its decision based on the learned fraud patterns from these values.
Because the model estimated P(fraud) = 0.0050, which is below the alert threshold of 0.12, the system returned ALLOW.
The ground-truth label is legitimate, and the model also allowed it, so this is a True Negative.","Scenario: 01_normal_baseline
Probability: 0.0050
Decision: ALLOW
Action: LOG
Truth: 0
Prediction: 0
Result: True Negative

Reason:
The original transaction already contains the feature values shown to the model.
The model made its decision based on the learned fraud patterns from these values.
Because the model estimated P(fraud) = 0.0050, which is below the alert threshold of 0.12, the system returned ALLOW.
The ground-truth label is legitimate, and the model also allowed it, so this is a True Negative."
01_normal_baseline-TX-27,01_normal_baseline,0.0,ALLOW,LOG,0,0,True Negative,23.198574002890382,18179.22,21105.0,2925.78,0.0,0.0,0.12,0.3,"step = 8.0000
balance_diff_orig = 18,179.2200
error_orig = 0.0000
newbalanceOrig = 2,925.7800
type_PAYMENT = 1.0000","Scenario: 01_normal_baseline
Probability: 0.0000
Decision: ALLOW
Action: LOG
Truth: 0
Prediction: 0
Result: True Negative

Reason:
The original transaction already contains the feature values shown to the model.
The model made its decision based on the learned fraud patterns from these values.
Because the model estimated P(fraud) = 0.0000, which is below the alert threshold of 0.12, the system returned ALLOW.
The ground-truth label is legitimate, and the model also allowed it, so this is a True Negative.","Scenario: 01_normal_baseline
Probability: 0.0000
Decision: ALLOW
Action: LOG
Truth: 0
Prediction: 0
Result: True Negative

Reason:
The original transaction already contains the feature values shown to the model.
The model made its decision based on the learned fraud patterns from these values.
Because the model estimated P(fraud) = 0.0000, which is below the alert threshold of 0.12, the system returned ALLOW.
The ground-truth label is legitimate, and the model also allowed it, so this is a True Negative."
01_normal_baseline-TX-28,01_normal_baseline,0.01,ALLOW,LOG,0,0,True Negative,23.507195997808594,193433.79,17050.0,210483.79,135960.54,0.0,0.12,0.3,"step = 7.0000
balance_diff_orig = -193,433.7900
error_orig = 386,867.5800
newbalanceOrig = 210,483.7900
type_PAYMENT = 0.0000","Scenario: 01_normal_baseline
Probability: 0.0100
Decision: ALLOW
Action: LOG
Truth: 0
Prediction: 0
Result: True Negative

Reason:
The original transaction already contains the feature values shown to the model.
The model made its decision based on the learned fraud patterns from these values.
Because the model estimated P(fraud) = 0.0100, which is below the alert threshold of 0.12, the system returned ALLOW.
The ground-truth label is legitimate, and the model also allowed it, so this is a True Negative.","Scenario: 01_normal_baseline
Probability: 0.0100
Decision: ALLOW
Action: LOG
Truth: 0
Prediction: 0
Result: True Negative

Reason:
The original transaction already contains the feature values shown to the model.
The model made its decision based on the learned fraud patterns from these values.
Because the model estimated P(fraud) = 0.0100, which is below the alert threshold of 0.12, the system returned ALLOW.
The ground-truth label is legitimate, and the model also allowed it, so this is a True Negative."
01_normal_baseline-TX-29,01_normal_baseline,0.0,ALLOW,LOG,0,0,True Negative,24.18069099803688,23178.12,0.0,0.0,16481866.74,18482735.85,0.12,0.3,"step = 8.0000
balance_diff_orig = 0.0000
error_orig = 23,178.1200
newbalanceOrig = 0.0000
type_PAYMENT = 0.0000","Scenario: 01_normal_baseline
Probability: 0.0000
Decision: ALLOW
Action: LOG
Truth: 0
Prediction: 0
Result: True Negative

Reason:
The original transaction already contains the feature values shown to the model.
The model made its decision based on the learned fraud patterns from these values.
Because the model estimated P(fraud) = 0.0000, which is below the alert threshold of 0.12, the system returned ALLOW.
The ground-truth label is legitimate, and the model also allowed it, so this is a True Negative.","Scenario: 01_normal_baseline
Probability: 0.0000
Decision: ALLOW
Action: LOG
Truth: 0
Prediction: 0
Result: True Negative

Reason:
The original transaction already contains the feature values shown to the model.
The model made its decision based on the learned fraud patterns from these values.
Because the model estimated P(fraud) = 0.0000, which is below the alert threshold of 0.12, the system returned ALLOW.
The ground-truth label is legitimate, and the model also allowed it, so this is a True Negative."
01_normal_baseline-TX-30,01_normal_baseline,0.545,BLOCK,BLOCK,1,1,True Positive,23.58015200297814,441445.58,441445.58,0.0,0.0,0.0,0.12,0.3,"step = 7.0000
balance_diff_orig = 441,445.5800
error_orig = 0.0000
newbalanceOrig = 0.0000
type_PAYMENT = 0.0000","Scenario: 01_normal_baseline
Probability: 0.5450
Decision: BLOCK
Action: BLOCK
Truth: 1
Prediction: 1
Result: True Positive

Reason:
The model blocked this transaction because it matches an account-draining pattern.
The sender had 441,446 before the transaction, transferred 441,446, and was left with 0.
This means the transaction consumed the full available sender balance.
Because the model estimated P(fraud) = 0.5450, which is above the block threshold of 0.30, the system returned BLOCK.
The ground-truth label is also fraud, so this is a True Positive.","Scenario: 01_normal_baseline
Probability: 0.5450
Decision: BLOCK
Action: BLOCK
Truth: 1
Prediction: 1
Result: True Positive

Reason:
The model blocked this transaction because it matches an account-draining pattern.
The sender had 441,446 before the transaction, transferred 441,446, and was left with 0.
This means the transaction consumed the full available sender balance.
Because the model estimated P(fraud) = 0.5450, which is above the block threshold of 0.30, the system returned BLOCK.
The ground-truth label is also fraud, so this is a True Positive."
01_normal_baseline-TX-31,01_normal_baseline,0.0,ALLOW,LOG,0,0,True Negative,23.949692003952805,59.59,5620.0,5560.41,0.0,0.0,0.12,0.3,"step = 4.0000
balance_diff_orig = 59.5900
error_orig = 0.0000
newbalanceOrig = 5,560.4100
type_PAYMENT = 1.0000","Scenario: 01_normal_baseline
Probability: 0.0000
Decision: ALLOW
Action: LOG
Truth: 0
Prediction: 0
Result: True Negative

Reason:
The original transaction already contains the feature values shown to the model.
The model made its decision based on the learned fraud patterns from these values.
Because the model estimated P(fraud) = 0.0000, which is below the alert threshold of 0.12, the system returned ALLOW.
The ground-truth label is legitimate, and the model also allowed it, so this is a True Negative.","Scenario: 01_normal_baseline
Probability: 0.0000
Decision: ALLOW
Action: LOG
Truth: 0
Prediction: 0
Result: True Negative

Reason:
The original transaction already contains the feature values shown to the model.
The model made its decision based on the learned fraud patterns from these values.
Because the model estimated P(fraud) = 0.0000, which is below the alert threshold of 0.12, the system returned ALLOW.
The ground-truth label is legitimate, and the model also allowed it, so this is a True Negative."
01_normal_baseline-TX-32,01_normal_baseline,0.665,BLOCK,BLOCK,1,1,True Positive,22.92874600243522,13704.0,13704.0,0.0,0.0,1658746.09,0.12,0.3,"step = 6.0000
balance_diff_orig = 13,704.0000
error_orig = 0.0000
newbalanceOrig = 0.0000
type_PAYMENT = 0.0000","Scenario: 01_normal_baseline
Probability: 0.6650
Decision: BLOCK
Action: BLOCK
Truth: 1
Prediction: 1
Result: True Positive

Reason:
The model blocked this transaction because it matches an account-draining pattern.
The sender had 13,704 before the transaction, transferred 13,704, and was left with 0.
This means the transaction consumed the full available sender balance.
Because the model estimated P(fraud) = 0.6650, which is above the block threshold of 0.30, the system returned BLOCK.
The ground-truth label is also fraud, so this is a True Positive.","Scenario: 01_normal_baseline
Probability: 0.6650
Decision: BLOCK
Action: BLOCK
Truth: 1
Prediction: 1
Result: True Positive

Reason:
The model blocked this transaction because it matches an account-draining pattern.
The sender had 13,704 before the transaction, transferred 13,704, and was left with 0.
This means the transaction consumed the full available sender balance.
Because the model estimated P(fraud) = 0.6650, which is above the block threshold of 0.30, the system returned BLOCK.
The ground-truth label is also fraud, so this is a True Positive."
01_normal_baseline-TX-33,01_normal_baseline,0.6,BLOCK,BLOCK,1,1,True Positive,23.079206002876163,35063.63,35063.63,0.0,0.0,0.0,0.12,0.3,"step = 1.0000
balance_diff_orig = 35,063.6300
error_orig = 0.0000
newbalanceOrig = 0.0000
type_PAYMENT = 0.0000","Scenario: 01_normal_baseline
Probability: 0.6000
Decision: BLOCK
Action: BLOCK
Truth: 1
Prediction: 1
Result: True Positive

Reason:
The model blocked this transaction because it matches an account-draining pattern.
The sender had 35,064 before the transaction, transferred 35,064, and was left with 0.
This means the transaction consumed the full available sender balance.
Because the model estimated P(fraud) = 0.6000, which is above the block threshold of 0.30, the system returned BLOCK.
The ground-truth label is also fraud, so this is a True Positive.","Scenario: 01_normal_baseline
Probability: 0.6000
Decision: BLOCK
Action: BLOCK
Truth: 1
Prediction: 1
Result: True Positive

Reason:
The model blocked this transaction because it matches an account-draining pattern.
The sender had 35,064 before the transaction, transferred 35,064, and was left with 0.
This means the transaction consumed the full available sender balance.
Because the model estimated P(fraud) = 0.6000, which is above the block threshold of 0.30, the system returned BLOCK.
The ground-truth label is also fraud, so this is a True Positive."
01_normal_baseline-TX-34,01_normal_baseline,0.0,ALLOW,LOG,0,0,True Negative,23.00003400159767,4854.86,20379.0,15524.14,0.0,0.0,0.12,0.3,"step = 7.0000
balance_diff_orig = 4,854.8600
error_orig = 0.0000
newbalanceOrig = 15,524.1400
type_PAYMENT = 1.0000","Scenario: 01_normal_baseline
Probability: 0.0000
Decision: ALLOW
Action: LOG
Truth: 0
Prediction: 0
Result: True Negative

Reason:
The original transaction already contains the feature values shown to the model.
The model made its decision based on the learned fraud patterns from these values.
Because the model estimated P(fraud) = 0.0000, which is below the alert threshold of 0.12, the system returned ALLOW.
The ground-truth label is legitimate, and the model also allowed it, so this is a True Negative.","Scenario: 01_normal_baseline
Probability: 0.0000
Decision: ALLOW
Action: LOG
Truth: 0
Prediction: 0
Result: True Negative

Reason:
The original transaction already contains the feature values shown to the model.
The model made its decision based on the learned fraud patterns from these values.
Because the model estimated P(fraud) = 0.0000, which is below the alert threshold of 0.12, the system returned ALLOW.
The ground-truth label is legitimate, and the model also allowed it, so this is a True Negative."
01_normal_baseline-TX-35,01_normal_baseline,0.0,ALLOW,LOG,0,0,True Negative,23.16719599912176,3708.79,30919.0,27210.21,0.0,0.0,0.12,0.3,"step = 8.0000
balance_diff_orig = 3,708.7900
error_orig = 0.0000
newbalanceOrig = 27,210.2100
type_PAYMENT = 1.0000","Scenario: 01_normal_baseline
Probability: 0.0000
Decision: ALLOW
Action: LOG
Truth: 0
Prediction: 0
Result: True Negative

Reason:
The original transaction already contains the feature values shown to the model.
The model made its decision based on the learned fraud patterns from these values.
Because the model estimated P(fraud) = 0.0000, which is below the alert threshold of 0.12, the system returned ALLOW.
The ground-truth label is legitimate, and the model also allowed it, so this is a True Negative.","Scenario: 01_normal_baseline
Probability: 0.0000
Decision: ALLOW
Action: LOG
Truth: 0
Prediction: 0
Result: True Negative

Reason:
The original transaction already contains the feature values shown to the model.
The model made its decision based on the learned fraud patterns from these values.
Because the model estimated P(fraud) = 0.0000, which is below the alert threshold of 0.12, the system returned ALLOW.
The ground-truth label is legitimate, and the model also allowed it, so this is a True Negative."
01_normal_baseline-TX-36,01_normal_baseline,0.575,BLOCK,BLOCK,1,1,True Positive,22.793034004280344,963532.14,963532.14,0.0,0.0,0.0,0.12,0.3,"step = 2.0000
balance_diff_orig = 963,532.1400
error_orig = 0.0000
newbalanceOrig = 0.0000
type_PAYMENT = 0.0000","Scenario: 01_normal_baseline
Probability: 0.5750
Decision: BLOCK
Action: BLOCK
Truth: 1
Prediction: 1
Result: True Positive

Reason:
The model blocked this transaction because it matches an account-draining pattern.
The sender had 963,532 before the transaction, transferred 963,532, and was left with 0.
This means the transaction consumed the full available sender balance.
Because the model estimated P(fraud) = 0.5750, which is above the block threshold of 0.30, the system returned BLOCK.
The ground-truth label is also fraud, so this is a True Positive.","Scenario: 01_normal_baseline
Probability: 0.5750
Decision: BLOCK
Action: BLOCK
Truth: 1
Prediction: 1
Result: True Positive

Reason:
The model blocked this transaction because it matches an account-draining pattern.
The sender had 963,532 before the transaction, transferred 963,532, and was left with 0.
This means the transaction consumed the full available sender balance.
Because the model estimated P(fraud) = 0.5750, which is above the block threshold of 0.30, the system returned BLOCK.
The ground-truth label is also fraud, so this is a True Positive."
01_normal_baseline-TX-37,01_normal_baseline,0.005,ALLOW,LOG,0,0,True Negative,22.54753500164952,247878.57,0.0,0.0,2347360.87,8398562.84,0.12,0.3,"step = 8.0000
balance_diff_orig = 0.0000
error_orig = 247,878.5700
newbalanceOrig = 0.0000
type_PAYMENT = 0.0000","Scenario: 01_normal_baseline
Probability: 0.0050
Decision: ALLOW
Action: LOG
Truth: 0
Prediction: 0
Result: True Negative

Reason:
The original transaction already contains the feature values shown to the model.
The model made its decision based on the learned fraud patterns from these values.
Because the model estimated P(fraud) = 0.0050, which is below the alert threshold of 0.12, the system returned ALLOW.
The ground-truth label is legitimate, and the model also allowed it, so this is a True Negative.","Scenario: 01_normal_baseline
Probability: 0.0050
Decision: ALLOW
Action: LOG
Truth: 0
Prediction: 0
Result: True Negative

Reason:
The original transaction already contains the feature values shown to the model.
The model made its decision based on the learned fraud patterns from these values.
Because the model estimated P(fraud) = 0.0050, which is below the alert threshold of 0.12, the system returned ALLOW.
The ground-truth label is legitimate, and the model also allowed it, so this is a True Negative."
01_normal_baseline-TX-38,01_normal_baseline,0.575,BLOCK,BLOCK,1,1,True Positive,22.794764998252504,1277212.77,1277212.77,0.0,0.0,2444985.19,0.12,0.3,"step = 1.0000
balance_diff_orig = 1,277,212.7700
error_orig = 0.0000
newbalanceOrig = 0.0000
type_PAYMENT = 0.0000","Scenario: 01_normal_baseline
Probability: 0.5750
Decision: BLOCK
Action: BLOCK
Truth: 1
Prediction: 1
Result: True Positive

Reason:
The model blocked this transaction because it matches an account-draining pattern.
The sender had 1,277,213 before the transaction, transferred 1,277,213, and was left with 0.
This means the transaction consumed the full available sender balance.
Because the model estimated P(fraud) = 0.5750, which is above the block threshold of 0.30, the system returned BLOCK.
The ground-truth label is also fraud, so this is a True Positive.","Scenario: 01_normal_baseline
Probability: 0.5750
Decision: BLOCK
Action: BLOCK
Truth: 1
Prediction: 1
Result: True Positive

Reason:
The model blocked this transaction because it matches an account-draining pattern.
The sender had 1,277,213 before the transaction, transferred 1,277,213, and was left with 0.
This means the transaction consumed the full available sender balance.
Because the model estimated P(fraud) = 0.5750, which is above the block threshold of 0.30, the system returned BLOCK.
The ground-truth label is also fraud, so this is a True Positive."
01_normal_baseline-TX-39,01_normal_baseline,0.255,REVIEW,ALERT,0,0,True Negative,22.763091001252178,655143.29,34767.0,0.0,22053.28,669932.79,0.12,0.3,"step = 7.0000
balance_diff_orig = 34,767.0000
error_orig = 620,376.2900
newbalanceOrig = 0.0000
type_PAYMENT = 0.0000","Scenario: 01_normal_baseline
Probability: 0.2550
Decision: REVIEW
Action: ALERT
Truth: 0
Prediction: 0
Result: True Negative

Reason:
The original transaction already contains the feature values shown to the model.
The model made its decision based on the learned fraud patterns from these values.
Because the model estimated P(fraud) = 0.2550, which is above the alert threshold of 0.12 but below the block threshold of 0.30, the system returned REVIEW.
The ground-truth label is legitimate, and the model also allowed it, so this is a True Negative.","Scenario: 01_normal_baseline
Probability: 0.2550
Decision: REVIEW
Action: ALERT
Truth: 0
Prediction: 0
Result: True Negative

Reason:
The original transaction already contains the feature values shown to the model.
The model made its decision based on the learned fraud patterns from these values.
Because the model estimated P(fraud) = 0.2550, which is above the alert threshold of 0.12 but below the block threshold of 0.30, the system returned REVIEW.
The ground-truth label is legitimate, and the model also allowed it, so this is a True Negative."
01_normal_baseline-TX-40,01_normal_baseline,0.0,ALLOW,LOG,0,0,True Negative,23.02247299667215,2662054.47,0.0,0.0,3590930.84,6097795.83,0.12,0.3,"step = 8.0000
balance_diff_orig = 0.0000
error_orig = 2,662,054.4700
newbalanceOrig = 0.0000
type_PAYMENT = 0.0000","Scenario: 01_normal_baseline
Probability: 0.0000
Decision: ALLOW
Action: LOG
Truth: 0
Prediction: 0
Result: True Negative

Reason:
The transaction uses a high-risk type (TRANSFER) and also contains high-risk amount behavior.
This combination is commonly suspicious in mobile-money fraud patterns.
Because the model estimated P(fraud) = 0.0000, which is below the alert threshold of 0.12, the system returned ALLOW.
The ground-truth label is legitimate, and the model also allowed it, so this is a True Negative.","Scenario: 01_normal_baseline
Probability: 0.0000
Decision: ALLOW
Action: LOG
Truth: 0
Prediction: 0
Result: True Negative

Reason:
The transaction uses a high-risk type (TRANSFER) and also contains high-risk amount behavior.
This combination is commonly suspicious in mobile-money fraud patterns.
Because the model estimated P(fraud) = 0.0000, which is below the alert threshold of 0.12, the system returned ALLOW.
The ground-truth label is legitimate, and the model also allowed it, so this is a True Negative."
01_normal_baseline-TX-41,01_normal_baseline,0.14,REVIEW,ALERT,0,0,True Negative,22.804918000474572,609783.23,34781.0,0.0,63012.65,2161457.75,0.12,0.3,"step = 7.0000
balance_diff_orig = 34,781.0000
error_orig = 575,002.2300
newbalanceOrig = 0.0000
type_PAYMENT = 0.0000","Scenario: 01_normal_baseline
Probability: 0.1400
Decision: REVIEW
Action: ALERT
Truth: 0
Prediction: 0
Result: True Negative

Reason:
The original transaction already contains the feature values shown to the model.
The model made its decision based on the learned fraud patterns from these values.
Because the model estimated P(fraud) = 0.1400, which is above the alert threshold of 0.12 but below the block threshold of 0.30, the system returned REVIEW.
The ground-truth label is legitimate, and the model also allowed it, so this is a True Negative.","Scenario: 01_normal_baseline
Probability: 0.1400
Decision: REVIEW
Action: ALERT
Truth: 0
Prediction: 0
Result: True Negative

Reason:
The original transaction already contains the feature values shown to the model.
The model made its decision based on the learned fraud patterns from these values.
Because the model estimated P(fraud) = 0.1400, which is above the alert threshold of 0.12 but below the block threshold of 0.30, the system returned REVIEW.
The ground-truth label is legitimate, and the model also allowed it, so this is a True Negative."
01_normal_baseline-TX-42,01_normal_baseline,0.0,ALLOW,LOG,0,0,True Negative,23.048000999551732,61683.35,0.0,0.0,78264.49,0.0,0.12,0.3,"step = 8.0000
balance_diff_orig = 0.0000
error_orig = 61,683.3500
newbalanceOrig = 0.0000
type_PAYMENT = 0.0000","Scenario: 01_normal_baseline
Probability: 0.0000
Decision: ALLOW
Action: LOG
Truth: 0
Prediction: 0
Result: True Negative

Reason:
The original transaction already contains the feature values shown to the model.
The model made its decision based on the learned fraud patterns from these values.
Because the model estimated P(fraud) = 0.0000, which is below the alert threshold of 0.12, the system returned ALLOW.
The ground-truth label is legitimate, and the model also allowed it, so this is a True Negative.","Scenario: 01_normal_baseline
Probability: 0.0000
Decision: ALLOW
Action: LOG
Truth: 0
Prediction: 0
Result: True Negative

Reason:
The original transaction already contains the feature values shown to the model.
The model made its decision based on the learned fraud patterns from these values.
Because the model estimated P(fraud) = 0.0000, which is below the alert threshold of 0.12, the system returned ALLOW.
The ground-truth label is legitimate, and the model also allowed it, so this is a True Negative."
01_normal_baseline-TX-43,01_normal_baseline,0.0,ALLOW,LOG,0,0,True Negative,22.68271899811225,4074.95,0.0,0.0,0.0,0.0,0.12,0.3,"step = 6.0000
balance_diff_orig = 0.0000
error_orig = 4,074.9500
newbalanceOrig = 0.0000
type_PAYMENT = 1.0000","Scenario: 01_normal_baseline
Probability: 0.0000
Decision: ALLOW
Action: LOG
Truth: 0
Prediction: 0
Result: True Negative

Reason:
The original transaction already contains the feature values shown to the model.
The model made its decision based on the learned fraud patterns from these values.
Because the model estimated P(fraud) = 0.0000, which is below the alert threshold of 0.12, the system returned ALLOW.
The ground-truth label is legitimate, and the model also allowed it, so this is a True Negative.","Scenario: 01_normal_baseline
Probability: 0.0000
Decision: ALLOW
Action: LOG
Truth: 0
Prediction: 0
Result: True Negative

Reason:
The original transaction already contains the feature values shown to the model.
The model made its decision based on the learned fraud patterns from these values.
Because the model estimated P(fraud) = 0.0000, which is below the alert threshold of 0.12, the system returned ALLOW.
The ground-truth label is legitimate, and the model also allowed it, so this is a True Negative."
01_normal_baseline-TX-44,01_normal_baseline,0.02,ALLOW,LOG,0,0,True Negative,23.017327999696136,81518.63,3704195.26,3785713.89,104255.56,22736.93,0.12,0.3,"step = 2.0000
balance_diff_orig = -81,518.6300
error_orig = 163,037.2600
newbalanceOrig = 3,785,713.8900
type_PAYMENT = 0.0000","Scenario: 01_normal_baseline
Probability: 0.0200
Decision: ALLOW
Action: LOG
Truth: 0
Prediction: 0
Result: True Negative

Reason:
The original transaction already contains the feature values shown to the model.
The model made its decision based on the learned fraud patterns from these values.
Because the model estimated P(fraud) = 0.0200, which is below the alert threshold of 0.12, the system returned ALLOW.
The ground-truth label is legitimate, and the model also allowed it, so this is a True Negative.","Scenario: 01_normal_baseline
Probability: 0.0200
Decision: ALLOW
Action: LOG
Truth: 0
Prediction: 0
Result: True Negative

Reason:
The original transaction already contains the feature values shown to the model.
The model made its decision based on the learned fraud patterns from these values.
Because the model estimated P(fraud) = 0.0200, which is below the alert threshold of 0.12, the system returned ALLOW.
The ground-truth label is legitimate, and the model also allowed it, so this is a True Negative."
01_normal_baseline-TX-45,01_normal_baseline,0.005,ALLOW,LOG,0,0,True Negative,22.804492997238412,270972.69,0.0,0.0,613972.39,2310987.68,0.12,0.3,"step = 8.0000
balance_diff_orig = 0.0000
error_orig = 270,972.6900
newbalanceOrig = 0.0000
type_PAYMENT = 0.0000","Scenario: 01_normal_baseline
Probability: 0.0050
Decision: ALLOW
Action: LOG
Truth: 0
Prediction: 0
Result: True Negative

Reason:
The original transaction already contains the feature values shown to the model.
The model made its decision based on the learned fraud patterns from these values.
Because the model estimated P(fraud) = 0.0050, which is below the alert threshold of 0.12, the system returned ALLOW.
The ground-truth label is legitimate, and the model also allowed it, so this is a True Negative.","Scenario: 01_normal_baseline
Probability: 0.0050
Decision: ALLOW
Action: LOG
Truth: 0
Prediction: 0
Result: True Negative

Reason:
The original transaction already contains the feature values shown to the model.
The model made its decision based on the learned fraud patterns from these values.
Because the model estimated P(fraud) = 0.0050, which is below the alert threshold of 0.12, the system returned ALLOW.
The ground-truth label is legitimate, and the model also allowed it, so this is a True Negative."
01_normal_baseline-TX-46,01_normal_baseline,0.0,ALLOW,LOG,0,0,True Negative,22.77918600157136,4887.39,26987.0,22099.61,0.0,0.0,0.12,0.3,"step = 8.0000
balance_diff_orig = 4,887.3900
error_orig = 0.0000
newbalanceOrig = 22,099.6100
type_PAYMENT = 1.0000","Scenario: 01_normal_baseline
Probability: 0.0000
Decision: ALLOW
Action: LOG
Truth: 0
Prediction: 0
Result: True Negative

Reason:
The original transaction already contains the feature values shown to the model.
The model made its decision based on the learned fraud patterns from these values.
Because the model estimated P(fraud) = 0.0000, which is below the alert threshold of 0.12, the system returned ALLOW.
The ground-truth label is legitimate, and the model also allowed it, so this is a True Negative.","Scenario: 01_normal_baseline
Probability: 0.0000
Decision: ALLOW
Action: LOG
Truth: 0
Prediction: 0
Result: True Negative

Reason:
The original transaction already contains the feature values shown to the model.
The model made its decision based on the learned fraud patterns from these values.
Because the model estimated P(fraud) = 0.0000, which is below the alert threshold of 0.12, the system returned ALLOW.
The ground-truth label is legitimate, and the model also allowed it, so this is a True Negative."
01_normal_baseline-TX-47,01_normal_baseline,0.0,ALLOW,LOG,0,0,True Negative,22.96696399571374,8804.22,87092.8,78288.57,0.0,0.0,0.12,0.3,"step = 8.0000
balance_diff_orig = 8,804.2300
error_orig = 0.0100
newbalanceOrig = 78,288.5700
type_PAYMENT = 1.0000","Scenario: 01_normal_baseline
Probability: 0.0000
Decision: ALLOW
Action: LOG
Truth: 0
Prediction: 0
Result: True Negative

Reason:
The original transaction already contains the feature values shown to the model.
The model made its decision based on the learned fraud patterns from these values.
Because the model estimated P(fraud) = 0.0000, which is below the alert threshold of 0.12, the system returned ALLOW.
The ground-truth label is legitimate, and the model also allowed it, so this is a True Negative.","Scenario: 01_normal_baseline
Probability: 0.0000
Decision: ALLOW
Action: LOG
Truth: 0
Prediction: 0
Result: True Negative

Reason:
The original transaction already contains the feature values shown to the model.
The model made its decision based on the learned fraud patterns from these values.
Because the model estimated P(fraud) = 0.0000, which is below the alert threshold of 0.12, the system returned ALLOW.
The ground-truth label is legitimate, and the model also allowed it, so this is a True Negative."
01_normal_baseline-TX-48,01_normal_baseline,0.0,ALLOW,LOG,0,0,True Negative,23.43795400520321,86520.54,0.0,0.0,138323.94,0.0,0.12,0.3,"step = 6.0000
balance_diff_orig = 0.0000
error_orig = 86,520.5400
newbalanceOrig = 0.0000
type_PAYMENT = 0.0000","Scenario: 01_normal_baseline
Probability: 0.0000
Decision: ALLOW
Action: LOG
Truth: 0
Prediction: 0
Result: True Negative

Reason:
The original transaction already contains the feature values shown to the model.
The model made its decision based on the learned fraud patterns from these values.
Because the model estimated P(fraud) = 0.0000, which is below the alert threshold of 0.12, the system returned ALLOW.
The ground-truth label is legitimate, and the model also allowed it, so this is a True Negative.","Scenario: 01_normal_baseline
Probability: 0.0000
Decision: ALLOW
Action: LOG
Truth: 0
Prediction: 0
Result: True Negative

Reason:
The original transaction already contains the feature values shown to the model.
The model made its decision based on the learned fraud patterns from these values.
Because the model estimated P(fraud) = 0.0000, which is below the alert threshold of 0.12, the system returned ALLOW.
The ground-truth label is legitimate, and the model also allowed it, so this is a True Negative."
01_normal_baseline-TX-49,01_normal_baseline,0.0,ALLOW,LOG,0,0,True Negative,23.175002002972178,8591.62,996.0,0.0,0.0,0.0,0.12,0.3,"step = 7.0000
balance_diff_orig = 996.0000
error_orig = 7,595.6200
newbalanceOrig = 0.0000
type_PAYMENT = 1.0000","Scenario: 01_normal_baseline
Probability: 0.0000
Decision: ALLOW
Action: LOG
Truth: 0
Prediction: 0
Result: True Negative

Reason:
The original transaction already contains the feature values shown to the model.
The model made its decision based on the learned fraud patterns from these values.
Because the model estimated P(fraud) = 0.0000, which is below the alert threshold of 0.12, the system returned ALLOW.
The ground-truth label is legitimate, and the model also allowed it, so this is a True Negative.","Scenario: 01_normal_baseline
Probability: 0.0000
Decision: ALLOW
Action: LOG
Truth: 0
Prediction: 0
Result: True Negative

Reason:
The original transaction already contains the feature values shown to the model.
The model made its decision based on the learned fraud patterns from these values.
Because the model estimated P(fraud) = 0.0000, which is below the alert threshold of 0.12, the system returned ALLOW.
The ground-truth label is legitimate, and the model also allowed it, so this is a True Negative."
01_normal_baseline-TX-50,01_normal_baseline,0.0,ALLOW,LOG,0,0,True Negative,24.034892005147412,1781.61,1095.0,0.0,0.0,0.0,0.12,0.3,"step = 8.0000
balance_diff_orig = 1,095.0000
error_orig = 686.6100
newbalanceOrig = 0.0000
type_PAYMENT = 1.0000","Scenario: 01_normal_baseline
Probability: 0.0000
Decision: ALLOW
Action: LOG
Truth: 0
Prediction: 0
Result: True Negative

Reason:
The original transaction already contains the feature values shown to the model.
The model made its decision based on the learned fraud patterns from these values.
Because the model estimated P(fraud) = 0.0000, which is below the alert threshold of 0.12, the system returned ALLOW.
The ground-truth label is legitimate, and the model also allowed it, so this is a True Negative.","Scenario: 01_normal_baseline
Probability: 0.0000
Decision: ALLOW
Action: LOG
Truth: 0
Prediction: 0
Result: True Negative

Reason:
The original transaction already contains the feature values shown to the model.
The model made its decision based on the learned fraud patterns from these values.
Because the model estimated P(fraud) = 0.0000, which is below the alert threshold of 0.12, the system returned ALLOW.
The ground-truth label is legitimate, and the model also allowed it, so this is a True Negative."
01_normal_baseline-TX-51,01_normal_baseline,0.065,ALLOW,LOG,0,0,True Negative,23.553106002509594,114199.32,49697.0,0.0,0.0,225657.64,0.12,0.3,"step = 8.0000
balance_diff_orig = 49,697.0000
error_orig = 64,502.3200
newbalanceOrig = 0.0000
type_PAYMENT = 0.0000","Scenario: 01_normal_baseline
Probability: 0.0650
Decision: ALLOW
Action: LOG
Truth: 0
Prediction: 0
Result: True Negative

Reason:
The original transaction already contains the feature values shown to the model.
The model made its decision based on the learned fraud patterns from these values.
Because the model estimated P(fraud) = 0.0650, which is below the alert threshold of 0.12, the system returned ALLOW.
The ground-truth label is legitimate, and the model also allowed it, so this is a True Negative.","Scenario: 01_normal_baseline
Probability: 0.0650
Decision: ALLOW
Action: LOG
Truth: 0
Prediction: 0
Result: True Negative

Reason:
The original transaction already contains the feature values shown to the model.
The model made its decision based on the learned fraud patterns from these values.
Because the model estimated P(fraud) = 0.0650, which is below the alert threshold of 0.12, the system returned ALLOW.
The ground-truth label is legitimate, and the model also allowed it, so this is a True Negative."
01_normal_baseline-TX-52,01_normal_baseline,0.03,ALLOW,LOG,0,0,True Negative,22.816263997810893,41385.54,1015926.08,1057311.62,65002.0,5966.04,0.12,0.3,"step = 4.0000
balance_diff_orig = -41,385.5400
error_orig = 82,771.0800
newbalanceOrig = 1,057,311.6200
type_PAYMENT = 0.0000","Scenario: 01_normal_baseline
Probability: 0.0300
Decision: ALLOW
Action: LOG
Truth: 0
Prediction: 0
Result: True Negative

Reason:
The original transaction already contains the feature values shown to the model.
The model made its decision based on the learned fraud patterns from these values.
Because the model estimated P(fraud) = 0.0300, which is below the alert threshold of 0.12, the system returned ALLOW.
The ground-truth label is legitimate, and the model also allowed it, so this is a True Negative.","Scenario: 01_normal_baseline
Probability: 0.0300
Decision: ALLOW
Action: LOG
Truth: 0
Prediction: 0
Result: True Negative

Reason:
The original transaction already contains the feature values shown to the model.
The model made its decision based on the learned fraud patterns from these values.
Because the model estimated P(fraud) = 0.0300, which is below the alert threshold of 0.12, the system returned ALLOW.
The ground-truth label is legitimate, and the model also allowed it, so this is a True Negative."
01_normal_baseline-TX-53,01_normal_baseline,0.005,ALLOW,LOG,0,0,True Negative,22.68566000566352,6459.82,244813.0,238353.18,9807.8,17320.91,0.12,0.3,"step = 2.0000
balance_diff_orig = 6,459.8200
error_orig = 0.0000
newbalanceOrig = 238,353.1800
type_PAYMENT = 0.0000","Scenario: 01_normal_baseline
Probability: 0.0050
Decision: ALLOW
Action: LOG
Truth: 0
Prediction: 0
Result: True Negative

Reason:
The original transaction already contains the feature values shown to the model.
The model made its decision based on the learned fraud patterns from these values.
Because the model estimated P(fraud) = 0.0050, which is below the alert threshold of 0.12, the system returned ALLOW.
The ground-truth label is legitimate, and the model also allowed it, so this is a True Negative.","Scenario: 01_normal_baseline
Probability: 0.0050
Decision: ALLOW
Action: LOG
Truth: 0
Prediction: 0
Result: True Negative

Reason:
The original transaction already contains the feature values shown to the model.
The model made its decision based on the learned fraud patterns from these values.
Because the model estimated P(fraud) = 0.0050, which is below the alert threshold of 0.12, the system returned ALLOW.
The ground-truth label is legitimate, and the model also allowed it, so this is a True Negative."
01_normal_baseline-TX-54,01_normal_baseline,0.0,ALLOW,LOG,0,0,True Negative,24.18764900357928,12011.89,90852.0,78840.11,0.0,0.0,0.12,0.3,"step = 7.0000
balance_diff_orig = 12,011.8900
error_orig = 0.0000
newbalanceOrig = 78,840.1100
type_PAYMENT = 1.0000","Scenario: 01_normal_baseline
Probability: 0.0000
Decision: ALLOW
Action: LOG
Truth: 0
Prediction: 0
Result: True Negative

Reason:
The original transaction already contains the feature values shown to the model.
The model made its decision based on the learned fraud patterns from these values.
Because the model estimated P(fraud) = 0.0000, which is below the alert threshold of 0.12, the system returned ALLOW.
The ground-truth label is legitimate, and the model also allowed it, so this is a True Negative.","Scenario: 01_normal_baseline
Probability: 0.0000
Decision: ALLOW
Action: LOG
Truth: 0
Prediction: 0
Result: True Negative

Reason:
The original transaction already contains the feature values shown to the model.
The model made its decision based on the learned fraud patterns from these values.
Because the model estimated P(fraud) = 0.0000, which is below the alert threshold of 0.12, the system returned ALLOW.
The ground-truth label is legitimate, and the model also allowed it, so this is a True Negative."
01_normal_baseline-TX-55,01_normal_baseline,0.05,ALLOW,LOG,0,0,True Negative,22.71255400410155,349189.49,10927368.66,11276558.15,2243580.18,3249604.9,0.12,0.3,"step = 7.0000
balance_diff_orig = -349,189.4900
error_orig = 698,378.9800
newbalanceOrig = 11,276,558.1500
type_PAYMENT = 0.0000","Scenario: 01_normal_baseline
Probability: 0.0500
Decision: ALLOW
Action: LOG
Truth: 0
Prediction: 0
Result: True Negative

Reason:
The original transaction already contains the feature values shown to the model.
The model made its decision based on the learned fraud patterns from these values.
Because the model estimated P(fraud) = 0.0500, which is below the alert threshold of 0.12, the system returned ALLOW.
The ground-truth label is legitimate, and the model also allowed it, so this is a True Negative.","Scenario: 01_normal_baseline
Probability: 0.0500
Decision: ALLOW
Action: LOG
Truth: 0
Prediction: 0
Result: True Negative

Reason:
The original transaction already contains the feature values shown to the model.
The model made its decision based on the learned fraud patterns from these values.
Because the model estimated P(fraud) = 0.0500, which is below the alert threshold of 0.12, the system returned ALLOW.
The ground-truth label is legitimate, and the model also allowed it, so this is a True Negative."
01_normal_baseline-TX-56,01_normal_baseline,0.0,ALLOW,LOG,0,0,True Negative,23.381587001495063,24372.22,0.0,0.0,0.0,0.0,0.12,0.3,"step = 7.0000
balance_diff_orig = 0.0000
error_orig = 24,372.2200
newbalanceOrig = 0.0000
type_PAYMENT = 1.0000","Scenario: 01_normal_baseline
Probability: 0.0000
Decision: ALLOW
Action: LOG
Truth: 0
Prediction: 0
Result: True Negative

Reason:
The original transaction already contains the feature values shown to the model.
The model made its decision based on the learned fraud patterns from these values.
Because the model estimated P(fraud) = 0.0000, which is below the alert threshold of 0.12, the system returned ALLOW.
The ground-truth label is legitimate, and the model also allowed it, so this is a True Negative.","Scenario: 01_normal_baseline
Probability: 0.0000
Decision: ALLOW
Action: LOG
Truth: 0
Prediction: 0
Result: True Negative

Reason:
The original transaction already contains the feature values shown to the model.
The model made its decision based on the learned fraud patterns from these values.
Because the model estimated P(fraud) = 0.0000, which is below the alert threshold of 0.12, the system returned ALLOW.
The ground-truth label is legitimate, and the model also allowed it, so this is a True Negative."
01_normal_baseline-TX-57,01_normal_baseline,0.005,ALLOW,LOG,0,0,True Negative,22.917670001334045,265088.15,0.0,0.0,298425.79,1120608.72,0.12,0.3,"step = 7.0000
balance_diff_orig = 0.0000
error_orig = 265,088.1500
newbalanceOrig = 0.0000
type_PAYMENT = 0.0000","Scenario: 01_normal_baseline
Probability: 0.0050
Decision: ALLOW
Action: LOG
Truth: 0
Prediction: 0
Result: True Negative

Reason:
The original transaction already contains the feature values shown to the model.
The model made its decision based on the learned fraud patterns from these values.
Because the model estimated P(fraud) = 0.0050, which is below the alert threshold of 0.12, the system returned ALLOW.
The ground-truth label is legitimate, and the model also allowed it, so this is a True Negative.","Scenario: 01_normal_baseline
Probability: 0.0050
Decision: ALLOW
Action: LOG
Truth: 0
Prediction: 0
Result: True Negative

Reason:
The original transaction already contains the feature values shown to the model.
The model made its decision based on the learned fraud patterns from these values.
Because the model estimated P(fraud) = 0.0050, which is below the alert threshold of 0.12, the system returned ALLOW.
The ground-truth label is legitimate, and the model also allowed it, so this is a True Negative."
01_normal_baseline-TX-58,01_normal_baseline,0.0,ALLOW,LOG,0,0,True Negative,23.013479003566317,401.1,36844.95,36443.85,0.0,0.0,0.12,0.3,"step = 3.0000
balance_diff_orig = 401.1000
error_orig = 0.0000
newbalanceOrig = 36,443.8500
type_PAYMENT = 1.0000","Scenario: 01_normal_baseline
Probability: 0.0000
Decision: ALLOW
Action: LOG
Truth: 0
Prediction: 0
Result: True Negative

Reason:
The original transaction already contains the feature values shown to the model.
The model made its decision based on the learned fraud patterns from these values.
Because the model estimated P(fraud) = 0.0000, which is below the alert threshold of 0.12, the system returned ALLOW.
The ground-truth label is legitimate, and the model also allowed it, so this is a True Negative.","Scenario: 01_normal_baseline
Probability: 0.0000
Decision: ALLOW
Action: LOG
Truth: 0
Prediction: 0
Result: True Negative

Reason:
The original transaction already contains the feature values shown to the model.
The model made its decision based on the learned fraud patterns from these values.
Because the model estimated P(fraud) = 0.0000, which is below the alert threshold of 0.12, the system returned ALLOW.
The ground-truth label is legitimate, and the model also allowed it, so this is a True Negative."
01_normal_baseline-TX-59,01_normal_baseline,0.585,BLOCK,BLOCK,1,1,True Positive,23.118541001167614,21729.0,21729.0,0.0,0.0,0.0,0.12,0.3,"step = 7.0000
balance_diff_orig = 21,729.0000
error_orig = 0.0000
newbalanceOrig = 0.0000
type_PAYMENT = 0.0000","Scenario: 01_normal_baseline
Probability: 0.5850
Decision: BLOCK
Action: BLOCK
Truth: 1
Prediction: 1
Result: True Positive

Reason:
The model blocked this transaction because it matches an account-draining pattern.
The sender had 21,729 before the transaction, transferred 21,729, and was left with 0.
This means the transaction consumed the full available sender balance.
Because the model estimated P(fraud) = 0.5850, which is above the block threshold of 0.30, the system returned BLOCK.
The ground-truth label is also fraud, so this is a True Positive.","Scenario: 01_normal_baseline
Probability: 0.5850
Decision: BLOCK
Action: BLOCK
Truth: 1
Prediction: 1
Result: True Positive

Reason:
The model blocked this transaction because it matches an account-draining pattern.
The sender had 21,729 before the transaction, transferred 21,729, and was left with 0.
This means the transaction consumed the full available sender balance.
Because the model estimated P(fraud) = 0.5850, which is above the block threshold of 0.30, the system returned BLOCK.
The ground-truth label is also fraud, so this is a True Positive."
01_normal_baseline-TX-60,01_normal_baseline,0.0,ALLOW,LOG,0,0,True Negative,22.95758899708744,11772.35,10153.0,0.0,0.0,0.0,0.12,0.3,"step = 8.0000
balance_diff_orig = 10,153.0000
error_orig = 1,619.3500
newbalanceOrig = 0.0000
type_PAYMENT = 1.0000","Scenario: 01_normal_baseline
Probability: 0.0000
Decision: ALLOW
Action: LOG
Truth: 0
Prediction: 0
Result: True Negative

Reason:
The original transaction already contains the feature values shown to the model.
The model made its decision based on the learned fraud patterns from these values.
Because the model estimated P(fraud) = 0.0000, which is below the alert threshold of 0.12, the system returned ALLOW.
The ground-truth label is legitimate, and the model also allowed it, so this is a True Negative.","Scenario: 01_normal_baseline
Probability: 0.0000
Decision: ALLOW
Action: LOG
Truth: 0
Prediction: 0
Result: True Negative

Reason:
The original transaction already contains the feature values shown to the model.
The model made its decision based on the learned fraud patterns from these values.
Because the model estimated P(fraud) = 0.0000, which is below the alert threshold of 0.12, the system returned ALLOW.
The ground-truth label is legitimate, and the model also allowed it, so this is a True Negative."
01_normal_baseline-TX-61,01_normal_baseline,0.0,ALLOW,LOG,0,0,True Negative,23.230344995681662,5849.91,6666.86,816.95,0.0,0.0,0.12,0.3,"step = 8.0000
balance_diff_orig = 5,849.9100
error_orig = 0.0000
newbalanceOrig = 816.9500
type_PAYMENT = 1.0000","Scenario: 01_normal_baseline
Probability: 0.0000
Decision: ALLOW
Action: LOG
Truth: 0
Prediction: 0
Result: True Negative

Reason:
The original transaction already contains the feature values shown to the model.
The model made its decision based on the learned fraud patterns from these values.
Because the model estimated P(fraud) = 0.0000, which is below the alert threshold of 0.12, the system returned ALLOW.
The ground-truth label is legitimate, and the model also allowed it, so this is a True Negative.","Scenario: 01_normal_baseline
Probability: 0.0000
Decision: ALLOW
Action: LOG
Truth: 0
Prediction: 0
Result: True Negative

Reason:
The original transaction already contains the feature values shown to the model.
The model made its decision based on the learned fraud patterns from these values.
Because the model estimated P(fraud) = 0.0000, which is below the alert threshold of 0.12, the system returned ALLOW.
The ground-truth label is legitimate, and the model also allowed it, so this is a True Negative."
01_normal_baseline-TX-62,01_normal_baseline,0.58,BLOCK,BLOCK,1,1,True Positive,22.74693600338651,35063.63,35063.63,0.0,31140.0,7550.03,0.12,0.3,"step = 1.0000
balance_diff_orig = 35,063.6300
error_orig = 0.0000
newbalanceOrig = 0.0000
type_PAYMENT = 0.0000","Scenario: 01_normal_baseline
Probability: 0.5800
Decision: BLOCK
Action: BLOCK
Truth: 1
Prediction: 1
Result: True Positive

Reason:
The model blocked this transaction because it matches an account-draining pattern.
The sender had 35,064 before the transaction, transferred 35,064, and was left with 0.
This means the transaction consumed the full available sender balance.
Because the model estimated P(fraud) = 0.5800, which is above the block threshold of 0.30, the system returned BLOCK.
The ground-truth label is also fraud, so this is a True Positive.","Scenario: 01_normal_baseline
Probability: 0.5800
Decision: BLOCK
Action: BLOCK
Truth: 1
Prediction: 1
Result: True Positive

Reason:
The model blocked this transaction because it matches an account-draining pattern.
The sender had 35,064 before the transaction, transferred 35,064, and was left with 0.
This means the transaction consumed the full available sender balance.
Because the model estimated P(fraud) = 0.5800, which is above the block threshold of 0.30, the system returned BLOCK.
The ground-truth label is also fraud, so this is a True Positive."
01_normal_baseline-TX-63,01_normal_baseline,0.0,ALLOW,LOG,0,0,True Negative,23.00508599728346,3188.19,29413.0,26224.81,0.0,0.0,0.12,0.3,"step = 7.0000
balance_diff_orig = 3,188.1900
error_orig = 0.0000
newbalanceOrig = 26,224.8100
type_PAYMENT = 1.0000","Scenario: 01_normal_baseline
Probability: 0.0000
Decision: ALLOW
Action: LOG
Truth: 0
Prediction: 0
Result: True Negative

Reason:
The original transaction already contains the feature values shown to the model.
The model made its decision based on the learned fraud patterns from these values.
Because the model estimated P(fraud) = 0.0000, which is below the alert threshold of 0.12, the system returned ALLOW.
The ground-truth label is legitimate, and the model also allowed it, so this is a True Negative.","Scenario: 01_normal_baseline
Probability: 0.0000
Decision: ALLOW
Action: LOG
Truth: 0
Prediction: 0
Result: True Negative

Reason:
The original transaction already contains the feature values shown to the model.
The model made its decision based on the learned fraud patterns from these values.
Because the model estimated P(fraud) = 0.0000, which is below the alert threshold of 0.12, the system returned ALLOW.
The ground-truth label is legitimate, and the model also allowed it, so this is a True Negative."
01_normal_baseline-TX-64,01_normal_baseline,0.0,ALLOW,LOG,0,0,True Negative,23.819984002329875,1705.7,0.0,0.0,0.0,0.0,0.12,0.3,"step = 8.0000
balance_diff_orig = 0.0000
error_orig = 1,705.7000
newbalanceOrig = 0.0000
type_PAYMENT = 1.0000","Scenario: 01_normal_baseline
Probability: 0.0000
Decision: ALLOW
Action: LOG
Truth: 0
Prediction: 0
Result: True Negative

Reason:
The original transaction already contains the feature values shown to the model.
The model made its decision based on the learned fraud patterns from these values.
Because the model estimated P(fraud) = 0.0000, which is below the alert threshold of 0.12, the system returned ALLOW.
The ground-truth label is legitimate, and the model also allowed it, so this is a True Negative.","Scenario: 01_normal_baseline
Probability: 0.0000
Decision: ALLOW
Action: LOG
Truth: 0
Prediction: 0
Result: True Negative

Reason:
The original transaction already contains the feature values shown to the model.
The model made its decision based on the learned fraud patterns from these values.
Because the model estimated P(fraud) = 0.0000, which is below the alert threshold of 0.12, the system returned ALLOW.
The ground-truth label is legitimate, and the model also allowed it, so this is a True Negative."
01_normal_baseline-TX-65,01_normal_baseline,0.605,BLOCK,BLOCK,1,1,True Positive,22.76839800470043,33332.86,33332.86,0.0,0.0,0.0,0.12,0.3,"step = 6.0000
balance_diff_orig = 33,332.8600
error_orig = 0.0000
newbalanceOrig = 0.0000
type_PAYMENT = 0.0000","Scenario: 01_normal_baseline
Probability: 0.6050
Decision: BLOCK
Action: BLOCK
Truth: 1
Prediction: 1
Result: True Positive

Reason:
The model blocked this transaction because it matches an account-draining pattern.
The sender had 33,333 before the transaction, transferred 33,333, and was left with 0.
This means the transaction consumed the full available sender balance.
Because the model estimated P(fraud) = 0.6050, which is above the block threshold of 0.30, the system returned BLOCK.
The ground-truth label is also fraud, so this is a True Positive.","Scenario: 01_normal_baseline
Probability: 0.6050
Decision: BLOCK
Action: BLOCK
Truth: 1
Prediction: 1
Result: True Positive

Reason:
The model blocked this transaction because it matches an account-draining pattern.
The sender had 33,333 before the transaction, transferred 33,333, and was left with 0.
This means the transaction consumed the full available sender balance.
Because the model estimated P(fraud) = 0.6050, which is above the block threshold of 0.30, the system returned BLOCK.
The ground-truth label is also fraud, so this is a True Positive."
01_normal_baseline-TX-66,01_normal_baseline,0.575,BLOCK,BLOCK,1,1,True Positive,22.80286499444628,120074.73,120074.73,0.0,0.0,120074.73,0.12,0.3,"step = 5.0000
balance_diff_orig = 120,074.7300
error_orig = 0.0000
newbalanceOrig = 0.0000
type_PAYMENT = 0.0000","Scenario: 01_normal_baseline
Probability: 0.5750
Decision: BLOCK
Action: BLOCK
Truth: 1
Prediction: 1
Result: True Positive

Reason:
The model blocked this transaction because it matches an account-draining pattern.
The sender had 120,075 before the transaction, transferred 120,075, and was left with 0.
This means the transaction consumed the full available sender balance.
Because the model estimated P(fraud) = 0.5750, which is above the block threshold of 0.30, the system returned BLOCK.
The ground-truth label is also fraud, so this is a True Positive.","Scenario: 01_normal_baseline
Probability: 0.5750
Decision: BLOCK
Action: BLOCK
Truth: 1
Prediction: 1
Result: True Positive

Reason:
The model blocked this transaction because it matches an account-draining pattern.
The sender had 120,075 before the transaction, transferred 120,075, and was left with 0.
This means the transaction consumed the full available sender balance.
Because the model estimated P(fraud) = 0.5750, which is above the block threshold of 0.30, the system returned BLOCK.
The ground-truth label is also fraud, so this is a True Positive."
01_normal_baseline-TX-67,01_normal_baseline,0.0,ALLOW,LOG,0,0,True Negative,22.769530005462002,1216.72,11256.0,10039.28,0.0,0.0,0.12,0.3,"step = 2.0000
balance_diff_orig = 1,216.7200
error_orig = 0.0000
newbalanceOrig = 10,039.2800
type_PAYMENT = 1.0000","Scenario: 01_normal_baseline
Probability: 0.0000
Decision: ALLOW
Action: LOG
Truth: 0
Prediction: 0
Result: True Negative

Reason:
The original transaction already contains the feature values shown to the model.
The model made its decision based on the learned fraud patterns from these values.
Because the model estimated P(fraud) = 0.0000, which is below the alert threshold of 0.12, the system returned ALLOW.
The ground-truth label is legitimate, and the model also allowed it, so this is a True Negative.","Scenario: 01_normal_baseline
Probability: 0.0000
Decision: ALLOW
Action: LOG
Truth: 0
Prediction: 0
Result: True Negative

Reason:
The original transaction already contains the feature values shown to the model.
The model made its decision based on the learned fraud patterns from these values.
Because the model estimated P(fraud) = 0.0000, which is below the alert threshold of 0.12, the system returned ALLOW.
The ground-truth label is legitimate, and the model also allowed it, so this is a True Negative."
01_normal_baseline-TX-68,01_normal_baseline,0.0,ALLOW,LOG,0,0,True Negative,22.83578700007638,118743.68,0.0,0.0,16468876.24,16681340.95,0.12,0.3,"step = 8.0000
balance_diff_orig = 0.0000
error_orig = 118,743.6800
newbalanceOrig = 0.0000
type_PAYMENT = 0.0000","Scenario: 01_normal_baseline
Probability: 0.0000
Decision: ALLOW
Action: LOG
Truth: 0
Prediction: 0
Result: True Negative

Reason:
The original transaction already contains the feature values shown to the model.
The model made its decision based on the learned fraud patterns from these values.
Because the model estimated P(fraud) = 0.0000, which is below the alert threshold of 0.12, the system returned ALLOW.
The ground-truth label is legitimate, and the model also allowed it, so this is a True Negative.","Scenario: 01_normal_baseline
Probability: 0.0000
Decision: ALLOW
Action: LOG
Truth: 0
Prediction: 0
Result: True Negative

Reason:
The original transaction already contains the feature values shown to the model.
The model made its decision based on the learned fraud patterns from these values.
Because the model estimated P(fraud) = 0.0000, which is below the alert threshold of 0.12, the system returned ALLOW.
The ground-truth label is legitimate, and the model also allowed it, so this is a True Negative."
01_normal_baseline-TX-69,01_normal_baseline,0.0,ALLOW,LOG,0,0,True Negative,23.604276997502893,176.47,544186.12,544009.66,0.0,0.0,0.12,0.3,"step = 8.0000
balance_diff_orig = 176.4600
error_orig = 0.0100
newbalanceOrig = 544,009.6600
type_PAYMENT = 1.0000","Scenario: 01_normal_baseline
Probability: 0.0000
Decision: ALLOW
Action: LOG
Truth: 0
Prediction: 0
Result: True Negative

Reason:
The original transaction already contains the feature values shown to the model.
The model made its decision based on the learned fraud patterns from these values.
Because the model estimated P(fraud) = 0.0000, which is below the alert threshold of 0.12, the system returned ALLOW.
The ground-truth label is legitimate, and the model also allowed it, so this is a True Negative.","Scenario: 01_normal_baseline
Probability: 0.0000
Decision: ALLOW
Action: LOG
Truth: 0
Prediction: 0
Result: True Negative

Reason:
The original transaction already contains the feature values shown to the model.
The model made its decision based on the learned fraud patterns from these values.
Because the model estimated P(fraud) = 0.0000, which is below the alert threshold of 0.12, the system returned ALLOW.
The ground-truth label is legitimate, and the model also allowed it, so this is a True Negative."
01_normal_baseline-TX-70,01_normal_baseline,0.0,ALLOW,LOG,0,0,True Negative,23.191102001874242,1128737.49,0.0,0.0,8078593.3,10206620.58,0.12,0.3,"step = 8.0000
balance_diff_orig = 0.0000
error_orig = 1,128,737.4900
newbalanceOrig = 0.0000
type_PAYMENT = 0.0000","Scenario: 01_normal_baseline
Probability: 0.0000
Decision: ALLOW
Action: LOG
Truth: 0
Prediction: 0
Result: True Negative

Reason:
The transaction uses a high-risk type (TRANSFER) and also contains high-risk amount behavior.
This combination is commonly suspicious in mobile-money fraud patterns.
Because the model estimated P(fraud) = 0.0000, which is below the alert threshold of 0.12, the system returned ALLOW.
The ground-truth label is legitimate, and the model also allowed it, so this is a True Negative.","Scenario: 01_normal_baseline
Probability: 0.0000
Decision: ALLOW
Action: LOG
Truth: 0
Prediction: 0
Result: True Negative

Reason:
The transaction uses a high-risk type (TRANSFER) and also contains high-risk amount behavior.
This combination is commonly suspicious in mobile-money fraud patterns.
Because the model estimated P(fraud) = 0.0000, which is below the alert threshold of 0.12, the system returned ALLOW.
The ground-truth label is legitimate, and the model also allowed it, so this is a True Negative."
01_normal_baseline-TX-71,01_normal_baseline,0.095,ALLOW,LOG,0,0,True Negative,23.23027799866395,830936.97,529.0,0.0,32372.0,0.0,0.12,0.3,"step = 8.0000
balance_diff_orig = 529.0000
error_orig = 830,407.9700
newbalanceOrig = 0.0000
type_PAYMENT = 0.0000","Scenario: 01_normal_baseline
Probability: 0.0950
Decision: ALLOW
Action: LOG
Truth: 0
Prediction: 0
Result: True Negative

Reason:
The original transaction already contains the feature values shown to the model.
The model made its decision based on the learned fraud patterns from these values.
Because the model estimated P(fraud) = 0.0950, which is below the alert threshold of 0.12, the system returned ALLOW.
The ground-truth label is legitimate, and the model also allowed it, so this is a True Negative.","Scenario: 01_normal_baseline
Probability: 0.0950
Decision: ALLOW
Action: LOG
Truth: 0
Prediction: 0
Result: True Negative

Reason:
The original transaction already contains the feature values shown to the model.
The model made its decision based on the learned fraud patterns from these values.
Because the model estimated P(fraud) = 0.0950, which is below the alert threshold of 0.12, the system returned ALLOW.
The ground-truth label is legitimate, and the model also allowed it, so this is a True Negative."
01_normal_baseline-TX-72,01_normal_baseline,0.08,ALLOW,LOG,0,0,True Negative,23.98086900211638,696571.67,0.0,0.0,17979799.39,20448938.33,0.12,0.3,"step = 8.0000
balance_diff_orig = 0.0000
error_orig = 696,571.6700
newbalanceOrig = 0.0000
type_PAYMENT = 0.0000","Scenario: 01_normal_baseline
Probability: 0.0800
Decision: ALLOW
Action: LOG
Truth: 0
Prediction: 0
Result: True Negative

Reason:
The original transaction already contains the feature values shown to the model.
The model made its decision based on the learned fraud patterns from these values.
Because the model estimated P(fraud) = 0.0800, which is below the alert threshold of 0.12, the system returned ALLOW.
The ground-truth label is legitimate, and the model also allowed it, so this is a True Negative.","Scenario: 01_normal_baseline
Probability: 0.0800
Decision: ALLOW
Action: LOG
Truth: 0
Prediction: 0
Result: True Negative

Reason:
The original transaction already contains the feature values shown to the model.
The model made its decision based on the learned fraud patterns from these values.
Because the model estimated P(fraud) = 0.0800, which is below the alert threshold of 0.12, the system returned ALLOW.
The ground-truth label is legitimate, and the model also allowed it, so this is a True Negative."
01_normal_baseline-TX-73,01_normal_baseline,0.0,ALLOW,LOG,0,0,True Negative,23.14681300049415,6166.35,10704.0,4537.65,0.0,0.0,0.12,0.3,"step = 1.0000
balance_diff_orig = 6,166.3500
error_orig = 0.0000
newbalanceOrig = 4,537.6500
type_PAYMENT = 1.0000","Scenario: 01_normal_baseline
Probability: 0.0000
Decision: ALLOW
Action: LOG
Truth: 0
Prediction: 0
Result: True Negative

Reason:
The original transaction already contains the feature values shown to the model.
The model made its decision based on the learned fraud patterns from these values.
Because the model estimated P(fraud) = 0.0000, which is below the alert threshold of 0.12, the system returned ALLOW.
The ground-truth label is legitimate, and the model also allowed it, so this is a True Negative.","Scenario: 01_normal_baseline
Probability: 0.0000
Decision: ALLOW
Action: LOG
Truth: 0
Prediction: 0
Result: True Negative

Reason:
The original transaction already contains the feature values shown to the model.
The model made its decision based on the learned fraud patterns from these values.
Because the model estimated P(fraud) = 0.0000, which is below the alert threshold of 0.12, the system returned ALLOW.
The ground-truth label is legitimate, and the model also allowed it, so this is a True Negative."
01_normal_baseline-TX-74,01_normal_baseline,0.0,ALLOW,LOG,0,0,True Negative,22.93209700292209,8565.08,0.0,0.0,0.0,0.0,0.12,0.3,"step = 7.0000
balance_diff_orig = 0.0000
error_orig = 8,565.0800
newbalanceOrig = 0.0000
type_PAYMENT = 1.0000","Scenario: 01_normal_baseline
Probability: 0.0000
Decision: ALLOW
Action: LOG
Truth: 0
Prediction: 0
Result: True Negative

Reason:
The original transaction already contains the feature values shown to the model.
The model made its decision based on the learned fraud patterns from these values.
Because the model estimated P(fraud) = 0.0000, which is below the alert threshold of 0.12, the system returned ALLOW.
The ground-truth label is legitimate, and the model also allowed it, so this is a True Negative.","Scenario: 01_normal_baseline
Probability: 0.0000
Decision: ALLOW
Action: LOG
Truth: 0
Prediction: 0
Result: True Negative

Reason:
The original transaction already contains the feature values shown to the model.
The model made its decision based on the learned fraud patterns from these values.
Because the model estimated P(fraud) = 0.0000, which is below the alert threshold of 0.12, the system returned ALLOW.
The ground-truth label is legitimate, and the model also allowed it, so this is a True Negative."
01_normal_baseline-TX-75,01_normal_baseline,0.005,ALLOW,LOG,0,0,True Negative,23.532910003268626,7555.62,93.0,0.0,0.0,0.0,0.12,0.3,"step = 7.0000
balance_diff_orig = 93.0000
error_orig = 7,462.6200
newbalanceOrig = 0.0000
type_PAYMENT = 1.0000","Scenario: 01_normal_baseline
Probability: 0.0050
Decision: ALLOW
Action: LOG
Truth: 0
Prediction: 0
Result: True Negative

Reason:
The original transaction already contains the feature values shown to the model.
The model made its decision based on the learned fraud patterns from these values.
Because the model estimated P(fraud) = 0.0050, which is below the alert threshold of 0.12, the system returned ALLOW.
The ground-truth label is legitimate, and the model also allowed it, so this is a True Negative.","Scenario: 01_normal_baseline
Probability: 0.0050
Decision: ALLOW
Action: LOG
Truth: 0
Prediction: 0
Result: True Negative

Reason:
The original transaction already contains the feature values shown to the model.
The model made its decision based on the learned fraud patterns from these values.
Because the model estimated P(fraud) = 0.0050, which is below the alert threshold of 0.12, the system returned ALLOW.
The ground-truth label is legitimate, and the model also allowed it, so this is a True Negative."
01_normal_baseline-TX-76,01_normal_baseline,0.0,ALLOW,LOG,0,0,True Negative,23.390879003272858,23686.43,0.0,0.0,0.0,0.0,0.12,0.3,"step = 8.0000
balance_diff_orig = 0.0000
error_orig = 23,686.4300
newbalanceOrig = 0.0000
type_PAYMENT = 1.0000","Scenario: 01_normal_baseline
Probability: 0.0000
Decision: ALLOW
Action: LOG
Truth: 0
Prediction: 0
Result: True Negative

Reason:
The original transaction already contains the feature values shown to the model.
The model made its decision based on the learned fraud patterns from these values.
Because the model estimated P(fraud) = 0.0000, which is below the alert threshold of 0.12, the system returned ALLOW.
The ground-truth label is legitimate, and the model also allowed it, so this is a True Negative.","Scenario: 01_normal_baseline
Probability: 0.0000
Decision: ALLOW
Action: LOG
Truth: 0
Prediction: 0
Result: True Negative

Reason:
The original transaction already contains the feature values shown to the model.
The model made its decision based on the learned fraud patterns from these values.
Because the model estimated P(fraud) = 0.0000, which is below the alert threshold of 0.12, the system returned ALLOW.
The ground-truth label is legitimate, and the model also allowed it, so this is a True Negative."
01_normal_baseline-TX-77,01_normal_baseline,0.0,ALLOW,LOG,0,0,True Negative,22.95930100081023,13219.15,195761.72,182542.56,0.0,0.0,0.12,0.3,"step = 8.0000
balance_diff_orig = 13,219.1600
error_orig = 0.0100
newbalanceOrig = 182,542.5600
type_PAYMENT = 1.0000","Scenario: 01_normal_baseline
Probability: 0.0000
Decision: ALLOW
Action: LOG
Truth: 0
Prediction: 0
Result: True Negative

Reason:
The original transaction already contains the feature values shown to the model.
The model made its decision based on the learned fraud patterns from these values.
Because the model estimated P(fraud) = 0.0000, which is below the alert threshold of 0.12, the system returned ALLOW.
The ground-truth label is legitimate, and the model also allowed it, so this is a True Negative.","Scenario: 01_normal_baseline
Probability: 0.0000
Decision: ALLOW
Action: LOG
Truth: 0
Prediction: 0
Result: True Negative

Reason:
The original transaction already contains the feature values shown to the model.
The model made its decision based on the learned fraud patterns from these values.
Because the model estimated P(fraud) = 0.0000, which is below the alert threshold of 0.12, the system returned ALLOW.
The ground-truth label is legitimate, and the model also allowed it, so this is a True Negative."
01_normal_baseline-TX-78,01_normal_baseline,0.0,ALLOW,LOG,0,0,True Negative,23.03628200024832,18596.2,0.0,0.0,0.0,0.0,0.12,0.3,"step = 7.0000
balance_diff_orig = 0.0000
error_orig = 18,596.2000
newbalanceOrig = 0.0000
type_PAYMENT = 1.0000","Scenario: 01_normal_baseline
Probability: 0.0000
Decision: ALLOW
Action: LOG
Truth: 0
Prediction: 0
Result: True Negative

Reason:
The original transaction already contains the feature values shown to the model.
The model made its decision based on the learned fraud patterns from these values.
Because the model estimated P(fraud) = 0.0000, which is below the alert threshold of 0.12, the system returned ALLOW.
The ground-truth label is legitimate, and the model also allowed it, so this is a True Negative.","Scenario: 01_normal_baseline
Probability: 0.0000
Decision: ALLOW
Action: LOG
Truth: 0
Prediction: 0
Result: True Negative

Reason:
The original transaction already contains the feature values shown to the model.
The model made its decision based on the learned fraud patterns from these values.
Because the model estimated P(fraud) = 0.0000, which is below the alert threshold of 0.12, the system returned ALLOW.
The ground-truth label is legitimate, and the model also allowed it, so this is a True Negative."
01_normal_baseline-TX-79,01_normal_baseline,0.005,ALLOW,LOG,0,0,True Negative,22.55746900482336,258988.41,0.0,0.0,939137.77,1451241.25,0.12,0.3,"step = 8.0000
balance_diff_orig = 0.0000
error_orig = 258,988.4100
newbalanceOrig = 0.0000
type_PAYMENT = 0.0000","Scenario: 01_normal_baseline
Probability: 0.0050
Decision: ALLOW
Action: LOG
Truth: 0
Prediction: 0
Result: True Negative

Reason:
The original transaction already contains the feature values shown to the model.
The model made its decision based on the learned fraud patterns from these values.
Because the model estimated P(fraud) = 0.0050, which is below the alert threshold of 0.12, the system returned ALLOW.
The ground-truth label is legitimate, and the model also allowed it, so this is a True Negative.","Scenario: 01_normal_baseline
Probability: 0.0050
Decision: ALLOW
Action: LOG
Truth: 0
Prediction: 0
Result: True Negative

Reason:
The original transaction already contains the feature values shown to the model.
The model made its decision based on the learned fraud patterns from these values.
Because the model estimated P(fraud) = 0.0050, which is below the alert threshold of 0.12, the system returned ALLOW.
The ground-truth label is legitimate, and the model also allowed it, so this is a True Negative."
01_normal_baseline-TX-80,01_normal_baseline,0.0,ALLOW,LOG,0,0,True Negative,22.742405999451876,56543.95,0.0,0.0,82357.0,138900.95,0.12,0.3,"step = 7.0000
balance_diff_orig = 0.0000
error_orig = 56,543.9500
newbalanceOrig = 0.0000
type_PAYMENT = 0.0000","Scenario: 01_normal_baseline
Probability: 0.0000
Decision: ALLOW
Action: LOG
Truth: 0
Prediction: 0
Result: True Negative

Reason:
The original transaction already contains the feature values shown to the model.
The model made its decision based on the learned fraud patterns from these values.
Because the model estimated P(fraud) = 0.0000, which is below the alert threshold of 0.12, the system returned ALLOW.
The ground-truth label is legitimate, and the model also allowed it, so this is a True Negative.","Scenario: 01_normal_baseline
Probability: 0.0000
Decision: ALLOW
Action: LOG
Truth: 0
Prediction: 0
Result: True Negative

Reason:
The original transaction already contains the feature values shown to the model.
The model made its decision based on the learned fraud patterns from these values.
Because the model estimated P(fraud) = 0.0000, which is below the alert threshold of 0.12, the system returned ALLOW.
The ground-truth label is legitimate, and the model also allowed it, so this is a True Negative."
01_normal_baseline-TX-81,01_normal_baseline,0.0,ALLOW,LOG,0,0,True Negative,22.62323100148933,57019.51,0.0,0.0,739392.36,135593.97,0.12,0.3,"step = 8.0000
balance_diff_orig = 0.0000
error_orig = 57,019.5100
newbalanceOrig = 0.0000
type_PAYMENT = 0.0000","Scenario: 01_normal_baseline
Probability: 0.0000
Decision: ALLOW
Action: LOG
Truth: 0
Prediction: 0
Result: True Negative

Reason:
The original transaction already contains the feature values shown to the model.
The model made its decision based on the learned fraud patterns from these values.
Because the model estimated P(fraud) = 0.0000, which is below the alert threshold of 0.12, the system returned ALLOW.
The ground-truth label is legitimate, and the model also allowed it, so this is a True Negative.","Scenario: 01_normal_baseline
Probability: 0.0000
Decision: ALLOW
Action: LOG
Truth: 0
Prediction: 0
Result: True Negative

Reason:
The original transaction already contains the feature values shown to the model.
The model made its decision based on the learned fraud patterns from these values.
Because the model estimated P(fraud) = 0.0000, which is below the alert threshold of 0.12, the system returned ALLOW.
The ground-truth label is legitimate, and the model also allowed it, so this is a True Negative."
01_normal_baseline-TX-82,01_normal_baseline,0.475,BLOCK,BLOCK,1,1,True Positive,23.57946499978425,26768.5,26768.5,0.0,101976.0,128744.5,0.12,0.3,"step = 6.0000
balance_diff_orig = 26,768.5000
error_orig = 0.0000
newbalanceOrig = 0.0000
type_PAYMENT = 0.0000","Scenario: 01_normal_baseline
Probability: 0.4750
Decision: BLOCK
Action: BLOCK
Truth: 1
Prediction: 1
Result: True Positive

Reason:
The model blocked this transaction because it matches an account-draining pattern.
The sender had 26,768 before the transaction, transferred 26,768, and was left with 0.
This means the transaction consumed the full available sender balance.
Because the model estimated P(fraud) = 0.4750, which is above the block threshold of 0.30, the system returned BLOCK.
The ground-truth label is also fraud, so this is a True Positive.","Scenario: 01_normal_baseline
Probability: 0.4750
Decision: BLOCK
Action: BLOCK
Truth: 1
Prediction: 1
Result: True Positive

Reason:
The model blocked this transaction because it matches an account-draining pattern.
The sender had 26,768 before the transaction, transferred 26,768, and was left with 0.
This means the transaction consumed the full available sender balance.
Because the model estimated P(fraud) = 0.4750, which is above the block threshold of 0.30, the system returned BLOCK.
The ground-truth label is also fraud, so this is a True Positive."
01_normal_baseline-TX-83,01_normal_baseline,0.0,ALLOW,LOG,0,0,True Negative,23.30785000231117,10881.35,109307.0,98425.65,0.0,0.0,0.12,0.3,"step = 8.0000
balance_diff_orig = 10,881.3500
error_orig = 0.0000
newbalanceOrig = 98,425.6500
type_PAYMENT = 1.0000","Scenario: 01_normal_baseline
Probability: 0.0000
Decision: ALLOW
Action: LOG
Truth: 0
Prediction: 0
Result: True Negative

Reason:
The original transaction already contains the feature values shown to the model.
The model made its decision based on the learned fraud patterns from these values.
Because the model estimated P(fraud) = 0.0000, which is below the alert threshold of 0.12, the system returned ALLOW.
The ground-truth label is legitimate, and the model also allowed it, so this is a True Negative.","Scenario: 01_normal_baseline
Probability: 0.0000
Decision: ALLOW
Action: LOG
Truth: 0
Prediction: 0
Result: True Negative

Reason:
The original transaction already contains the feature values shown to the model.
The model made its decision based on the learned fraud patterns from these values.
Because the model estimated P(fraud) = 0.0000, which is below the alert threshold of 0.12, the system returned ALLOW.
The ground-truth label is legitimate, and the model also allowed it, so this is a True Negative."
01_normal_baseline-TX-84,01_normal_baseline,0.0,ALLOW,LOG,0,0,True Negative,23.247415003424976,39411.28,4489079.87,4528491.15,66947.48,27536.21,0.12,0.3,"step = 8.0000
balance_diff_orig = -39,411.2800
error_orig = 78,822.5600
newbalanceOrig = 4,528,491.1500
type_PAYMENT = 0.0000","Scenario: 01_normal_baseline
Probability: 0.0000
Decision: ALLOW
Action: LOG
Truth: 0
Prediction: 0
Result: True Negative

Reason:
The original transaction already contains the feature values shown to the model.
The model made its decision based on the learned fraud patterns from these values.
Because the model estimated P(fraud) = 0.0000, which is below the alert threshold of 0.12, the system returned ALLOW.
The ground-truth label is legitimate, and the model also allowed it, so this is a True Negative.","Scenario: 01_normal_baseline
Probability: 0.0000
Decision: ALLOW
Action: LOG
Truth: 0
Prediction: 0
Result: True Negative

Reason:
The original transaction already contains the feature values shown to the model.
The model made its decision based on the learned fraud patterns from these values.
Because the model estimated P(fraud) = 0.0000, which is below the alert threshold of 0.12, the system returned ALLOW.
The ground-truth label is legitimate, and the model also allowed it, so this is a True Negative."
01_normal_baseline-TX-85,01_normal_baseline,0.0,ALLOW,LOG,0,0,True Negative,23.16299299855018,27222.82,0.0,0.0,0.0,0.0,0.12,0.3,"step = 8.0000
balance_diff_orig = 0.0000
error_orig = 27,222.8200
newbalanceOrig = 0.0000
type_PAYMENT = 1.0000","Scenario: 01_normal_baseline
Probability: 0.0000
Decision: ALLOW
Action: LOG
Truth: 0
Prediction: 0
Result: True Negative

Reason:
The original transaction already contains the feature values shown to the model.
The model made its decision based on the learned fraud patterns from these values.
Because the model estimated P(fraud) = 0.0000, which is below the alert threshold of 0.12, the system returned ALLOW.
The ground-truth label is legitimate, and the model also allowed it, so this is a True Negative.","Scenario: 01_normal_baseline
Probability: 0.0000
Decision: ALLOW
Action: LOG
Truth: 0
Prediction: 0
Result: True Negative

Reason:
The original transaction already contains the feature values shown to the model.
The model made its decision based on the learned fraud patterns from these values.
Because the model estimated P(fraud) = 0.0000, which is below the alert threshold of 0.12, the system returned ALLOW.
The ground-truth label is legitimate, and the model also allowed it, so this is a True Negative."
01_normal_baseline-TX-86,01_normal_baseline,0.005,ALLOW,LOG,0,0,True Negative,24.110094003845006,31984.61,29671.0,0.0,0.0,0.0,0.12,0.3,"step = 6.0000
balance_diff_orig = 29,671.0000
error_orig = 2,313.6100
newbalanceOrig = 0.0000
type_PAYMENT = 1.0000","Scenario: 01_normal_baseline
Probability: 0.0050
Decision: ALLOW
Action: LOG
Truth: 0
Prediction: 0
Result: True Negative

Reason:
The original transaction already contains the feature values shown to the model.
The model made its decision based on the learned fraud patterns from these values.
Because the model estimated P(fraud) = 0.0050, which is below the alert threshold of 0.12, the system returned ALLOW.
The ground-truth label is legitimate, and the model also allowed it, so this is a True Negative.","Scenario: 01_normal_baseline
Probability: 0.0050
Decision: ALLOW
Action: LOG
Truth: 0
Prediction: 0
Result: True Negative

Reason:
The original transaction already contains the feature values shown to the model.
The model made its decision based on the learned fraud patterns from these values.
Because the model estimated P(fraud) = 0.0050, which is below the alert threshold of 0.12, the system returned ALLOW.
The ground-truth label is legitimate, and the model also allowed it, so this is a True Negative."
01_normal_baseline-TX-87,01_normal_baseline,0.0,ALLOW,LOG,0,0,True Negative,23.16701100062346,7030.54,9975.0,2944.46,0.0,0.0,0.12,0.3,"step = 8.0000
balance_diff_orig = 7,030.5400
error_orig = 0.0000
newbalanceOrig = 2,944.4600
type_PAYMENT = 1.0000","Scenario: 01_normal_baseline
Probability: 0.0000
Decision: ALLOW
Action: LOG
Truth: 0
Prediction: 0
Result: True Negative

Reason:
The original transaction already contains the feature values shown to the model.
The model made its decision based on the learned fraud patterns from these values.
Because the model estimated P(fraud) = 0.0000, which is below the alert threshold of 0.12, the system returned ALLOW.
The ground-truth label is legitimate, and the model also allowed it, so this is a True Negative.","Scenario: 01_normal_baseline
Probability: 0.0000
Decision: ALLOW
Action: LOG
Truth: 0
Prediction: 0
Result: True Negative

Reason:
The original transaction already contains the feature values shown to the model.
The model made its decision based on the learned fraud patterns from these values.
Because the model estimated P(fraud) = 0.0000, which is below the alert threshold of 0.12, the system returned ALLOW.
The ground-truth label is legitimate, and the model also allowed it, so this is a True Negative."
01_normal_baseline-TX-88,01_normal_baseline,0.615,BLOCK,BLOCK,1,1,True Positive,22.68807200016454,17320.91,17320.91,0.0,0.0,0.0,0.12,0.3,"step = 6.0000
balance_diff_orig = 17,320.9100
error_orig = 0.0000
newbalanceOrig = 0.0000
type_PAYMENT = 0.0000","Scenario: 01_normal_baseline
Probability: 0.6150
Decision: BLOCK
Action: BLOCK
Truth: 1
Prediction: 1
Result: True Positive

Reason:
The model blocked this transaction because it matches an account-draining pattern.
The sender had 17,321 before the transaction, transferred 17,321, and was left with 0.
This means the transaction consumed the full available sender balance.
Because the model estimated P(fraud) = 0.6150, which is above the block threshold of 0.30, the system returned BLOCK.
The ground-truth label is also fraud, so this is a True Positive.","Scenario: 01_normal_baseline
Probability: 0.6150
Decision: BLOCK
Action: BLOCK
Truth: 1
Prediction: 1
Result: True Positive

Reason:
The model blocked this transaction because it matches an account-draining pattern.
The sender had 17,321 before the transaction, transferred 17,321, and was left with 0.
This means the transaction consumed the full available sender balance.
Because the model estimated P(fraud) = 0.6150, which is above the block threshold of 0.30, the system returned BLOCK.
The ground-truth label is also fraud, so this is a True Positive."
01_normal_baseline-TX-89,01_normal_baseline,0.61,BLOCK,BLOCK,1,1,True Positive,22.93861799989827,60726.57,60726.57,0.0,0.0,0.0,0.12,0.3,"step = 5.0000
balance_diff_orig = 60,726.5700
error_orig = 0.0000
newbalanceOrig = 0.0000
type_PAYMENT = 0.0000","Scenario: 01_normal_baseline
Probability: 0.6100
Decision: BLOCK
Action: BLOCK
Truth: 1
Prediction: 1
Result: True Positive

Reason:
The model blocked this transaction because it matches an account-draining pattern.
The sender had 60,727 before the transaction, transferred 60,727, and was left with 0.
This means the transaction consumed the full available sender balance.
Because the model estimated P(fraud) = 0.6100, which is above the block threshold of 0.30, the system returned BLOCK.
The ground-truth label is also fraud, so this is a True Positive.","Scenario: 01_normal_baseline
Probability: 0.6100
Decision: BLOCK
Action: BLOCK
Truth: 1
Prediction: 1
Result: True Positive

Reason:
The model blocked this transaction because it matches an account-draining pattern.
The sender had 60,727 before the transaction, transferred 60,727, and was left with 0.
This means the transaction consumed the full available sender balance.
Because the model estimated P(fraud) = 0.6100, which is above the block threshold of 0.30, the system returned BLOCK.
The ground-truth label is also fraud, so this is a True Positive."
01_normal_baseline-TX-90,01_normal_baseline,0.085,ALLOW,LOG,0,0,True Negative,23.130636000132654,343024.63,21567.0,0.0,0.0,512148.69,0.12,0.3,"step = 8.0000
balance_diff_orig = 21,567.0000
error_orig = 321,457.6300
newbalanceOrig = 0.0000
type_PAYMENT = 0.0000","Scenario: 01_normal_baseline
Probability: 0.0850
Decision: ALLOW
Action: LOG
Truth: 0
Prediction: 0
Result: True Negative

Reason:
The original transaction already contains the feature values shown to the model.
The model made its decision based on the learned fraud patterns from these values.
Because the model estimated P(fraud) = 0.0850, which is below the alert threshold of 0.12, the system returned ALLOW.
The ground-truth label is legitimate, and the model also allowed it, so this is a True Negative.","Scenario: 01_normal_baseline
Probability: 0.0850
Decision: ALLOW
Action: LOG
Truth: 0
Prediction: 0
Result: True Negative

Reason:
The original transaction already contains the feature values shown to the model.
The model made its decision based on the learned fraud patterns from these values.
Because the model estimated P(fraud) = 0.0850, which is below the alert threshold of 0.12, the system returned ALLOW.
The ground-truth label is legitimate, and the model also allowed it, so this is a True Negative."
01_normal_baseline-TX-91,01_normal_baseline,0.055,ALLOW,LOG,0,0,True Negative,23.00012899650028,550230.59,0.0,0.0,2975046.24,3614408.95,0.12,0.3,"step = 8.0000
balance_diff_orig = 0.0000
error_orig = 550,230.5900
newbalanceOrig = 0.0000
type_PAYMENT = 0.0000","Scenario: 01_normal_baseline
Probability: 0.0550
Decision: ALLOW
Action: LOG
Truth: 0
Prediction: 0
Result: True Negative

Reason:
The original transaction already contains the feature values shown to the model.
The model made its decision based on the learned fraud patterns from these values.
Because the model estimated P(fraud) = 0.0550, which is below the alert threshold of 0.12, the system returned ALLOW.
The ground-truth label is legitimate, and the model also allowed it, so this is a True Negative.","Scenario: 01_normal_baseline
Probability: 0.0550
Decision: ALLOW
Action: LOG
Truth: 0
Prediction: 0
Result: True Negative

Reason:
The original transaction already contains the feature values shown to the model.
The model made its decision based on the learned fraud patterns from these values.
Because the model estimated P(fraud) = 0.0550, which is below the alert threshold of 0.12, the system returned ALLOW.
The ground-truth label is legitimate, and the model also allowed it, so this is a True Negative."
01_normal_baseline-TX-92,01_normal_baseline,0.02,ALLOW,LOG,0,0,True Negative,22.966497999732383,153670.12,20009.0,173679.12,36054.62,0.0,0.12,0.3,"step = 6.0000
balance_diff_orig = -153,670.1200
error_orig = 307,340.2400
newbalanceOrig = 173,679.1200
type_PAYMENT = 0.0000","Scenario: 01_normal_baseline
Probability: 0.0200
Decision: ALLOW
Action: LOG
Truth: 0
Prediction: 0
Result: True Negative

Reason:
The original transaction already contains the feature values shown to the model.
The model made its decision based on the learned fraud patterns from these values.
Because the model estimated P(fraud) = 0.0200, which is below the alert threshold of 0.12, the system returned ALLOW.
The ground-truth label is legitimate, and the model also allowed it, so this is a True Negative.","Scenario: 01_normal_baseline
Probability: 0.0200
Decision: ALLOW
Action: LOG
Truth: 0
Prediction: 0
Result: True Negative

Reason:
The original transaction already contains the feature values shown to the model.
The model made its decision based on the learned fraud patterns from these values.
Because the model estimated P(fraud) = 0.0200, which is below the alert threshold of 0.12, the system returned ALLOW.
The ground-truth label is legitimate, and the model also allowed it, so this is a True Negative."
01_normal_baseline-TX-93,01_normal_baseline,0.0,ALLOW,LOG,0,0,True Negative,24.517708996427245,21478.1,0.0,0.0,0.0,0.0,0.12,0.3,"step = 8.0000
balance_diff_orig = 0.0000
error_orig = 21,478.1000
newbalanceOrig = 0.0000
type_PAYMENT = 1.0000","Scenario: 01_normal_baseline
Probability: 0.0000
Decision: ALLOW
Action: LOG
Truth: 0
Prediction: 0
Result: True Negative

Reason:
The original transaction already contains the feature values shown to the model.
The model made its decision based on the learned fraud patterns from these values.
Because the model estimated P(fraud) = 0.0000, which is below the alert threshold of 0.12, the system returned ALLOW.
The ground-truth label is legitimate, and the model also allowed it, so this is a True Negative.","Scenario: 01_normal_baseline
Probability: 0.0000
Decision: ALLOW
Action: LOG
Truth: 0
Prediction: 0
Result: True Negative

Reason:
The original transaction already contains the feature values shown to the model.
The model made its decision based on the learned fraud patterns from these values.
Because the model estimated P(fraud) = 0.0000, which is below the alert threshold of 0.12, the system returned ALLOW.
The ground-truth label is legitimate, and the model also allowed it, so this is a True Negative."
01_normal_baseline-TX-94,01_normal_baseline,0.51,BLOCK,BLOCK,1,1,True Positive,22.858916003315244,963532.14,963532.14,0.0,132382.57,1095914.71,0.12,0.3,"step = 2.0000
balance_diff_orig = 963,532.1400
error_orig = 0.0000
newbalanceOrig = 0.0000
type_PAYMENT = 0.0000","Scenario: 01_normal_baseline
Probability: 0.5100
Decision: BLOCK
Action: BLOCK
Truth: 1
Prediction: 1
Result: True Positive

Reason:
The model blocked this transaction because it matches an account-draining pattern.
The sender had 963,532 before the transaction, transferred 963,532, and was left with 0.
This means the transaction consumed the full available sender balance.
Because the model estimated P(fraud) = 0.5100, which is above the block threshold of 0.30, the system returned BLOCK.
The ground-truth label is also fraud, so this is a True Positive.","Scenario: 01_normal_baseline
Probability: 0.5100
Decision: BLOCK
Action: BLOCK
Truth: 1
Prediction: 1
Result: True Positive

Reason:
The model blocked this transaction because it matches an account-draining pattern.
The sender had 963,532 before the transaction, transferred 963,532, and was left with 0.
This means the transaction consumed the full available sender balance.
Because the model estimated P(fraud) = 0.5100, which is above the block threshold of 0.30, the system returned BLOCK.
The ground-truth label is also fraud, so this is a True Positive."
01_normal_baseline-TX-95,01_normal_baseline,0.61,BLOCK,BLOCK,1,1,True Positive,23.350703006144613,169941.73,169941.73,0.0,0.0,169941.73,0.12,0.3,"step = 4.0000
balance_diff_orig = 169,941.7300
error_orig = 0.0000
newbalanceOrig = 0.0000
type_PAYMENT = 0.0000","Scenario: 01_normal_baseline
Probability: 0.6100
Decision: BLOCK
Action: BLOCK
Truth: 1
Prediction: 1
Result: True Positive

Reason:
The model blocked this transaction because it matches an account-draining pattern.
The sender had 169,942 before the transaction, transferred 169,942, and was left with 0.
This means the transaction consumed the full available sender balance.
Because the model estimated P(fraud) = 0.6100, which is above the block threshold of 0.30, the system returned BLOCK.
The ground-truth label is also fraud, so this is a True Positive.","Scenario: 01_normal_baseline
Probability: 0.6100
Decision: BLOCK
Action: BLOCK
Truth: 1
Prediction: 1
Result: True Positive

Reason:
The model blocked this transaction because it matches an account-draining pattern.
The sender had 169,942 before the transaction, transferred 169,942, and was left with 0.
This means the transaction consumed the full available sender balance.
Because the model estimated P(fraud) = 0.6100, which is above the block threshold of 0.30, the system returned BLOCK.
The ground-truth label is also fraud, so this is a True Positive."
01_normal_baseline-TX-96,01_normal_baseline,0.035,ALLOW,LOG,0,0,True Negative,23.19043199531734,25084.74,3844748.58,3869833.32,42105.0,17020.26,0.12,0.3,"step = 6.0000
balance_diff_orig = -25,084.7400
error_orig = 50,169.4800
newbalanceOrig = 3,869,833.3200
type_PAYMENT = 0.0000","Scenario: 01_normal_baseline
Probability: 0.0350
Decision: ALLOW
Action: LOG
Truth: 0
Prediction: 0
Result: True Negative

Reason:
The original transaction already contains the feature values shown to the model.
The model made its decision based on the learned fraud patterns from these values.
Because the model estimated P(fraud) = 0.0350, which is below the alert threshold of 0.12, the system returned ALLOW.
The ground-truth label is legitimate, and the model also allowed it, so this is a True Negative.","Scenario: 01_normal_baseline
Probability: 0.0350
Decision: ALLOW
Action: LOG
Truth: 0
Prediction: 0
Result: True Negative

Reason:
The original transaction already contains the feature values shown to the model.
The model made its decision based on the learned fraud patterns from these values.
Because the model estimated P(fraud) = 0.0350, which is below the alert threshold of 0.12, the system returned ALLOW.
The ground-truth label is legitimate, and the model also allowed it, so this is a True Negative."
01_normal_baseline-TX-97,01_normal_baseline,0.0,ALLOW,LOG,0,0,True Negative,23.61299299809616,7033.55,0.0,0.0,0.0,0.0,0.12,0.3,"step = 7.0000
balance_diff_orig = 0.0000
error_orig = 7,033.5500
newbalanceOrig = 0.0000
type_PAYMENT = 1.0000","Scenario: 01_normal_baseline
Probability: 0.0000
Decision: ALLOW
Action: LOG
Truth: 0
Prediction: 0
Result: True Negative

Reason:
The original transaction already contains the feature values shown to the model.
The model made its decision based on the learned fraud patterns from these values.
Because the model estimated P(fraud) = 0.0000, which is below the alert threshold of 0.12, the system returned ALLOW.
The ground-truth label is legitimate, and the model also allowed it, so this is a True Negative.","Scenario: 01_normal_baseline
Probability: 0.0000
Decision: ALLOW
Action: LOG
Truth: 0
Prediction: 0
Result: True Negative

Reason:
The original transaction already contains the feature values shown to the model.
The model made its decision based on the learned fraud patterns from these values.
Because the model estimated P(fraud) = 0.0000, which is below the alert threshold of 0.12, the system returned ALLOW.
The ground-truth label is legitimate, and the model also allowed it, so this is a True Negative."
01_normal_baseline-TX-98,01_normal_baseline,0.0,ALLOW,LOG,0,0,True Negative,23.083775995473843,10350.66,52105.0,41754.34,0.0,0.0,0.12,0.3,"step = 7.0000
balance_diff_orig = 10,350.6600
error_orig = 0.0000
newbalanceOrig = 41,754.3400
type_PAYMENT = 1.0000","Scenario: 01_normal_baseline
Probability: 0.0000
Decision: ALLOW
Action: LOG
Truth: 0
Prediction: 0
Result: True Negative

Reason:
The original transaction already contains the feature values shown to the model.
The model made its decision based on the learned fraud patterns from these values.
Because the model estimated P(fraud) = 0.0000, which is below the alert threshold of 0.12, the system returned ALLOW.
The ground-truth label is legitimate, and the model also allowed it, so this is a True Negative.","Scenario: 01_normal_baseline
Probability: 0.0000
Decision: ALLOW
Action: LOG
Truth: 0
Prediction: 0
Result: True Negative

Reason:
The original transaction already contains the feature values shown to the model.
The model made its decision based on the learned fraud patterns from these values.
Because the model estimated P(fraud) = 0.0000, which is below the alert threshold of 0.12, the system returned ALLOW.
The ground-truth label is legitimate, and the model also allowed it, so this is a True Negative."
01_normal_baseline-TX-99,01_normal_baseline,0.01,ALLOW,LOG,0,0,True Negative,23.134356997616123,17510.21,98115.0,115625.21,280233.57,225457.61,0.12,0.3,"step = 8.0000
balance_diff_orig = -17,510.2100
error_orig = 35,020.4200
newbalanceOrig = 115,625.2100
type_PAYMENT = 0.0000","Scenario: 01_normal_baseline
Probability: 0.0100
Decision: ALLOW
Action: LOG
Truth: 0
Prediction: 0
Result: True Negative

Reason:
The original transaction already contains the feature values shown to the model.
The model made its decision based on the learned fraud patterns from these values.
Because the model estimated P(fraud) = 0.0100, which is below the alert threshold of 0.12, the system returned ALLOW.
The ground-truth label is legitimate, and the model also allowed it, so this is a True Negative.","Scenario: 01_normal_baseline
Probability: 0.0100
Decision: ALLOW
Action: LOG
Truth: 0
Prediction: 0
Result: True Negative

Reason:
The original transaction already contains the feature values shown to the model.
The model made its decision based on the learned fraud patterns from these values.
Because the model estimated P(fraud) = 0.0100, which is below the alert threshold of 0.12, the system returned ALLOW.
The ground-truth label is legitimate, and the model also allowed it, so this is a True Negative."
01_normal_baseline-TX-100,01_normal_baseline,0.0,ALLOW,LOG,0,0,True Negative,22.574004004127346,135298.9,0.0,0.0,714399.19,854916.91,0.12,0.3,"step = 8.0000
balance_diff_orig = 0.0000
error_orig = 135,298.9000
newbalanceOrig = 0.0000
type_PAYMENT = 0.0000","Scenario: 01_normal_baseline
Probability: 0.0000
Decision: ALLOW
Action: LOG
Truth: 0
Prediction: 0
Result: True Negative

Reason:
The original transaction already contains the feature values shown to the model.
The model made its decision based on the learned fraud patterns from these values.
Because the model estimated P(fraud) = 0.0000, which is below the alert threshold of 0.12, the system returned ALLOW.
The ground-truth label is legitimate, and the model also allowed it, so this is a True Negative.","Scenario: 01_normal_baseline
Probability: 0.0000
Decision: ALLOW
Action: LOG
Truth: 0
Prediction: 0
Result: True Negative

Reason:
The original transaction already contains the feature values shown to the model.
The model made its decision based on the learned fraud patterns from these values.
Because the model estimated P(fraud) = 0.0000, which is below the alert threshold of 0.12, the system returned ALLOW.
The ground-truth label is legitimate, and the model also allowed it, so this is a True Negative."
01_normal_baseline-TX-101,01_normal_baseline,0.0,ALLOW,LOG,0,0,True Negative,23.622303000593092,3396.32,18499.0,15102.68,0.0,0.0,0.12,0.3,"step = 8.0000
balance_diff_orig = 3,396.3200
error_orig = 0.0000
newbalanceOrig = 15,102.6800
type_PAYMENT = 1.0000","Scenario: 01_normal_baseline
Probability: 0.0000
Decision: ALLOW
Action: LOG
Truth: 0
Prediction: 0
Result: True Negative

Reason:
The original transaction already contains the feature values shown to the model.
The model made its decision based on the learned fraud patterns from these values.
Because the model estimated P(fraud) = 0.0000, which is below the alert threshold of 0.12, the system returned ALLOW.
The ground-truth label is legitimate, and the model also allowed it, so this is a True Negative.","Scenario: 01_normal_baseline
Probability: 0.0000
Decision: ALLOW
Action: LOG
Truth: 0
Prediction: 0
Result: True Negative

Reason:
The original transaction already contains the feature values shown to the model.
The model made its decision based on the learned fraud patterns from these values.
Because the model estimated P(fraud) = 0.0000, which is below the alert threshold of 0.12, the system returned ALLOW.
The ground-truth label is legitimate, and the model also allowed it, so this is a True Negative."
01_normal_baseline-TX-102,01_normal_baseline,0.66,BLOCK,BLOCK,1,1,True Positive,23.24153000517981,1078013.76,0.0,0.0,0.0,970749.68,0.12,0.3,"step = 8.0000
balance_diff_orig = 0.0000
error_orig = 1,078,013.7600
newbalanceOrig = 0.0000
type_PAYMENT = 0.0000","Scenario: 01_normal_baseline
Probability: 0.6600
Decision: BLOCK
Action: BLOCK
Truth: 1
Prediction: 1
Result: True Positive

Reason:
The transaction uses a high-risk type (TRANSFER) and also contains high-risk amount behavior.
This combination is commonly suspicious in mobile-money fraud patterns.
Because the model estimated P(fraud) = 0.6600, which is above the block threshold of 0.30, the system returned BLOCK.
The ground-truth label is also fraud, so this is a True Positive.","Scenario: 01_normal_baseline
Probability: 0.6600
Decision: BLOCK
Action: BLOCK
Truth: 1
Prediction: 1
Result: True Positive

Reason:
The transaction uses a high-risk type (TRANSFER) and also contains high-risk amount behavior.
This combination is commonly suspicious in mobile-money fraud patterns.
Because the model estimated P(fraud) = 0.6600, which is above the block threshold of 0.30, the system returned BLOCK.
The ground-truth label is also fraud, so this is a True Positive."
01_normal_baseline-TX-103,01_normal_baseline,0.0,ALLOW,LOG,0,0,True Negative,22.683780996885616,3555.86,7108.27,3552.41,25306.29,28862.15,0.12,0.3,"step = 8.0000
balance_diff_orig = 3,555.8600
error_orig = 0.0000
newbalanceOrig = 3,552.4100
type_PAYMENT = 0.0000","Scenario: 01_normal_baseline
Probability: 0.0000
Decision: ALLOW
Action: LOG
Truth: 0
Prediction: 0
Result: True Negative

Reason:
The original transaction already contains the feature values shown to the model.
The model made its decision based on the learned fraud patterns from these values.
Because the model estimated P(fraud) = 0.0000, which is below the alert threshold of 0.12, the system returned ALLOW.
The ground-truth label is legitimate, and the model also allowed it, so this is a True Negative.","Scenario: 01_normal_baseline
Probability: 0.0000
Decision: ALLOW
Action: LOG
Truth: 0
Prediction: 0
Result: True Negative

Reason:
The original transaction already contains the feature values shown to the model.
The model made its decision based on the learned fraud patterns from these values.
Because the model estimated P(fraud) = 0.0000, which is below the alert threshold of 0.12, the system returned ALLOW.
The ground-truth label is legitimate, and the model also allowed it, so this is a True Negative."
01_normal_baseline-TX-104,01_normal_baseline,0.0,ALLOW,LOG,0,0,True Negative,23.395069998514373,13021.43,30396.0,17374.57,0.0,0.0,0.12,0.3,"step = 7.0000
balance_diff_orig = 13,021.4300
error_orig = 0.0000
newbalanceOrig = 17,374.5700
type_PAYMENT = 1.0000","Scenario: 01_normal_baseline
Probability: 0.0000
Decision: ALLOW
Action: LOG
Truth: 0
Prediction: 0
Result: True Negative

Reason:
The original transaction already contains the feature values shown to the model.
The model made its decision based on the learned fraud patterns from these values.
Because the model estimated P(fraud) = 0.0000, which is below the alert threshold of 0.12, the system returned ALLOW.
The ground-truth label is legitimate, and the model also allowed it, so this is a True Negative.","Scenario: 01_normal_baseline
Probability: 0.0000
Decision: ALLOW
Action: LOG
Truth: 0
Prediction: 0
Result: True Negative

Reason:
The original transaction already contains the feature values shown to the model.
The model made its decision based on the learned fraud patterns from these values.
Because the model estimated P(fraud) = 0.0000, which is below the alert threshold of 0.12, the system returned ALLOW.
The ground-truth label is legitimate, and the model also allowed it, so this is a True Negative."
01_normal_baseline-TX-105,01_normal_baseline,0.09,ALLOW,LOG,0,0,True Negative,24.600996999652125,417121.35,20132.0,0.0,1198.0,0.0,0.12,0.3,"step = 7.0000
balance_diff_orig = 20,132.0000
error_orig = 396,989.3500
newbalanceOrig = 0.0000
type_PAYMENT = 0.0000","Scenario: 01_normal_baseline
Probability: 0.0900
Decision: ALLOW
Action: LOG
Truth: 0
Prediction: 0
Result: True Negative

Reason:
The original transaction already contains the feature values shown to the model.
The model made its decision based on the learned fraud patterns from these values.
Because the model estimated P(fraud) = 0.0900, which is below the alert threshold of 0.12, the system returned ALLOW.
The ground-truth label is legitimate, and the model also allowed it, so this is a True Negative.","Scenario: 01_normal_baseline
Probability: 0.0900
Decision: ALLOW
Action: LOG
Truth: 0
Prediction: 0
Result: True Negative

Reason:
The original transaction already contains the feature values shown to the model.
The model made its decision based on the learned fraud patterns from these values.
Because the model estimated P(fraud) = 0.0900, which is below the alert threshold of 0.12, the system returned ALLOW.
The ground-truth label is legitimate, and the model also allowed it, so this is a True Negative."
01_normal_baseline-TX-106,01_normal_baseline,0.0,ALLOW,LOG,0,0,True Negative,23.79422999365488,3583.64,34010.12,30426.48,0.0,0.0,0.12,0.3,"step = 6.0000
balance_diff_orig = 3,583.6400
error_orig = 0.0000
newbalanceOrig = 30,426.4800
type_PAYMENT = 1.0000","Scenario: 01_normal_baseline
Probability: 0.0000
Decision: ALLOW
Action: LOG
Truth: 0
Prediction: 0
Result: True Negative

Reason:
The original transaction already contains the feature values shown to the model.
The model made its decision based on the learned fraud patterns from these values.
Because the model estimated P(fraud) = 0.0000, which is below the alert threshold of 0.12, the system returned ALLOW.
The ground-truth label is legitimate, and the model also allowed it, so this is a True Negative.","Scenario: 01_normal_baseline
Probability: 0.0000
Decision: ALLOW
Action: LOG
Truth: 0
Prediction: 0
Result: True Negative

Reason:
The original transaction already contains the feature values shown to the model.
The model made its decision based on the learned fraud patterns from these values.
Because the model estimated P(fraud) = 0.0000, which is below the alert threshold of 0.12, the system returned ALLOW.
The ground-truth label is legitimate, and the model also allowed it, so this is a True Negative."
01_normal_baseline-TX-107,01_normal_baseline,0.65,BLOCK,BLOCK,1,1,True Positive,22.630355997534934,10119.47,10119.47,0.0,0.0,0.0,0.12,0.3,"step = 5.0000
balance_diff_orig = 10,119.4700
error_orig = 0.0000
newbalanceOrig = 0.0000
type_PAYMENT = 0.0000","Scenario: 01_normal_baseline
Probability: 0.6500
Decision: BLOCK
Action: BLOCK
Truth: 1
Prediction: 1
Result: True Positive

Reason:
The model blocked this transaction because it matches an account-draining pattern.
The sender had 10,119 before the transaction, transferred 10,119, and was left with 0.
This means the transaction consumed the full available sender balance.
Because the model estimated P(fraud) = 0.6500, which is above the block threshold of 0.30, the system returned BLOCK.
The ground-truth label is also fraud, so this is a True Positive.","Scenario: 01_normal_baseline
Probability: 0.6500
Decision: BLOCK
Action: BLOCK
Truth: 1
Prediction: 1
Result: True Positive

Reason:
The model blocked this transaction because it matches an account-draining pattern.
The sender had 10,119 before the transaction, transferred 10,119, and was left with 0.
This means the transaction consumed the full available sender balance.
Because the model estimated P(fraud) = 0.6500, which is above the block threshold of 0.30, the system returned BLOCK.
The ground-truth label is also fraud, so this is a True Positive."
01_normal_baseline-TX-108,01_normal_baseline,0.0,ALLOW,LOG,0,0,True Negative,23.168061998148914,7762.02,11946.0,4183.98,0.0,0.0,0.12,0.3,"step = 7.0000
balance_diff_orig = 7,762.0200
error_orig = 0.0000
newbalanceOrig = 4,183.9800
type_PAYMENT = 1.0000","Scenario: 01_normal_baseline
Probability: 0.0000
Decision: ALLOW
Action: LOG
Truth: 0
Prediction: 0
Result: True Negative

Reason:
The original transaction already contains the feature values shown to the model.
The model made its decision based on the learned fraud patterns from these values.
Because the model estimated P(fraud) = 0.0000, which is below the alert threshold of 0.12, the system returned ALLOW.
The ground-truth label is legitimate, and the model also allowed it, so this is a True Negative.","Scenario: 01_normal_baseline
Probability: 0.0000
Decision: ALLOW
Action: LOG
Truth: 0
Prediction: 0
Result: True Negative

Reason:
The original transaction already contains the feature values shown to the model.
The model made its decision based on the learned fraud patterns from these values.
Because the model estimated P(fraud) = 0.0000, which is below the alert threshold of 0.12, the system returned ALLOW.
The ground-truth label is legitimate, and the model also allowed it, so this is a True Negative."
01_normal_baseline-TX-109,01_normal_baseline,0.0,ALLOW,LOG,0,0,True Negative,23.61435700004222,7659.65,10622.0,2962.35,0.0,0.0,0.12,0.3,"step = 8.0000
balance_diff_orig = 7,659.6500
error_orig = 0.0000
newbalanceOrig = 2,962.3500
type_PAYMENT = 1.0000","Scenario: 01_normal_baseline
Probability: 0.0000
Decision: ALLOW
Action: LOG
Truth: 0
Prediction: 0
Result: True Negative

Reason:
The original transaction already contains the feature values shown to the model.
The model made its decision based on the learned fraud patterns from these values.
Because the model estimated P(fraud) = 0.0000, which is below the alert threshold of 0.12, the system returned ALLOW.
The ground-truth label is legitimate, and the model also allowed it, so this is a True Negative.","Scenario: 01_normal_baseline
Probability: 0.0000
Decision: ALLOW
Action: LOG
Truth: 0
Prediction: 0
Result: True Negative

Reason:
The original transaction already contains the feature values shown to the model.
The model made its decision based on the learned fraud patterns from these values.
Because the model estimated P(fraud) = 0.0000, which is below the alert threshold of 0.12, the system returned ALLOW.
The ground-truth label is legitimate, and the model also allowed it, so this is a True Negative."
01_normal_baseline-TX-110,01_normal_baseline,0.005,ALLOW,LOG,0,0,True Negative,23.298701002204325,321119.45,0.0,0.0,2933657.37,3805747.48,0.12,0.3,"step = 8.0000
balance_diff_orig = 0.0000
error_orig = 321,119.4500
newbalanceOrig = 0.0000
type_PAYMENT = 0.0000","Scenario: 01_normal_baseline
Probability: 0.0050
Decision: ALLOW
Action: LOG
Truth: 0
Prediction: 0
Result: True Negative

Reason:
The original transaction already contains the feature values shown to the model.
The model made its decision based on the learned fraud patterns from these values.
Because the model estimated P(fraud) = 0.0050, which is below the alert threshold of 0.12, the system returned ALLOW.
The ground-truth label is legitimate, and the model also allowed it, so this is a True Negative.","Scenario: 01_normal_baseline
Probability: 0.0050
Decision: ALLOW
Action: LOG
Truth: 0
Prediction: 0
Result: True Negative

Reason:
The original transaction already contains the feature values shown to the model.
The model made its decision based on the learned fraud patterns from these values.
Because the model estimated P(fraud) = 0.0050, which is below the alert threshold of 0.12, the system returned ALLOW.
The ground-truth label is legitimate, and the model also allowed it, so this is a True Negative."
01_normal_baseline-TX-111,01_normal_baseline,0.01,ALLOW,LOG,0,0,True Negative,22.99724699696526,148918.41,2546147.34,2397228.93,163248.52,312166.92,0.12,0.3,"step = 8.0000
balance_diff_orig = 148,918.4100
error_orig = 0.0000
newbalanceOrig = 2,397,228.9300
type_PAYMENT = 0.0000","Scenario: 01_normal_baseline
Probability: 0.0100
Decision: ALLOW
Action: LOG
Truth: 0
Prediction: 0
Result: True Negative

Reason:
The original transaction already contains the feature values shown to the model.
The model made its decision based on the learned fraud patterns from these values.
Because the model estimated P(fraud) = 0.0100, which is below the alert threshold of 0.12, the system returned ALLOW.
The ground-truth label is legitimate, and the model also allowed it, so this is a True Negative.","Scenario: 01_normal_baseline
Probability: 0.0100
Decision: ALLOW
Action: LOG
Truth: 0
Prediction: 0
Result: True Negative

Reason:
The original transaction already contains the feature values shown to the model.
The model made its decision based on the learned fraud patterns from these values.
Because the model estimated P(fraud) = 0.0100, which is below the alert threshold of 0.12, the system returned ALLOW.
The ground-truth label is legitimate, and the model also allowed it, so this is a True Negative."
01_normal_baseline-TX-112,01_normal_baseline,0.005,ALLOW,LOG,0,0,True Negative,23.058725004375447,67667.47,1004943.3,1072610.77,975327.11,159625.32,0.12,0.3,"step = 8.0000
balance_diff_orig = -67,667.4700
error_orig = 135,334.9400
newbalanceOrig = 1,072,610.7700
type_PAYMENT = 0.0000","Scenario: 01_normal_baseline
Probability: 0.0050
Decision: ALLOW
Action: LOG
Truth: 0
Prediction: 0
Result: True Negative

Reason:
The original transaction already contains the feature values shown to the model.
The model made its decision based on the learned fraud patterns from these values.
Because the model estimated P(fraud) = 0.0050, which is below the alert threshold of 0.12, the system returned ALLOW.
The ground-truth label is legitimate, and the model also allowed it, so this is a True Negative.","Scenario: 01_normal_baseline
Probability: 0.0050
Decision: ALLOW
Action: LOG
Truth: 0
Prediction: 0
Result: True Negative

Reason:
The original transaction already contains the feature values shown to the model.
The model made its decision based on the learned fraud patterns from these values.
Because the model estimated P(fraud) = 0.0050, which is below the alert threshold of 0.12, the system returned ALLOW.
The ground-truth label is legitimate, and the model also allowed it, so this is a True Negative."
01_normal_baseline-TX-113,01_normal_baseline,0.0,ALLOW,LOG,0,0,True Negative,22.642313997494057,3448.71,4823.0,1374.29,0.0,0.0,0.12,0.3,"step = 8.0000
balance_diff_orig = 3,448.7100
error_orig = 0.0000
newbalanceOrig = 1,374.2900
type_PAYMENT = 1.0000","Scenario: 01_normal_baseline
Probability: 0.0000
Decision: ALLOW
Action: LOG
Truth: 0
Prediction: 0
Result: True Negative

Reason:
The original transaction already contains the feature values shown to the model.
The model made its decision based on the learned fraud patterns from these values.
Because the model estimated P(fraud) = 0.0000, which is below the alert threshold of 0.12, the system returned ALLOW.
The ground-truth label is legitimate, and the model also allowed it, so this is a True Negative.","Scenario: 01_normal_baseline
Probability: 0.0000
Decision: ALLOW
Action: LOG
Truth: 0
Prediction: 0
Result: True Negative

Reason:
The original transaction already contains the feature values shown to the model.
The model made its decision based on the learned fraud patterns from these values.
Because the model estimated P(fraud) = 0.0000, which is below the alert threshold of 0.12, the system returned ALLOW.
The ground-truth label is legitimate, and the model also allowed it, so this is a True Negative."
01_normal_baseline-TX-114,01_normal_baseline,0.0,ALLOW,LOG,0,0,True Negative,22.733383004378993,5480.96,379457.0,373976.04,0.0,0.0,0.12,0.3,"step = 1.0000
balance_diff_orig = 5,480.9600
error_orig = 0.0000
newbalanceOrig = 373,976.0400
type_PAYMENT = 1.0000","Scenario: 01_normal_baseline
Probability: 0.0000
Decision: ALLOW
Action: LOG
Truth: 0
Prediction: 0
Result: True Negative

Reason:
The original transaction already contains the feature values shown to the model.
The model made its decision based on the learned fraud patterns from these values.
Because the model estimated P(fraud) = 0.0000, which is below the alert threshold of 0.12, the system returned ALLOW.
The ground-truth label is legitimate, and the model also allowed it, so this is a True Negative.","Scenario: 01_normal_baseline
Probability: 0.0000
Decision: ALLOW
Action: LOG
Truth: 0
Prediction: 0
Result: True Negative

Reason:
The original transaction already contains the feature values shown to the model.
The model made its decision based on the learned fraud patterns from these values.
Because the model estimated P(fraud) = 0.0000, which is below the alert threshold of 0.12, the system returned ALLOW.
The ground-truth label is legitimate, and the model also allowed it, so this is a True Negative."
01_normal_baseline-TX-115,01_normal_baseline,0.0,ALLOW,LOG,0,0,True Negative,22.95633799803909,11375.84,6892.14,0.0,0.0,0.0,0.12,0.3,"step = 7.0000
balance_diff_orig = 6,892.1400
error_orig = 4,483.7000
newbalanceOrig = 0.0000
type_PAYMENT = 1.0000","Scenario: 01_normal_baseline
Probability: 0.0000
Decision: ALLOW
Action: LOG
Truth: 0
Prediction: 0
Result: True Negative

Reason:
The original transaction already contains the feature values shown to the model.
The model made its decision based on the learned fraud patterns from these values.
Because the model estimated P(fraud) = 0.0000, which is below the alert threshold of 0.12, the system returned ALLOW.
The ground-truth label is legitimate, and the model also allowed it, so this is a True Negative.","Scenario: 01_normal_baseline
Probability: 0.0000
Decision: ALLOW
Action: LOG
Truth: 0
Prediction: 0
Result: True Negative

Reason:
The original transaction already contains the feature values shown to the model.
The model made its decision based on the learned fraud patterns from these values.
Because the model estimated P(fraud) = 0.0000, which is below the alert threshold of 0.12, the system returned ALLOW.
The ground-truth label is legitimate, and the model also allowed it, so this is a True Negative."
01_normal_baseline-TX-116,01_normal_baseline,0.0,ALLOW,LOG,0,0,True Negative,23.03120100259548,2073.83,3026.0,952.17,0.0,0.0,0.12,0.3,"step = 8.0000
balance_diff_orig = 2,073.8300
error_orig = 0.0000
newbalanceOrig = 952.1700
type_PAYMENT = 1.0000","Scenario: 01_normal_baseline
Probability: 0.0000
Decision: ALLOW
Action: LOG
Truth: 0
Prediction: 0
Result: True Negative

Reason:
The original transaction already contains the feature values shown to the model.
The model made its decision based on the learned fraud patterns from these values.
Because the model estimated P(fraud) = 0.0000, which is below the alert threshold of 0.12, the system returned ALLOW.
The ground-truth label is legitimate, and the model also allowed it, so this is a True Negative.","Scenario: 01_normal_baseline
Probability: 0.0000
Decision: ALLOW
Action: LOG
Truth: 0
Prediction: 0
Result: True Negative

Reason:
The original transaction already contains the feature values shown to the model.
The model made its decision based on the learned fraud patterns from these values.
Because the model estimated P(fraud) = 0.0000, which is below the alert threshold of 0.12, the system returned ALLOW.
The ground-truth label is legitimate, and the model also allowed it, so this is a True Negative."
01_normal_baseline-TX-117,01_normal_baseline,0.0,ALLOW,LOG,0,0,True Negative,24.142356000083964,7805.77,25855.86,18050.09,0.0,0.0,0.12,0.3,"step = 7.0000
balance_diff_orig = 7,805.7700
error_orig = 0.0000
newbalanceOrig = 18,050.0900
type_PAYMENT = 1.0000","Scenario: 01_normal_baseline
Probability: 0.0000
Decision: ALLOW
Action: LOG
Truth: 0
Prediction: 0
Result: True Negative

Reason:
The original transaction already contains the feature values shown to the model.
The model made its decision based on the learned fraud patterns from these values.
Because the model estimated P(fraud) = 0.0000, which is below the alert threshold of 0.12, the system returned ALLOW.
The ground-truth label is legitimate, and the model also allowed it, so this is a True Negative.","Scenario: 01_normal_baseline
Probability: 0.0000
Decision: ALLOW
Action: LOG
Truth: 0
Prediction: 0
Result: True Negative

Reason:
The original transaction already contains the feature values shown to the model.
The model made its decision based on the learned fraud patterns from these values.
Because the model estimated P(fraud) = 0.0000, which is below the alert threshold of 0.12, the system returned ALLOW.
The ground-truth label is legitimate, and the model also allowed it, so this is a True Negative."
01_normal_baseline-TX-118,01_normal_baseline,0.01,ALLOW,LOG,0,0,True Negative,24.54132999991998,441699.88,0.0,0.0,1656682.83,2413840.05,0.12,0.3,"step = 8.0000
balance_diff_orig = 0.0000
error_orig = 441,699.8800
newbalanceOrig = 0.0000
type_PAYMENT = 0.0000","Scenario: 01_normal_baseline
Probability: 0.0100
Decision: ALLOW
Action: LOG
Truth: 0
Prediction: 0
Result: True Negative

Reason:
The original transaction already contains the feature values shown to the model.
The model made its decision based on the learned fraud patterns from these values.
Because the model estimated P(fraud) = 0.0100, which is below the alert threshold of 0.12, the system returned ALLOW.
The ground-truth label is legitimate, and the model also allowed it, so this is a True Negative.","Scenario: 01_normal_baseline
Probability: 0.0100
Decision: ALLOW
Action: LOG
Truth: 0
Prediction: 0
Result: True Negative

Reason:
The original transaction already contains the feature values shown to the model.
The model made its decision based on the learned fraud patterns from these values.
Because the model estimated P(fraud) = 0.0100, which is below the alert threshold of 0.12, the system returned ALLOW.
The ground-truth label is legitimate, and the model also allowed it, so this is a True Negative."
01_normal_baseline-TX-119,01_normal_baseline,0.0,ALLOW,LOG,0,0,True Negative,23.799841001164168,417.0,0.0,0.0,0.0,0.0,0.12,0.3,"step = 8.0000
balance_diff_orig = 0.0000
error_orig = 417.0000
newbalanceOrig = 0.0000
type_PAYMENT = 1.0000","Scenario: 01_normal_baseline
Probability: 0.0000
Decision: ALLOW
Action: LOG
Truth: 0
Prediction: 0
Result: True Negative

Reason:
The original transaction already contains the feature values shown to the model.
The model made its decision based on the learned fraud patterns from these values.
Because the model estimated P(fraud) = 0.0000, which is below the alert threshold of 0.12, the system returned ALLOW.
The ground-truth label is legitimate, and the model also allowed it, so this is a True Negative.","Scenario: 01_normal_baseline
Probability: 0.0000
Decision: ALLOW
Action: LOG
Truth: 0
Prediction: 0
Result: True Negative

Reason:
The original transaction already contains the feature values shown to the model.
The model made its decision based on the learned fraud patterns from these values.
Because the model estimated P(fraud) = 0.0000, which is below the alert threshold of 0.12, the system returned ALLOW.
The ground-truth label is legitimate, and the model also allowed it, so this is a True Negative."
01_normal_baseline-TX-120,01_normal_baseline,0.0,ALLOW,LOG,0,0,True Negative,24.486077003530227,4055.85,3466.0,0.0,0.0,0.0,0.12,0.3,"step = 8.0000
balance_diff_orig = 3,466.0000
error_orig = 589.8500
newbalanceOrig = 0.0000
type_PAYMENT = 1.0000","Scenario: 01_normal_baseline
Probability: 0.0000
Decision: ALLOW
Action: LOG
Truth: 0
Prediction: 0
Result: True Negative

Reason:
The original transaction already contains the feature values shown to the model.
The model made its decision based on the learned fraud patterns from these values.
Because the model estimated P(fraud) = 0.0000, which is below the alert threshold of 0.12, the system returned ALLOW.
The ground-truth label is legitimate, and the model also allowed it, so this is a True Negative.","Scenario: 01_normal_baseline
Probability: 0.0000
Decision: ALLOW
Action: LOG
Truth: 0
Prediction: 0
Result: True Negative

Reason:
The original transaction already contains the feature values shown to the model.
The model made its decision based on the learned fraud patterns from these values.
Because the model estimated P(fraud) = 0.0000, which is below the alert threshold of 0.12, the system returned ALLOW.
The ground-truth label is legitimate, and the model also allowed it, so this is a True Negative."
01_normal_baseline-TX-121,01_normal_baseline,0.0,ALLOW,LOG,0,0,True Negative,23.876479994214606,132.0,308.0,176.0,0.0,0.0,0.12,0.3,"step = 7.0000
balance_diff_orig = 132.0000
error_orig = 0.0000
newbalanceOrig = 176.0000
type_PAYMENT = 1.0000","Scenario: 01_normal_baseline
Probability: 0.0000
Decision: ALLOW
Action: LOG
Truth: 0
Prediction: 0
Result: True Negative

Reason:
The original transaction already contains the feature values shown to the model.
The model made its decision based on the learned fraud patterns from these values.
Because the model estimated P(fraud) = 0.0000, which is below the alert threshold of 0.12, the system returned ALLOW.
The ground-truth label is legitimate, and the model also allowed it, so this is a True Negative.","Scenario: 01_normal_baseline
Probability: 0.0000
Decision: ALLOW
Action: LOG
Truth: 0
Prediction: 0
Result: True Negative

Reason:
The original transaction already contains the feature values shown to the model.
The model made its decision based on the learned fraud patterns from these values.
Because the model estimated P(fraud) = 0.0000, which is below the alert threshold of 0.12, the system returned ALLOW.
The ground-truth label is legitimate, and the model also allowed it, so this is a True Negative."
01_normal_baseline-TX-122,01_normal_baseline,0.015,ALLOW,LOG,0,0,True Negative,23.428554995916784,70975.11,1306661.35,1377636.46,637765.96,418305.49,0.12,0.3,"step = 7.0000
balance_diff_orig = -70,975.1100
error_orig = 141,950.2200
newbalanceOrig = 1,377,636.4600
type_PAYMENT = 0.0000","Scenario: 01_normal_baseline
Probability: 0.0150
Decision: ALLOW
Action: LOG
Truth: 0
Prediction: 0
Result: True Negative

Reason:
The original transaction already contains the feature values shown to the model.
The model made its decision based on the learned fraud patterns from these values.
Because the model estimated P(fraud) = 0.0150, which is below the alert threshold of 0.12, the system returned ALLOW.
The ground-truth label is legitimate, and the model also allowed it, so this is a True Negative.","Scenario: 01_normal_baseline
Probability: 0.0150
Decision: ALLOW
Action: LOG
Truth: 0
Prediction: 0
Result: True Negative

Reason:
The original transaction already contains the feature values shown to the model.
The model made its decision based on the learned fraud patterns from these values.
Because the model estimated P(fraud) = 0.0150, which is below the alert threshold of 0.12, the system returned ALLOW.
The ground-truth label is legitimate, and the model also allowed it, so this is a True Negative."
01_normal_baseline-TX-123,01_normal_baseline,0.0,ALLOW,LOG,0,0,True Negative,23.070092996931635,19760.84,103460.0,83699.16,0.0,0.0,0.12,0.3,"step = 7.0000
balance_diff_orig = 19,760.8400
error_orig = 0.0000
newbalanceOrig = 83,699.1600
type_PAYMENT = 1.0000","Scenario: 01_normal_baseline
Probability: 0.0000
Decision: ALLOW
Action: LOG
Truth: 0
Prediction: 0
Result: True Negative

Reason:
The original transaction already contains the feature values shown to the model.
The model made its decision based on the learned fraud patterns from these values.
Because the model estimated P(fraud) = 0.0000, which is below the alert threshold of 0.12, the system returned ALLOW.
The ground-truth label is legitimate, and the model also allowed it, so this is a True Negative.","Scenario: 01_normal_baseline
Probability: 0.0000
Decision: ALLOW
Action: LOG
Truth: 0
Prediction: 0
Result: True Negative

Reason:
The original transaction already contains the feature values shown to the model.
The model made its decision based on the learned fraud patterns from these values.
Because the model estimated P(fraud) = 0.0000, which is below the alert threshold of 0.12, the system returned ALLOW.
The ground-truth label is legitimate, and the model also allowed it, so this is a True Negative."
01_normal_baseline-TX-124,01_normal_baseline,0.0,ALLOW,LOG,0,0,True Negative,22.751924996555317,75.39,31247.0,31171.61,0.0,0.0,0.12,0.3,"step = 8.0000
balance_diff_orig = 75.3900
error_orig = 0.0000
newbalanceOrig = 31,171.6100
type_PAYMENT = 1.0000","Scenario: 01_normal_baseline
Probability: 0.0000
Decision: ALLOW
Action: LOG
Truth: 0
Prediction: 0
Result: True Negative

Reason:
The original transaction already contains the feature values shown to the model.
The model made its decision based on the learned fraud patterns from these values.
Because the model estimated P(fraud) = 0.0000, which is below the alert threshold of 0.12, the system returned ALLOW.
The ground-truth label is legitimate, and the model also allowed it, so this is a True Negative.","Scenario: 01_normal_baseline
Probability: 0.0000
Decision: ALLOW
Action: LOG
Truth: 0
Prediction: 0
Result: True Negative

Reason:
The original transaction already contains the feature values shown to the model.
The model made its decision based on the learned fraud patterns from these values.
Because the model estimated P(fraud) = 0.0000, which is below the alert threshold of 0.12, the system returned ALLOW.
The ground-truth label is legitimate, and the model also allowed it, so this is a True Negative."
01_normal_baseline-TX-125,01_normal_baseline,0.07,ALLOW,LOG,0,0,True Negative,23.720860997855198,219586.05,21136.0,0.0,7641.79,108775.04,0.12,0.3,"step = 8.0000
balance_diff_orig = 21,136.0000
error_orig = 198,450.0500
newbalanceOrig = 0.0000
type_PAYMENT = 0.0000","Scenario: 01_normal_baseline
Probability: 0.0700
Decision: ALLOW
Action: LOG
Truth: 0
Prediction: 0
Result: True Negative

Reason:
The original transaction already contains the feature values shown to the model.
The model made its decision based on the learned fraud patterns from these values.
Because the model estimated P(fraud) = 0.0700, which is below the alert threshold of 0.12, the system returned ALLOW.
The ground-truth label is legitimate, and the model also allowed it, so this is a True Negative.","Scenario: 01_normal_baseline
Probability: 0.0700
Decision: ALLOW
Action: LOG
Truth: 0
Prediction: 0
Result: True Negative

Reason:
The original transaction already contains the feature values shown to the model.
The model made its decision based on the learned fraud patterns from these values.
Because the model estimated P(fraud) = 0.0700, which is below the alert threshold of 0.12, the system returned ALLOW.
The ground-truth label is legitimate, and the model also allowed it, so this is a True Negative."
01_normal_baseline-TX-126,01_normal_baseline,0.565,BLOCK,BLOCK,1,1,True Positive,24.400319998676423,21729.0,21729.0,0.0,27335.0,0.0,0.12,0.3,"step = 7.0000
balance_diff_orig = 21,729.0000
error_orig = 0.0000
newbalanceOrig = 0.0000
type_PAYMENT = 0.0000","Scenario: 01_normal_baseline
Probability: 0.5650
Decision: BLOCK
Action: BLOCK
Truth: 1
Prediction: 1
Result: True Positive

Reason:
The model blocked this transaction because it matches an account-draining pattern.
The sender had 21,729 before the transaction, transferred 21,729, and was left with 0.
This means the transaction consumed the full available sender balance.
Because the model estimated P(fraud) = 0.5650, which is above the block threshold of 0.30, the system returned BLOCK.
The ground-truth label is also fraud, so this is a True Positive.","Scenario: 01_normal_baseline
Probability: 0.5650
Decision: BLOCK
Action: BLOCK
Truth: 1
Prediction: 1
Result: True Positive

Reason:
The model blocked this transaction because it matches an account-draining pattern.
The sender had 21,729 before the transaction, transferred 21,729, and was left with 0.
This means the transaction consumed the full available sender balance.
Because the model estimated P(fraud) = 0.5650, which is above the block threshold of 0.30, the system returned BLOCK.
The ground-truth label is also fraud, so this is a True Positive."
01_normal_baseline-TX-127,01_normal_baseline,0.015,ALLOW,LOG,0,0,True Negative,23.004832000879105,79285.8,3355479.81,3434765.61,4856516.62,22190.99,0.12,0.3,"step = 1.0000
balance_diff_orig = -79,285.8000
error_orig = 158,571.6000
newbalanceOrig = 3,434,765.6100
type_PAYMENT = 0.0000","Scenario: 01_normal_baseline
Probability: 0.0150
Decision: ALLOW
Action: LOG
Truth: 0
Prediction: 0
Result: True Negative

Reason:
The original transaction already contains the feature values shown to the model.
The model made its decision based on the learned fraud patterns from these values.
Because the model estimated P(fraud) = 0.0150, which is below the alert threshold of 0.12, the system returned ALLOW.
The ground-truth label is legitimate, and the model also allowed it, so this is a True Negative.","Scenario: 01_normal_baseline
Probability: 0.0150
Decision: ALLOW
Action: LOG
Truth: 0
Prediction: 0
Result: True Negative

Reason:
The original transaction already contains the feature values shown to the model.
The model made its decision based on the learned fraud patterns from these values.
Because the model estimated P(fraud) = 0.0150, which is below the alert threshold of 0.12, the system returned ALLOW.
The ground-truth label is legitimate, and the model also allowed it, so this is a True Negative."
01_normal_baseline-TX-128,01_normal_baseline,0.0,ALLOW,LOG,0,0,True Negative,23.6168240007828,1939.14,0.0,0.0,0.0,0.0,0.12,0.3,"step = 8.0000
balance_diff_orig = 0.0000
error_orig = 1,939.1400
newbalanceOrig = 0.0000
type_PAYMENT = 1.0000","Scenario: 01_normal_baseline
Probability: 0.0000
Decision: ALLOW
Action: LOG
Truth: 0
Prediction: 0
Result: True Negative

Reason:
The original transaction already contains the feature values shown to the model.
The model made its decision based on the learned fraud patterns from these values.
Because the model estimated P(fraud) = 0.0000, which is below the alert threshold of 0.12, the system returned ALLOW.
The ground-truth label is legitimate, and the model also allowed it, so this is a True Negative.","Scenario: 01_normal_baseline
Probability: 0.0000
Decision: ALLOW
Action: LOG
Truth: 0
Prediction: 0
Result: True Negative

Reason:
The original transaction already contains the feature values shown to the model.
The model made its decision based on the learned fraud patterns from these values.
Because the model estimated P(fraud) = 0.0000, which is below the alert threshold of 0.12, the system returned ALLOW.
The ground-truth label is legitimate, and the model also allowed it, so this is a True Negative."
01_normal_baseline-TX-129,01_normal_baseline,0.0,ALLOW,LOG,0,0,True Negative,23.800937000487465,20036.57,13279.0,0.0,0.0,0.0,0.12,0.3,"step = 6.0000
balance_diff_orig = 13,279.0000
error_orig = 6,757.5700
newbalanceOrig = 0.0000
type_PAYMENT = 1.0000","Scenario: 01_normal_baseline
Probability: 0.0000
Decision: ALLOW
Action: LOG
Truth: 0
Prediction: 0
Result: True Negative

Reason:
The original transaction already contains the feature values shown to the model.
The model made its decision based on the learned fraud patterns from these values.
Because the model estimated P(fraud) = 0.0000, which is below the alert threshold of 0.12, the system returned ALLOW.
The ground-truth label is legitimate, and the model also allowed it, so this is a True Negative.","Scenario: 01_normal_baseline
Probability: 0.0000
Decision: ALLOW
Action: LOG
Truth: 0
Prediction: 0
Result: True Negative

Reason:
The original transaction already contains the feature values shown to the model.
The model made its decision based on the learned fraud patterns from these values.
Because the model estimated P(fraud) = 0.0000, which is below the alert threshold of 0.12, the system returned ALLOW.
The ground-truth label is legitimate, and the model also allowed it, so this is a True Negative."
01_normal_baseline-TX-130,01_normal_baseline,0.025,ALLOW,LOG,0,0,True Negative,22.991226993326563,252349.24,51024.0,0.0,221148.46,909963.8,0.12,0.3,"step = 8.0000
balance_diff_orig = 51,024.0000
error_orig = 201,325.2400
newbalanceOrig = 0.0000
type_PAYMENT = 0.0000","Scenario: 01_normal_baseline
Probability: 0.0250
Decision: ALLOW
Action: LOG
Truth: 0
Prediction: 0
Result: True Negative

Reason:
The original transaction already contains the feature values shown to the model.
The model made its decision based on the learned fraud patterns from these values.
Because the model estimated P(fraud) = 0.0250, which is below the alert threshold of 0.12, the system returned ALLOW.
The ground-truth label is legitimate, and the model also allowed it, so this is a True Negative.","Scenario: 01_normal_baseline
Probability: 0.0250
Decision: ALLOW
Action: LOG
Truth: 0
Prediction: 0
Result: True Negative

Reason:
The original transaction already contains the feature values shown to the model.
The model made its decision based on the learned fraud patterns from these values.
Because the model estimated P(fraud) = 0.0250, which is below the alert threshold of 0.12, the system returned ALLOW.
The ground-truth label is legitimate, and the model also allowed it, so this is a True Negative."
01_normal_baseline-TX-131,01_normal_baseline,0.0,ALLOW,LOG,0,0,True Negative,22.883616999024525,1066.91,24241.59,23174.68,0.0,0.0,0.12,0.3,"step = 1.0000
balance_diff_orig = 1,066.9100
error_orig = 0.0000
newbalanceOrig = 23,174.6800
type_PAYMENT = 1.0000","Scenario: 01_normal_baseline
Probability: 0.0000
Decision: ALLOW
Action: LOG
Truth: 0
Prediction: 0
Result: True Negative

Reason:
The original transaction already contains the feature values shown to the model.
The model made its decision based on the learned fraud patterns from these values.
Because the model estimated P(fraud) = 0.0000, which is below the alert threshold of 0.12, the system returned ALLOW.
The ground-truth label is legitimate, and the model also allowed it, so this is a True Negative.","Scenario: 01_normal_baseline
Probability: 0.0000
Decision: ALLOW
Action: LOG
Truth: 0
Prediction: 0
Result: True Negative

Reason:
The original transaction already contains the feature values shown to the model.
The model made its decision based on the learned fraud patterns from these values.
Because the model estimated P(fraud) = 0.0000, which is below the alert threshold of 0.12, the system returned ALLOW.
The ground-truth label is legitimate, and the model also allowed it, so this is a True Negative."
01_normal_baseline-TX-132,01_normal_baseline,0.0,ALLOW,LOG,0,0,True Negative,23.30174700182397,138895.43,0.0,0.0,8106338.73,8245234.16,0.12,0.3,"step = 6.0000
balance_diff_orig = 0.0000
error_orig = 138,895.4300
newbalanceOrig = 0.0000
type_PAYMENT = 0.0000","Scenario: 01_normal_baseline
Probability: 0.0000
Decision: ALLOW
Action: LOG
Truth: 0
Prediction: 0
Result: True Negative

Reason:
The original transaction already contains the feature values shown to the model.
The model made its decision based on the learned fraud patterns from these values.
Because the model estimated P(fraud) = 0.0000, which is below the alert threshold of 0.12, the system returned ALLOW.
The ground-truth label is legitimate, and the model also allowed it, so this is a True Negative.","Scenario: 01_normal_baseline
Probability: 0.0000
Decision: ALLOW
Action: LOG
Truth: 0
Prediction: 0
Result: True Negative

Reason:
The original transaction already contains the feature values shown to the model.
The model made its decision based on the learned fraud patterns from these values.
Because the model estimated P(fraud) = 0.0000, which is below the alert threshold of 0.12, the system returned ALLOW.
The ground-truth label is legitimate, and the model also allowed it, so this is a True Negative."
01_normal_baseline-TX-133,01_normal_baseline,0.0,ALLOW,LOG,0,0,True Negative,23.866142000770196,2795.77,38188.0,35392.23,0.0,0.0,0.12,0.3,"step = 8.0000
balance_diff_orig = 2,795.7700
error_orig = 0.0000
newbalanceOrig = 35,392.2300
type_PAYMENT = 1.0000","Scenario: 01_normal_baseline
Probability: 0.0000
Decision: ALLOW
Action: LOG
Truth: 0
Prediction: 0
Result: True Negative

Reason:
The original transaction already contains the feature values shown to the model.
The model made its decision based on the learned fraud patterns from these values.
Because the model estimated P(fraud) = 0.0000, which is below the alert threshold of 0.12, the system returned ALLOW.
The ground-truth label is legitimate, and the model also allowed it, so this is a True Negative.","Scenario: 01_normal_baseline
Probability: 0.0000
Decision: ALLOW
Action: LOG
Truth: 0
Prediction: 0
Result: True Negative

Reason:
The original transaction already contains the feature values shown to the model.
The model made its decision based on the learned fraud patterns from these values.
Because the model estimated P(fraud) = 0.0000, which is below the alert threshold of 0.12, the system returned ALLOW.
The ground-truth label is legitimate, and the model also allowed it, so this is a True Negative."
01_normal_baseline-TX-134,01_normal_baseline,0.005,ALLOW,LOG,0,0,True Negative,23.72442200430669,284379.59,0.0,0.0,876861.64,1503528.24,0.12,0.3,"step = 8.0000
balance_diff_orig = 0.0000
error_orig = 284,379.5900
newbalanceOrig = 0.0000
type_PAYMENT = 0.0000","Scenario: 01_normal_baseline
Probability: 0.0050
Decision: ALLOW
Action: LOG
Truth: 0
Prediction: 0
Result: True Negative

Reason:
The original transaction already contains the feature values shown to the model.
The model made its decision based on the learned fraud patterns from these values.
Because the model estimated P(fraud) = 0.0050, which is below the alert threshold of 0.12, the system returned ALLOW.
The ground-truth label is legitimate, and the model also allowed it, so this is a True Negative.","Scenario: 01_normal_baseline
Probability: 0.0050
Decision: ALLOW
Action: LOG
Truth: 0
Prediction: 0
Result: True Negative

Reason:
The original transaction already contains the feature values shown to the model.
The model made its decision based on the learned fraud patterns from these values.
Because the model estimated P(fraud) = 0.0050, which is below the alert threshold of 0.12, the system returned ALLOW.
The ground-truth label is legitimate, and the model also allowed it, so this is a True Negative."
01_normal_baseline-TX-135,01_normal_baseline,0.0,ALLOW,LOG,0,0,True Negative,23.260844995093066,16273.96,263908.3,247634.34,0.0,0.0,0.12,0.3,"step = 8.0000
balance_diff_orig = 16,273.9600
error_orig = 0.0000
newbalanceOrig = 247,634.3400
type_PAYMENT = 1.0000","Scenario: 01_normal_baseline
Probability: 0.0000
Decision: ALLOW
Action: LOG
Truth: 0
Prediction: 0
Result: True Negative

Reason:
The original transaction already contains the feature values shown to the model.
The model made its decision based on the learned fraud patterns from these values.
Because the model estimated P(fraud) = 0.0000, which is below the alert threshold of 0.12, the system returned ALLOW.
The ground-truth label is legitimate, and the model also allowed it, so this is a True Negative.","Scenario: 01_normal_baseline
Probability: 0.0000
Decision: ALLOW
Action: LOG
Truth: 0
Prediction: 0
Result: True Negative

Reason:
The original transaction already contains the feature values shown to the model.
The model made its decision based on the learned fraud patterns from these values.
Because the model estimated P(fraud) = 0.0000, which is below the alert threshold of 0.12, the system returned ALLOW.
The ground-truth label is legitimate, and the model also allowed it, so this is a True Negative."
01_normal_baseline-TX-136,01_normal_baseline,0.0,ALLOW,LOG,0,0,True Negative,22.89949300029548,1447.69,1308039.72,1309487.41,51309.0,115077.73,0.12,0.3,"step = 8.0000
balance_diff_orig = -1,447.6900
error_orig = 2,895.3800
newbalanceOrig = 1,309,487.4100
type_PAYMENT = 0.0000","Scenario: 01_normal_baseline
Probability: 0.0000
Decision: ALLOW
Action: LOG
Truth: 0
Prediction: 0
Result: True Negative

Reason:
The original transaction already contains the feature values shown to the model.
The model made its decision based on the learned fraud patterns from these values.
Because the model estimated P(fraud) = 0.0000, which is below the alert threshold of 0.12, the system returned ALLOW.
The ground-truth label is legitimate, and the model also allowed it, so this is a True Negative.","Scenario: 01_normal_baseline
Probability: 0.0000
Decision: ALLOW
Action: LOG
Truth: 0
Prediction: 0
Result: True Negative

Reason:
The original transaction already contains the feature values shown to the model.
The model made its decision based on the learned fraud patterns from these values.
Because the model estimated P(fraud) = 0.0000, which is below the alert threshold of 0.12, the system returned ALLOW.
The ground-truth label is legitimate, and the model also allowed it, so this is a True Negative."
01_normal_baseline-TX-137,01_normal_baseline,0.0,ALLOW,LOG,0,0,True Negative,23.134704999392852,16104.18,5028.0,0.0,0.0,0.0,0.12,0.3,"step = 8.0000
balance_diff_orig = 5,028.0000
error_orig = 11,076.1800
newbalanceOrig = 0.0000
type_PAYMENT = 1.0000","Scenario: 01_normal_baseline
Probability: 0.0000
Decision: ALLOW
Action: LOG
Truth: 0
Prediction: 0
Result: True Negative

Reason:
The original transaction already contains the feature values shown to the model.
The model made its decision based on the learned fraud patterns from these values.
Because the model estimated P(fraud) = 0.0000, which is below the alert threshold of 0.12, the system returned ALLOW.
The ground-truth label is legitimate, and the model also allowed it, so this is a True Negative.","Scenario: 01_normal_baseline
Probability: 0.0000
Decision: ALLOW
Action: LOG
Truth: 0
Prediction: 0
Result: True Negative

Reason:
The original transaction already contains the feature values shown to the model.
The model made its decision based on the learned fraud patterns from these values.
Because the model estimated P(fraud) = 0.0000, which is below the alert threshold of 0.12, the system returned ALLOW.
The ground-truth label is legitimate, and the model also allowed it, so this is a True Negative."
01_normal_baseline-TX-138,01_normal_baseline,0.0,ALLOW,LOG,0,0,True Negative,22.951259998080786,4971.82,0.0,0.0,0.0,0.0,0.12,0.3,"step = 7.0000
balance_diff_orig = 0.0000
error_orig = 4,971.8200
newbalanceOrig = 0.0000
type_PAYMENT = 1.0000","Scenario: 01_normal_baseline
Probability: 0.0000
Decision: ALLOW
Action: LOG
Truth: 0
Prediction: 0
Result: True Negative

Reason:
The original transaction already contains the feature values shown to the model.
The model made its decision based on the learned fraud patterns from these values.
Because the model estimated P(fraud) = 0.0000, which is below the alert threshold of 0.12, the system returned ALLOW.
The ground-truth label is legitimate, and the model also allowed it, so this is a True Negative.","Scenario: 01_normal_baseline
Probability: 0.0000
Decision: ALLOW
Action: LOG
Truth: 0
Prediction: 0
Result: True Negative

Reason:
The original transaction already contains the feature values shown to the model.
The model made its decision based on the learned fraud patterns from these values.
Because the model estimated P(fraud) = 0.0000, which is below the alert threshold of 0.12, the system returned ALLOW.
The ground-truth label is legitimate, and the model also allowed it, so this is a True Negative."
01_normal_baseline-TX-139,01_normal_baseline,0.63,BLOCK,BLOCK,1,1,True Positive,24.325928003236186,10565.0,10565.0,0.0,0.0,0.0,0.12,0.3,"step = 6.0000
balance_diff_orig = 10,565.0000
error_orig = 0.0000
newbalanceOrig = 0.0000
type_PAYMENT = 0.0000","Scenario: 01_normal_baseline
Probability: 0.6300
Decision: BLOCK
Action: BLOCK
Truth: 1
Prediction: 1
Result: True Positive

Reason:
The model blocked this transaction because it matches an account-draining pattern.
The sender had 10,565 before the transaction, transferred 10,565, and was left with 0.
This means the transaction consumed the full available sender balance.
Because the model estimated P(fraud) = 0.6300, which is above the block threshold of 0.30, the system returned BLOCK.
The ground-truth label is also fraud, so this is a True Positive.","Scenario: 01_normal_baseline
Probability: 0.6300
Decision: BLOCK
Action: BLOCK
Truth: 1
Prediction: 1
Result: True Positive

Reason:
The model blocked this transaction because it matches an account-draining pattern.
The sender had 10,565 before the transaction, transferred 10,565, and was left with 0.
This means the transaction consumed the full available sender balance.
Because the model estimated P(fraud) = 0.6300, which is above the block threshold of 0.30, the system returned BLOCK.
The ground-truth label is also fraud, so this is a True Positive."
01_normal_baseline-TX-140,01_normal_baseline,0.0,ALLOW,LOG,0,0,True Negative,22.71397200092906,1214.44,1306528.24,1305313.79,0.0,0.0,0.12,0.3,"step = 8.0000
balance_diff_orig = 1,214.4500
error_orig = 0.0100
newbalanceOrig = 1,305,313.7900
type_PAYMENT = 1.0000","Scenario: 01_normal_baseline
Probability: 0.0000
Decision: ALLOW
Action: LOG
Truth: 0
Prediction: 0
Result: True Negative

Reason:
The original transaction already contains the feature values shown to the model.
The model made its decision based on the learned fraud patterns from these values.
Because the model estimated P(fraud) = 0.0000, which is below the alert threshold of 0.12, the system returned ALLOW.
The ground-truth label is legitimate, and the model also allowed it, so this is a True Negative.","Scenario: 01_normal_baseline
Probability: 0.0000
Decision: ALLOW
Action: LOG
Truth: 0
Prediction: 0
Result: True Negative

Reason:
The original transaction already contains the feature values shown to the model.
The model made its decision based on the learned fraud patterns from these values.
Because the model estimated P(fraud) = 0.0000, which is below the alert threshold of 0.12, the system returned ALLOW.
The ground-truth label is legitimate, and the model also allowed it, so this is a True Negative."
01_normal_baseline-TX-141,01_normal_baseline,0.0,ALLOW,LOG,0,0,True Negative,22.86718800314702,121523.69,0.0,0.0,1358538.24,4937135.42,0.12,0.3,"step = 8.0000
balance_diff_orig = 0.0000
error_orig = 121,523.6900
newbalanceOrig = 0.0000
type_PAYMENT = 0.0000","Scenario: 01_normal_baseline
Probability: 0.0000
Decision: ALLOW
Action: LOG
Truth: 0
Prediction: 0
Result: True Negative

Reason:
The original transaction already contains the feature values shown to the model.
The model made its decision based on the learned fraud patterns from these values.
Because the model estimated P(fraud) = 0.0000, which is below the alert threshold of 0.12, the system returned ALLOW.
The ground-truth label is legitimate, and the model also allowed it, so this is a True Negative.","Scenario: 01_normal_baseline
Probability: 0.0000
Decision: ALLOW
Action: LOG
Truth: 0
Prediction: 0
Result: True Negative

Reason:
The original transaction already contains the feature values shown to the model.
The model made its decision based on the learned fraud patterns from these values.
Because the model estimated P(fraud) = 0.0000, which is below the alert threshold of 0.12, the system returned ALLOW.
The ground-truth label is legitimate, and the model also allowed it, so this is a True Negative."
01_normal_baseline-TX-142,01_normal_baseline,0.0,ALLOW,LOG,0,0,True Negative,23.207620994071476,2129.18,36765.0,34635.82,0.0,0.0,0.12,0.3,"step = 8.0000
balance_diff_orig = 2,129.1800
error_orig = 0.0000
newbalanceOrig = 34,635.8200
type_PAYMENT = 1.0000","Scenario: 01_normal_baseline
Probability: 0.0000
Decision: ALLOW
Action: LOG
Truth: 0
Prediction: 0
Result: True Negative

Reason:
The original transaction already contains the feature values shown to the model.
The model made its decision based on the learned fraud patterns from these values.
Because the model estimated P(fraud) = 0.0000, which is below the alert threshold of 0.12, the system returned ALLOW.
The ground-truth label is legitimate, and the model also allowed it, so this is a True Negative.","Scenario: 01_normal_baseline
Probability: 0.0000
Decision: ALLOW
Action: LOG
Truth: 0
Prediction: 0
Result: True Negative

Reason:
The original transaction already contains the feature values shown to the model.
The model made its decision based on the learned fraud patterns from these values.
Because the model estimated P(fraud) = 0.0000, which is below the alert threshold of 0.12, the system returned ALLOW.
The ground-truth label is legitimate, and the model also allowed it, so this is a True Negative."
01_normal_baseline-TX-143,01_normal_baseline,0.025,ALLOW,LOG,0,0,True Negative,23.460297998099122,235486.07,365705.68,601191.75,324805.4,404128.0,0.12,0.3,"step = 8.0000
balance_diff_orig = -235,486.0700
error_orig = 470,972.1400
newbalanceOrig = 601,191.7500
type_PAYMENT = 0.0000","Scenario: 01_normal_baseline
Probability: 0.0250
Decision: ALLOW
Action: LOG
Truth: 0
Prediction: 0
Result: True Negative

Reason:
The original transaction already contains the feature values shown to the model.
The model made its decision based on the learned fraud patterns from these values.
Because the model estimated P(fraud) = 0.0250, which is below the alert threshold of 0.12, the system returned ALLOW.
The ground-truth label is legitimate, and the model also allowed it, so this is a True Negative.","Scenario: 01_normal_baseline
Probability: 0.0250
Decision: ALLOW
Action: LOG
Truth: 0
Prediction: 0
Result: True Negative

Reason:
The original transaction already contains the feature values shown to the model.
The model made its decision based on the learned fraud patterns from these values.
Because the model estimated P(fraud) = 0.0250, which is below the alert threshold of 0.12, the system returned ALLOW.
The ground-truth label is legitimate, and the model also allowed it, so this is a True Negative."
01_normal_baseline-TX-144,01_normal_baseline,0.015,ALLOW,LOG,0,0,True Negative,24.48028499929933,304821.95,0.0,0.0,988071.24,1079004.45,0.12,0.3,"step = 8.0000
balance_diff_orig = 0.0000
error_orig = 304,821.9500
newbalanceOrig = 0.0000
type_PAYMENT = 0.0000","Scenario: 01_normal_baseline
Probability: 0.0150
Decision: ALLOW
Action: LOG
Truth: 0
Prediction: 0
Result: True Negative

Reason:
The original transaction already contains the feature values shown to the model.
The model made its decision based on the learned fraud patterns from these values.
Because the model estimated P(fraud) = 0.0150, which is below the alert threshold of 0.12, the system returned ALLOW.
The ground-truth label is legitimate, and the model also allowed it, so this is a True Negative.","Scenario: 01_normal_baseline
Probability: 0.0150
Decision: ALLOW
Action: LOG
Truth: 0
Prediction: 0
Result: True Negative

Reason:
The original transaction already contains the feature values shown to the model.
The model made its decision based on the learned fraud patterns from these values.
Because the model estimated P(fraud) = 0.0150, which is below the alert threshold of 0.12, the system returned ALLOW.
The ground-truth label is legitimate, and the model also allowed it, so this is a True Negative."
01_normal_baseline-TX-145,01_normal_baseline,0.01,ALLOW,LOG,0,0,True Negative,22.715202998369932,450127.58,0.0,0.0,8284354.05,11889776.25,0.12,0.3,"step = 8.0000
balance_diff_orig = 0.0000
error_orig = 450,127.5800
newbalanceOrig = 0.0000
type_PAYMENT = 0.0000","Scenario: 01_normal_baseline
Probability: 0.0100
Decision: ALLOW
Action: LOG
Truth: 0
Prediction: 0
Result: True Negative

Reason:
The original transaction already contains the feature values shown to the model.
The model made its decision based on the learned fraud patterns from these values.
Because the model estimated P(fraud) = 0.0100, which is below the alert threshold of 0.12, the system returned ALLOW.
The ground-truth label is legitimate, and the model also allowed it, so this is a True Negative.","Scenario: 01_normal_baseline
Probability: 0.0100
Decision: ALLOW
Action: LOG
Truth: 0
Prediction: 0
Result: True Negative

Reason:
The original transaction already contains the feature values shown to the model.
The model made its decision based on the learned fraud patterns from these values.
Because the model estimated P(fraud) = 0.0100, which is below the alert threshold of 0.12, the system returned ALLOW.
The ground-truth label is legitimate, and the model also allowed it, so this is a True Negative."
01_normal_baseline-TX-146,01_normal_baseline,0.0,ALLOW,LOG,0,0,True Negative,22.697474996675737,8942.96,421.0,0.0,0.0,0.0,0.12,0.3,"step = 7.0000
balance_diff_orig = 421.0000
error_orig = 8,521.9600
newbalanceOrig = 0.0000
type_PAYMENT = 1.0000","Scenario: 01_normal_baseline
Probability: 0.0000
Decision: ALLOW
Action: LOG
Truth: 0
Prediction: 0
Result: True Negative

Reason:
The original transaction already contains the feature values shown to the model.
The model made its decision based on the learned fraud patterns from these values.
Because the model estimated P(fraud) = 0.0000, which is below the alert threshold of 0.12, the system returned ALLOW.
The ground-truth label is legitimate, and the model also allowed it, so this is a True Negative.","Scenario: 01_normal_baseline
Probability: 0.0000
Decision: ALLOW
Action: LOG
Truth: 0
Prediction: 0
Result: True Negative

Reason:
The original transaction already contains the feature values shown to the model.
The model made its decision based on the learned fraud patterns from these values.
Because the model estimated P(fraud) = 0.0000, which is below the alert threshold of 0.12, the system returned ALLOW.
The ground-truth label is legitimate, and the model also allowed it, so this is a True Negative."
01_normal_baseline-TX-147,01_normal_baseline,0.0,ALLOW,LOG,0,0,True Negative,23.478645001887344,52362.31,3817.55,0.0,0.0,0.0,0.12,0.3,"step = 8.0000
balance_diff_orig = 3,817.5500
error_orig = 48,544.7600
newbalanceOrig = 0.0000
type_PAYMENT = 1.0000","Scenario: 01_normal_baseline
Probability: 0.0000
Decision: ALLOW
Action: LOG
Truth: 0
Prediction: 0
Result: True Negative

Reason:
The original transaction already contains the feature values shown to the model.
The model made its decision based on the learned fraud patterns from these values.
Because the model estimated P(fraud) = 0.0000, which is below the alert threshold of 0.12, the system returned ALLOW.
The ground-truth label is legitimate, and the model also allowed it, so this is a True Negative.","Scenario: 01_normal_baseline
Probability: 0.0000
Decision: ALLOW
Action: LOG
Truth: 0
Prediction: 0
Result: True Negative

Reason:
The original transaction already contains the feature values shown to the model.
The model made its decision based on the learned fraud patterns from these values.
Because the model estimated P(fraud) = 0.0000, which is below the alert threshold of 0.12, the system returned ALLOW.
The ground-truth label is legitimate, and the model also allowed it, so this is a True Negative."
01_normal_baseline-TX-148,01_normal_baseline,0.625,BLOCK,BLOCK,1,1,True Positive,22.65871500276262,13707.11,13707.11,0.0,0.0,0.0,0.12,0.3,"step = 4.0000
balance_diff_orig = 13,707.1100
error_orig = 0.0000
newbalanceOrig = 0.0000
type_PAYMENT = 0.0000","Scenario: 01_normal_baseline
Probability: 0.6250
Decision: BLOCK
Action: BLOCK
Truth: 1
Prediction: 1
Result: True Positive

Reason:
The model blocked this transaction because it matches an account-draining pattern.
The sender had 13,707 before the transaction, transferred 13,707, and was left with 0.
This means the transaction consumed the full available sender balance.
Because the model estimated P(fraud) = 0.6250, which is above the block threshold of 0.30, the system returned BLOCK.
The ground-truth label is also fraud, so this is a True Positive.","Scenario: 01_normal_baseline
Probability: 0.6250
Decision: BLOCK
Action: BLOCK
Truth: 1
Prediction: 1
Result: True Positive

Reason:
The model blocked this transaction because it matches an account-draining pattern.
The sender had 13,707 before the transaction, transferred 13,707, and was left with 0.
This means the transaction consumed the full available sender balance.
Because the model estimated P(fraud) = 0.6250, which is above the block threshold of 0.30, the system returned BLOCK.
The ground-truth label is also fraud, so this is a True Positive."
01_normal_baseline-TX-149,01_normal_baseline,0.0,ALLOW,LOG,0,0,True Negative,23.343164000834804,49593.62,17932.0,67525.62,96308.59,46714.97,0.12,0.3,"step = 8.0000
balance_diff_orig = -49,593.6200
error_orig = 99,187.2400
newbalanceOrig = 67,525.6200
type_PAYMENT = 0.0000","Scenario: 01_normal_baseline
Probability: 0.0000
Decision: ALLOW
Action: LOG
Truth: 0
Prediction: 0
Result: True Negative

Reason:
The original transaction already contains the feature values shown to the model.
The model made its decision based on the learned fraud patterns from these values.
Because the model estimated P(fraud) = 0.0000, which is below the alert threshold of 0.12, the system returned ALLOW.
The ground-truth label is legitimate, and the model also allowed it, so this is a True Negative.","Scenario: 01_normal_baseline
Probability: 0.0000
Decision: ALLOW
Action: LOG
Truth: 0
Prediction: 0
Result: True Negative

Reason:
The original transaction already contains the feature values shown to the model.
The model made its decision based on the learned fraud patterns from these values.
Because the model estimated P(fraud) = 0.0000, which is below the alert threshold of 0.12, the system returned ALLOW.
The ground-truth label is legitimate, and the model also allowed it, so this is a True Negative."
01_normal_baseline-TX-150,01_normal_baseline,0.0,ALLOW,LOG,0,0,True Negative,22.91638399765361,3506.36,21180.0,17673.64,0.0,0.0,0.12,0.3,"step = 8.0000
balance_diff_orig = 3,506.3600
error_orig = 0.0000
newbalanceOrig = 17,673.6400
type_PAYMENT = 1.0000","Scenario: 01_normal_baseline
Probability: 0.0000
Decision: ALLOW
Action: LOG
Truth: 0
Prediction: 0
Result: True Negative

Reason:
The original transaction already contains the feature values shown to the model.
The model made its decision based on the learned fraud patterns from these values.
Because the model estimated P(fraud) = 0.0000, which is below the alert threshold of 0.12, the system returned ALLOW.
The ground-truth label is legitimate, and the model also allowed it, so this is a True Negative.","Scenario: 01_normal_baseline
Probability: 0.0000
Decision: ALLOW
Action: LOG
Truth: 0
Prediction: 0
Result: True Negative

Reason:
The original transaction already contains the feature values shown to the model.
The model made its decision based on the learned fraud patterns from these values.
Because the model estimated P(fraud) = 0.0000, which is below the alert threshold of 0.12, the system returned ALLOW.
The ground-truth label is legitimate, and the model also allowed it, so this is a True Negative."
01_normal_baseline-TX-151,01_normal_baseline,0.015,ALLOW,LOG,0,0,True Negative,22.73777100344887,373185.07,0.0,0.0,430989.2,1178808.14,0.12,0.3,"step = 1.0000
balance_diff_orig = 0.0000
error_orig = 373,185.0700
newbalanceOrig = 0.0000
type_PAYMENT = 0.0000","Scenario: 01_normal_baseline
Probability: 0.0150
Decision: ALLOW
Action: LOG
Truth: 0
Prediction: 0
Result: True Negative

Reason:
The original transaction already contains the feature values shown to the model.
The model made its decision based on the learned fraud patterns from these values.
Because the model estimated P(fraud) = 0.0150, which is below the alert threshold of 0.12, the system returned ALLOW.
The ground-truth label is legitimate, and the model also allowed it, so this is a True Negative.","Scenario: 01_normal_baseline
Probability: 0.0150
Decision: ALLOW
Action: LOG
Truth: 0
Prediction: 0
Result: True Negative

Reason:
The original transaction already contains the feature values shown to the model.
The model made its decision based on the learned fraud patterns from these values.
Because the model estimated P(fraud) = 0.0150, which is below the alert threshold of 0.12, the system returned ALLOW.
The ground-truth label is legitimate, and the model also allowed it, so this is a True Negative."
01_normal_baseline-TX-152,01_normal_baseline,0.025,ALLOW,LOG,0,0,True Negative,23.177212999144103,171782.67,5016.0,0.0,0.0,0.0,0.12,0.3,"step = 8.0000
balance_diff_orig = 5,016.0000
error_orig = 166,766.6700
newbalanceOrig = 0.0000
type_PAYMENT = 0.0000","Scenario: 01_normal_baseline
Probability: 0.0250
Decision: ALLOW
Action: LOG
Truth: 0
Prediction: 0
Result: True Negative

Reason:
The original transaction already contains the feature values shown to the model.
The model made its decision based on the learned fraud patterns from these values.
Because the model estimated P(fraud) = 0.0250, which is below the alert threshold of 0.12, the system returned ALLOW.
The ground-truth label is legitimate, and the model also allowed it, so this is a True Negative.","Scenario: 01_normal_baseline
Probability: 0.0250
Decision: ALLOW
Action: LOG
Truth: 0
Prediction: 0
Result: True Negative

Reason:
The original transaction already contains the feature values shown to the model.
The model made its decision based on the learned fraud patterns from these values.
Because the model estimated P(fraud) = 0.0250, which is below the alert threshold of 0.12, the system returned ALLOW.
The ground-truth label is legitimate, and the model also allowed it, so this is a True Negative."
01_normal_baseline-TX-153,01_normal_baseline,0.0,ALLOW,LOG,0,0,True Negative,22.694603001582436,14229.35,184804.18,170574.82,0.0,0.0,0.12,0.3,"step = 2.0000
balance_diff_orig = 14,229.3600
error_orig = 0.0100
newbalanceOrig = 170,574.8200
type_PAYMENT = 1.0000","Scenario: 01_normal_baseline
Probability: 0.0000
Decision: ALLOW
Action: LOG
Truth: 0
Prediction: 0
Result: True Negative

Reason:
The original transaction already contains the feature values shown to the model.
The model made its decision based on the learned fraud patterns from these values.
Because the model estimated P(fraud) = 0.0000, which is below the alert threshold of 0.12, the system returned ALLOW.
The ground-truth label is legitimate, and the model also allowed it, so this is a True Negative.","Scenario: 01_normal_baseline
Probability: 0.0000
Decision: ALLOW
Action: LOG
Truth: 0
Prediction: 0
Result: True Negative

Reason:
The original transaction already contains the feature values shown to the model.
The model made its decision based on the learned fraud patterns from these values.
Because the model estimated P(fraud) = 0.0000, which is below the alert threshold of 0.12, the system returned ALLOW.
The ground-truth label is legitimate, and the model also allowed it, so this is a True Negative."
01_normal_baseline-TX-154,01_normal_baseline,0.0,ALLOW,LOG,0,0,True Negative,24.7576649999246,5025.55,25964.0,20938.45,0.0,0.0,0.12,0.3,"step = 7.0000
balance_diff_orig = 5,025.5500
error_orig = 0.0000
newbalanceOrig = 20,938.4500
type_PAYMENT = 1.0000","Scenario: 01_normal_baseline
Probability: 0.0000
Decision: ALLOW
Action: LOG
Truth: 0
Prediction: 0
Result: True Negative

Reason:
The original transaction already contains the feature values shown to the model.
The model made its decision based on the learned fraud patterns from these values.
Because the model estimated P(fraud) = 0.0000, which is below the alert threshold of 0.12, the system returned ALLOW.
The ground-truth label is legitimate, and the model also allowed it, so this is a True Negative.","Scenario: 01_normal_baseline
Probability: 0.0000
Decision: ALLOW
Action: LOG
Truth: 0
Prediction: 0
Result: True Negative

Reason:
The original transaction already contains the feature values shown to the model.
The model made its decision based on the learned fraud patterns from these values.
Because the model estimated P(fraud) = 0.0000, which is below the alert threshold of 0.12, the system returned ALLOW.
The ground-truth label is legitimate, and the model also allowed it, so this is a True Negative."
01_normal_baseline-TX-155,01_normal_baseline,0.0,ALLOW,LOG,0,0,True Negative,22.829624002042692,104395.88,0.0,0.0,4828534.89,4628857.24,0.12,0.3,"step = 8.0000
balance_diff_orig = 0.0000
error_orig = 104,395.8800
newbalanceOrig = 0.0000
type_PAYMENT = 0.0000","Scenario: 01_normal_baseline
Probability: 0.0000
Decision: ALLOW
Action: LOG
Truth: 0
Prediction: 0
Result: True Negative

Reason:
The original transaction already contains the feature values shown to the model.
The model made its decision based on the learned fraud patterns from these values.
Because the model estimated P(fraud) = 0.0000, which is below the alert threshold of 0.12, the system returned ALLOW.
The ground-truth label is legitimate, and the model also allowed it, so this is a True Negative.","Scenario: 01_normal_baseline
Probability: 0.0000
Decision: ALLOW
Action: LOG
Truth: 0
Prediction: 0
Result: True Negative

Reason:
The original transaction already contains the feature values shown to the model.
The model made its decision based on the learned fraud patterns from these values.
Because the model estimated P(fraud) = 0.0000, which is below the alert threshold of 0.12, the system returned ALLOW.
The ground-truth label is legitimate, and the model also allowed it, so this is a True Negative."
01_normal_baseline-TX-156,01_normal_baseline,0.005,ALLOW,LOG,0,0,True Negative,23.111932001484092,48640.6,9423315.79,9471956.39,176324.78,994.76,0.12,0.3,"step = 8.0000
balance_diff_orig = -48,640.6000
error_orig = 97,281.2000
newbalanceOrig = 9,471,956.3900
type_PAYMENT = 0.0000","Scenario: 01_normal_baseline
Probability: 0.0050
Decision: ALLOW
Action: LOG
Truth: 0
Prediction: 0
Result: True Negative

Reason:
The original transaction already contains the feature values shown to the model.
The model made its decision based on the learned fraud patterns from these values.
Because the model estimated P(fraud) = 0.0050, which is below the alert threshold of 0.12, the system returned ALLOW.
The ground-truth label is legitimate, and the model also allowed it, so this is a True Negative.","Scenario: 01_normal_baseline
Probability: 0.0050
Decision: ALLOW
Action: LOG
Truth: 0
Prediction: 0
Result: True Negative

Reason:
The original transaction already contains the feature values shown to the model.
The model made its decision based on the learned fraud patterns from these values.
Because the model estimated P(fraud) = 0.0050, which is below the alert threshold of 0.12, the system returned ALLOW.
The ground-truth label is legitimate, and the model also allowed it, so this is a True Negative."
01_normal_baseline-TX-157,01_normal_baseline,0.0,ALLOW,LOG,0,0,True Negative,23.501994997786824,2108.36,0.0,0.0,0.0,0.0,0.12,0.3,"step = 3.0000
balance_diff_orig = 0.0000
error_orig = 2,108.3600
newbalanceOrig = 0.0000
type_PAYMENT = 1.0000","Scenario: 01_normal_baseline
Probability: 0.0000
Decision: ALLOW
Action: LOG
Truth: 0
Prediction: 0
Result: True Negative

Reason:
The original transaction already contains the feature values shown to the model.
The model made its decision based on the learned fraud patterns from these values.
Because the model estimated P(fraud) = 0.0000, which is below the alert threshold of 0.12, the system returned ALLOW.
The ground-truth label is legitimate, and the model also allowed it, so this is a True Negative.","Scenario: 01_normal_baseline
Probability: 0.0000
Decision: ALLOW
Action: LOG
Truth: 0
Prediction: 0
Result: True Negative

Reason:
The original transaction already contains the feature values shown to the model.
The model made its decision based on the learned fraud patterns from these values.
Because the model estimated P(fraud) = 0.0000, which is below the alert threshold of 0.12, the system returned ALLOW.
The ground-truth label is legitimate, and the model also allowed it, so this is a True Negative."
01_normal_baseline-TX-158,01_normal_baseline,0.0,ALLOW,LOG,0,0,True Negative,22.72937199450098,1993.14,25449.93,23456.79,0.0,0.0,0.12,0.3,"step = 7.0000
balance_diff_orig = 1,993.1400
error_orig = 0.0000
newbalanceOrig = 23,456.7900
type_PAYMENT = 1.0000","Scenario: 01_normal_baseline
Probability: 0.0000
Decision: ALLOW
Action: LOG
Truth: 0
Prediction: 0
Result: True Negative

Reason:
The original transaction already contains the feature values shown to the model.
The model made its decision based on the learned fraud patterns from these values.
Because the model estimated P(fraud) = 0.0000, which is below the alert threshold of 0.12, the system returned ALLOW.
The ground-truth label is legitimate, and the model also allowed it, so this is a True Negative.","Scenario: 01_normal_baseline
Probability: 0.0000
Decision: ALLOW
Action: LOG
Truth: 0
Prediction: 0
Result: True Negative

Reason:
The original transaction already contains the feature values shown to the model.
The model made its decision based on the learned fraud patterns from these values.
Because the model estimated P(fraud) = 0.0000, which is below the alert threshold of 0.12, the system returned ALLOW.
The ground-truth label is legitimate, and the model also allowed it, so this is a True Negative."
01_normal_baseline-TX-159,01_normal_baseline,0.0,ALLOW,LOG,0,0,True Negative,22.810193004261237,21191.67,43840.85,22649.18,0.0,0.0,0.12,0.3,"step = 7.0000
balance_diff_orig = 21,191.6700
error_orig = 0.0000
newbalanceOrig = 22,649.1800
type_PAYMENT = 1.0000","Scenario: 01_normal_baseline
Probability: 0.0000
Decision: ALLOW
Action: LOG
Truth: 0
Prediction: 0
Result: True Negative

Reason:
The original transaction already contains the feature values shown to the model.
The model made its decision based on the learned fraud patterns from these values.
Because the model estimated P(fraud) = 0.0000, which is below the alert threshold of 0.12, the system returned ALLOW.
The ground-truth label is legitimate, and the model also allowed it, so this is a True Negative.","Scenario: 01_normal_baseline
Probability: 0.0000
Decision: ALLOW
Action: LOG
Truth: 0
Prediction: 0
Result: True Negative

Reason:
The original transaction already contains the feature values shown to the model.
The model made its decision based on the learned fraud patterns from these values.
Because the model estimated P(fraud) = 0.0000, which is below the alert threshold of 0.12, the system returned ALLOW.
The ground-truth label is legitimate, and the model also allowed it, so this is a True Negative."
01_normal_baseline-TX-160,01_normal_baseline,0.0,ALLOW,LOG,0,0,True Negative,23.014286998659372,8861.56,188269.0,179407.44,0.0,0.0,0.12,0.3,"step = 8.0000
balance_diff_orig = 8,861.5600
error_orig = 0.0000
newbalanceOrig = 179,407.4400
type_PAYMENT = 1.0000","Scenario: 01_normal_baseline
Probability: 0.0000
Decision: ALLOW
Action: LOG
Truth: 0
Prediction: 0
Result: True Negative

Reason:
The original transaction already contains the feature values shown to the model.
The model made its decision based on the learned fraud patterns from these values.
Because the model estimated P(fraud) = 0.0000, which is below the alert threshold of 0.12, the system returned ALLOW.
The ground-truth label is legitimate, and the model also allowed it, so this is a True Negative.","Scenario: 01_normal_baseline
Probability: 0.0000
Decision: ALLOW
Action: LOG
Truth: 0
Prediction: 0
Result: True Negative

Reason:
The original transaction already contains the feature values shown to the model.
The model made its decision based on the learned fraud patterns from these values.
Because the model estimated P(fraud) = 0.0000, which is below the alert threshold of 0.12, the system returned ALLOW.
The ground-truth label is legitimate, and the model also allowed it, so this is a True Negative."
01_normal_baseline-TX-161,01_normal_baseline,0.0,ALLOW,LOG,0,0,True Negative,23.711156005447265,8521.16,496873.04,488351.88,0.0,0.0,0.12,0.3,"step = 7.0000
balance_diff_orig = 8,521.1600
error_orig = 0.0000
newbalanceOrig = 488,351.8800
type_PAYMENT = 1.0000","Scenario: 01_normal_baseline
Probability: 0.0000
Decision: ALLOW
Action: LOG
Truth: 0
Prediction: 0
Result: True Negative

Reason:
The original transaction already contains the feature values shown to the model.
The model made its decision based on the learned fraud patterns from these values.
Because the model estimated P(fraud) = 0.0000, which is below the alert threshold of 0.12, the system returned ALLOW.
The ground-truth label is legitimate, and the model also allowed it, so this is a True Negative.","Scenario: 01_normal_baseline
Probability: 0.0000
Decision: ALLOW
Action: LOG
Truth: 0
Prediction: 0
Result: True Negative

Reason:
The original transaction already contains the feature values shown to the model.
The model made its decision based on the learned fraud patterns from these values.
Because the model estimated P(fraud) = 0.0000, which is below the alert threshold of 0.12, the system returned ALLOW.
The ground-truth label is legitimate, and the model also allowed it, so this is a True Negative."
01_normal_baseline-TX-162,01_normal_baseline,0.58,BLOCK,BLOCK,1,1,True Positive,23.44789200287778,13707.11,13707.11,0.0,0.0,13707.11,0.12,0.3,"step = 4.0000
balance_diff_orig = 13,707.1100
error_orig = 0.0000
newbalanceOrig = 0.0000
type_PAYMENT = 0.0000","Scenario: 01_normal_baseline
Probability: 0.5800
Decision: BLOCK
Action: BLOCK
Truth: 1
Prediction: 1
Result: True Positive

Reason:
The model blocked this transaction because it matches an account-draining pattern.
The sender had 13,707 before the transaction, transferred 13,707, and was left with 0.
This means the transaction consumed the full available sender balance.
Because the model estimated P(fraud) = 0.5800, which is above the block threshold of 0.30, the system returned BLOCK.
The ground-truth label is also fraud, so this is a True Positive.","Scenario: 01_normal_baseline
Probability: 0.5800
Decision: BLOCK
Action: BLOCK
Truth: 1
Prediction: 1
Result: True Positive

Reason:
The model blocked this transaction because it matches an account-draining pattern.
The sender had 13,707 before the transaction, transferred 13,707, and was left with 0.
This means the transaction consumed the full available sender balance.
Because the model estimated P(fraud) = 0.5800, which is above the block threshold of 0.30, the system returned BLOCK.
The ground-truth label is also fraud, so this is a True Positive."
01_normal_baseline-TX-163,01_normal_baseline,0.605,BLOCK,BLOCK,1,1,True Positive,23.032667995721567,262434.54,262434.54,0.0,19525.79,438233.86,0.12,0.3,"step = 7.0000
balance_diff_orig = 262,434.5400
error_orig = 0.0000
newbalanceOrig = 0.0000
type_PAYMENT = 0.0000","Scenario: 01_normal_baseline
Probability: 0.6050
Decision: BLOCK
Action: BLOCK
Truth: 1
Prediction: 1
Result: True Positive

Reason:
The model blocked this transaction because it matches an account-draining pattern.
The sender had 262,435 before the transaction, transferred 262,435, and was left with 0.
This means the transaction consumed the full available sender balance.
Because the model estimated P(fraud) = 0.6050, which is above the block threshold of 0.30, the system returned BLOCK.
The ground-truth label is also fraud, so this is a True Positive.","Scenario: 01_normal_baseline
Probability: 0.6050
Decision: BLOCK
Action: BLOCK
Truth: 1
Prediction: 1
Result: True Positive

Reason:
The model blocked this transaction because it matches an account-draining pattern.
The sender had 262,435 before the transaction, transferred 262,435, and was left with 0.
This means the transaction consumed the full available sender balance.
Because the model estimated P(fraud) = 0.6050, which is above the block threshold of 0.30, the system returned BLOCK.
The ground-truth label is also fraud, so this is a True Positive."
01_normal_baseline-TX-164,01_normal_baseline,0.33,BLOCK,BLOCK,1,1,True Positive,22.766905996832065,2930418.44,2930418.44,0.0,3616012.1,6963508.84,0.12,0.3,"step = 4.0000
balance_diff_orig = 2,930,418.4400
error_orig = 0.0000
newbalanceOrig = 0.0000
type_PAYMENT = 0.0000","Scenario: 01_normal_baseline
Probability: 0.3300
Decision: BLOCK
Action: BLOCK
Truth: 1
Prediction: 1
Result: True Positive

Reason:
The model blocked this transaction because it matches an account-draining pattern.
The sender had 2,930,418 before the transaction, transferred 2,930,418, and was left with 0.
This means the transaction consumed the full available sender balance.
Because the model estimated P(fraud) = 0.3300, which is above the block threshold of 0.30, the system returned BLOCK.
The ground-truth label is also fraud, so this is a True Positive.","Scenario: 01_normal_baseline
Probability: 0.3300
Decision: BLOCK
Action: BLOCK
Truth: 1
Prediction: 1
Result: True Positive

Reason:
The model blocked this transaction because it matches an account-draining pattern.
The sender had 2,930,418 before the transaction, transferred 2,930,418, and was left with 0.
This means the transaction consumed the full available sender balance.
Because the model estimated P(fraud) = 0.3300, which is above the block threshold of 0.30, the system returned BLOCK.
The ground-truth label is also fraud, so this is a True Positive."
01_normal_baseline-TX-165,01_normal_baseline,0.015,ALLOW,LOG,0,0,True Negative,23.69004500360461,215133.01,14620.0,0.0,1188580.73,1100454.23,0.12,0.3,"step = 8.0000
balance_diff_orig = 14,620.0000
error_orig = 200,513.0100
newbalanceOrig = 0.0000
type_PAYMENT = 0.0000","Scenario: 01_normal_baseline
Probability: 0.0150
Decision: ALLOW
Action: LOG
Truth: 0
Prediction: 0
Result: True Negative

Reason:
The original transaction already contains the feature values shown to the model.
The model made its decision based on the learned fraud patterns from these values.
Because the model estimated P(fraud) = 0.0150, which is below the alert threshold of 0.12, the system returned ALLOW.
The ground-truth label is legitimate, and the model also allowed it, so this is a True Negative.","Scenario: 01_normal_baseline
Probability: 0.0150
Decision: ALLOW
Action: LOG
Truth: 0
Prediction: 0
Result: True Negative

Reason:
The original transaction already contains the feature values shown to the model.
The model made its decision based on the learned fraud patterns from these values.
Because the model estimated P(fraud) = 0.0150, which is below the alert threshold of 0.12, the system returned ALLOW.
The ground-truth label is legitimate, and the model also allowed it, so this is a True Negative."
01_normal_baseline-TX-166,01_normal_baseline,0.01,ALLOW,LOG,0,0,True Negative,24.255574004200753,342352.12,52106.0,394458.12,231.0,54041.74,0.12,0.3,"step = 8.0000
balance_diff_orig = -342,352.1200
error_orig = 684,704.2400
newbalanceOrig = 394,458.1200
type_PAYMENT = 0.0000","Scenario: 01_normal_baseline
Probability: 0.0100
Decision: ALLOW
Action: LOG
Truth: 0
Prediction: 0
Result: True Negative

Reason:
The original transaction already contains the feature values shown to the model.
The model made its decision based on the learned fraud patterns from these values.
Because the model estimated P(fraud) = 0.0100, which is below the alert threshold of 0.12, the system returned ALLOW.
The ground-truth label is legitimate, and the model also allowed it, so this is a True Negative.","Scenario: 01_normal_baseline
Probability: 0.0100
Decision: ALLOW
Action: LOG
Truth: 0
Prediction: 0
Result: True Negative

Reason:
The original transaction already contains the feature values shown to the model.
The model made its decision based on the learned fraud patterns from these values.
Because the model estimated P(fraud) = 0.0100, which is below the alert threshold of 0.12, the system returned ALLOW.
The ground-truth label is legitimate, and the model also allowed it, so this is a True Negative."
01_normal_baseline-TX-167,01_normal_baseline,0.005,ALLOW,LOG,0,0,True Negative,22.89897300215671,178805.23,0.0,0.0,524586.65,1097218.45,0.12,0.3,"step = 2.0000
balance_diff_orig = 0.0000
error_orig = 178,805.2300
newbalanceOrig = 0.0000
type_PAYMENT = 0.0000","Scenario: 01_normal_baseline
Probability: 0.0050
Decision: ALLOW
Action: LOG
Truth: 0
Prediction: 0
Result: True Negative

Reason:
The original transaction already contains the feature values shown to the model.
The model made its decision based on the learned fraud patterns from these values.
Because the model estimated P(fraud) = 0.0050, which is below the alert threshold of 0.12, the system returned ALLOW.
The ground-truth label is legitimate, and the model also allowed it, so this is a True Negative.","Scenario: 01_normal_baseline
Probability: 0.0050
Decision: ALLOW
Action: LOG
Truth: 0
Prediction: 0
Result: True Negative

Reason:
The original transaction already contains the feature values shown to the model.
The model made its decision based on the learned fraud patterns from these values.
Because the model estimated P(fraud) = 0.0050, which is below the alert threshold of 0.12, the system returned ALLOW.
The ground-truth label is legitimate, and the model also allowed it, so this is a True Negative."
01_normal_baseline-TX-168,01_normal_baseline,0.0,ALLOW,LOG,0,0,True Negative,24.198863000492565,13754.54,219000.66,205246.12,0.0,0.0,0.12,0.3,"step = 8.0000
balance_diff_orig = 13,754.5400
error_orig = 0.0000
newbalanceOrig = 205,246.1200
type_PAYMENT = 1.0000","Scenario: 01_normal_baseline
Probability: 0.0000
Decision: ALLOW
Action: LOG
Truth: 0
Prediction: 0
Result: True Negative

Reason:
The original transaction already contains the feature values shown to the model.
The model made its decision based on the learned fraud patterns from these values.
Because the model estimated P(fraud) = 0.0000, which is below the alert threshold of 0.12, the system returned ALLOW.
The ground-truth label is legitimate, and the model also allowed it, so this is a True Negative.","Scenario: 01_normal_baseline
Probability: 0.0000
Decision: ALLOW
Action: LOG
Truth: 0
Prediction: 0
Result: True Negative

Reason:
The original transaction already contains the feature values shown to the model.
The model made its decision based on the learned fraud patterns from these values.
Because the model estimated P(fraud) = 0.0000, which is below the alert threshold of 0.12, the system returned ALLOW.
The ground-truth label is legitimate, and the model also allowed it, so this is a True Negative."
01_normal_baseline-TX-169,01_normal_baseline,0.0,ALLOW,LOG,0,0,True Negative,22.79742599785095,8524.52,0.0,0.0,0.0,0.0,0.12,0.3,"step = 7.0000
balance_diff_orig = 0.0000
error_orig = 8,524.5200
newbalanceOrig = 0.0000
type_PAYMENT = 1.0000","Scenario: 01_normal_baseline
Probability: 0.0000
Decision: ALLOW
Action: LOG
Truth: 0
Prediction: 0
Result: True Negative

Reason:
The original transaction already contains the feature values shown to the model.
The model made its decision based on the learned fraud patterns from these values.
Because the model estimated P(fraud) = 0.0000, which is below the alert threshold of 0.12, the system returned ALLOW.
The ground-truth label is legitimate, and the model also allowed it, so this is a True Negative.","Scenario: 01_normal_baseline
Probability: 0.0000
Decision: ALLOW
Action: LOG
Truth: 0
Prediction: 0
Result: True Negative

Reason:
The original transaction already contains the feature values shown to the model.
The model made its decision based on the learned fraud patterns from these values.
Because the model estimated P(fraud) = 0.0000, which is below the alert threshold of 0.12, the system returned ALLOW.
The ground-truth label is legitimate, and the model also allowed it, so this is a True Negative."
01_normal_baseline-TX-170,01_normal_baseline,0.05,ALLOW,LOG,0,0,True Negative,22.898929004441015,357849.56,2318211.32,2676060.88,1564409.2,3443379.49,0.12,0.3,"step = 7.0000
balance_diff_orig = -357,849.5600
error_orig = 715,699.1200
newbalanceOrig = 2,676,060.8800
type_PAYMENT = 0.0000","Scenario: 01_normal_baseline
Probability: 0.0500
Decision: ALLOW
Action: LOG
Truth: 0
Prediction: 0
Result: True Negative

Reason:
The original transaction already contains the feature values shown to the model.
The model made its decision based on the learned fraud patterns from these values.
Because the model estimated P(fraud) = 0.0500, which is below the alert threshold of 0.12, the system returned ALLOW.
The ground-truth label is legitimate, and the model also allowed it, so this is a True Negative.","Scenario: 01_normal_baseline
Probability: 0.0500
Decision: ALLOW
Action: LOG
Truth: 0
Prediction: 0
Result: True Negative

Reason:
The original transaction already contains the feature values shown to the model.
The model made its decision based on the learned fraud patterns from these values.
Because the model estimated P(fraud) = 0.0500, which is below the alert threshold of 0.12, the system returned ALLOW.
The ground-truth label is legitimate, and the model also allowed it, so this is a True Negative."
01_normal_baseline-TX-171,01_normal_baseline,0.0,ALLOW,LOG,0,0,True Negative,23.971488000825047,1141.23,0.0,0.0,0.0,0.0,0.12,0.3,"step = 8.0000
balance_diff_orig = 0.0000
error_orig = 1,141.2300
newbalanceOrig = 0.0000
type_PAYMENT = 1.0000","Scenario: 01_normal_baseline
Probability: 0.0000
Decision: ALLOW
Action: LOG
Truth: 0
Prediction: 0
Result: True Negative

Reason:
The original transaction already contains the feature values shown to the model.
The model made its decision based on the learned fraud patterns from these values.
Because the model estimated P(fraud) = 0.0000, which is below the alert threshold of 0.12, the system returned ALLOW.
The ground-truth label is legitimate, and the model also allowed it, so this is a True Negative.","Scenario: 01_normal_baseline
Probability: 0.0000
Decision: ALLOW
Action: LOG
Truth: 0
Prediction: 0
Result: True Negative

Reason:
The original transaction already contains the feature values shown to the model.
The model made its decision based on the learned fraud patterns from these values.
Because the model estimated P(fraud) = 0.0000, which is below the alert threshold of 0.12, the system returned ALLOW.
The ground-truth label is legitimate, and the model also allowed it, so this is a True Negative."
01_normal_baseline-TX-172,01_normal_baseline,0.065,ALLOW,LOG,0,0,True Negative,23.22105399798602,263220.52,7.0,263227.52,9050.0,0.0,0.12,0.3,"step = 8.0000
balance_diff_orig = -263,220.5200
error_orig = 526,441.0400
newbalanceOrig = 263,227.5200
type_PAYMENT = 0.0000","Scenario: 01_normal_baseline
Probability: 0.0650
Decision: ALLOW
Action: LOG
Truth: 0
Prediction: 0
Result: True Negative

Reason:
The original transaction already contains the feature values shown to the model.
The model made its decision based on the learned fraud patterns from these values.
Because the model estimated P(fraud) = 0.0650, which is below the alert threshold of 0.12, the system returned ALLOW.
The ground-truth label is legitimate, and the model also allowed it, so this is a True Negative.","Scenario: 01_normal_baseline
Probability: 0.0650
Decision: ALLOW
Action: LOG
Truth: 0
Prediction: 0
Result: True Negative

Reason:
The original transaction already contains the feature values shown to the model.
The model made its decision based on the learned fraud patterns from these values.
Because the model estimated P(fraud) = 0.0650, which is below the alert threshold of 0.12, the system returned ALLOW.
The ground-truth label is legitimate, and the model also allowed it, so this is a True Negative."
01_normal_baseline-TX-173,01_normal_baseline,0.415,BLOCK,BLOCK,1,1,True Positive,23.420224999426864,132842.64,4499.08,0.0,0.0,132842.64,0.12,0.3,"step = 1.0000
balance_diff_orig = 4,499.0800
error_orig = 128,343.5600
newbalanceOrig = 0.0000
type_PAYMENT = 0.0000","Scenario: 01_normal_baseline
Probability: 0.4150
Decision: BLOCK
Action: BLOCK
Truth: 1
Prediction: 1
Result: True Positive

Reason:
The original transaction already contains the feature values shown to the model.
The model made its decision based on the learned fraud patterns from these values.
Because the model estimated P(fraud) = 0.4150, which is above the block threshold of 0.30, the system returned BLOCK.
The ground-truth label is also fraud, so this is a True Positive.","Scenario: 01_normal_baseline
Probability: 0.4150
Decision: BLOCK
Action: BLOCK
Truth: 1
Prediction: 1
Result: True Positive

Reason:
The original transaction already contains the feature values shown to the model.
The model made its decision based on the learned fraud patterns from these values.
Because the model estimated P(fraud) = 0.4150, which is above the block threshold of 0.30, the system returned BLOCK.
The ground-truth label is also fraud, so this is a True Positive."
01_normal_baseline-TX-174,01_normal_baseline,0.025,ALLOW,LOG,0,0,True Negative,23.091513001418207,200196.33,6485228.03,6685424.36,2327839.12,4743010.67,0.12,0.3,"step = 8.0000
balance_diff_orig = -200,196.3300
error_orig = 400,392.6600
newbalanceOrig = 6,685,424.3600
type_PAYMENT = 0.0000","Scenario: 01_normal_baseline
Probability: 0.0250
Decision: ALLOW
Action: LOG
Truth: 0
Prediction: 0
Result: True Negative

Reason:
The original transaction already contains the feature values shown to the model.
The model made its decision based on the learned fraud patterns from these values.
Because the model estimated P(fraud) = 0.0250, which is below the alert threshold of 0.12, the system returned ALLOW.
The ground-truth label is legitimate, and the model also allowed it, so this is a True Negative.","Scenario: 01_normal_baseline
Probability: 0.0250
Decision: ALLOW
Action: LOG
Truth: 0
Prediction: 0
Result: True Negative

Reason:
The original transaction already contains the feature values shown to the model.
The model made its decision based on the learned fraud patterns from these values.
Because the model estimated P(fraud) = 0.0250, which is below the alert threshold of 0.12, the system returned ALLOW.
The ground-truth label is legitimate, and the model also allowed it, so this is a True Negative."
01_normal_baseline-TX-175,01_normal_baseline,0.0,ALLOW,LOG,0,0,True Negative,23.304843001824338,22923.28,0.0,0.0,0.0,0.0,0.12,0.3,"step = 6.0000
balance_diff_orig = 0.0000
error_orig = 22,923.2800
newbalanceOrig = 0.0000
type_PAYMENT = 1.0000","Scenario: 01_normal_baseline
Probability: 0.0000
Decision: ALLOW
Action: LOG
Truth: 0
Prediction: 0
Result: True Negative

Reason:
The original transaction already contains the feature values shown to the model.
The model made its decision based on the learned fraud patterns from these values.
Because the model estimated P(fraud) = 0.0000, which is below the alert threshold of 0.12, the system returned ALLOW.
The ground-truth label is legitimate, and the model also allowed it, so this is a True Negative.","Scenario: 01_normal_baseline
Probability: 0.0000
Decision: ALLOW
Action: LOG
Truth: 0
Prediction: 0
Result: True Negative

Reason:
The original transaction already contains the feature values shown to the model.
The model made its decision based on the learned fraud patterns from these values.
Because the model estimated P(fraud) = 0.0000, which is below the alert threshold of 0.12, the system returned ALLOW.
The ground-truth label is legitimate, and the model also allowed it, so this is a True Negative."
01_normal_baseline-TX-176,01_normal_baseline,0.01,ALLOW,LOG,0,0,True Negative,22.80756000254769,154636.36,0.0,0.0,264559.19,419195.55,0.12,0.3,"step = 8.0000
balance_diff_orig = 0.0000
error_orig = 154,636.3600
newbalanceOrig = 0.0000
type_PAYMENT = 0.0000","Scenario: 01_normal_baseline
Probability: 0.0100
Decision: ALLOW
Action: LOG
Truth: 0
Prediction: 0
Result: True Negative

Reason:
The original transaction already contains the feature values shown to the model.
The model made its decision based on the learned fraud patterns from these values.
Because the model estimated P(fraud) = 0.0100, which is below the alert threshold of 0.12, the system returned ALLOW.
The ground-truth label is legitimate, and the model also allowed it, so this is a True Negative.","Scenario: 01_normal_baseline
Probability: 0.0100
Decision: ALLOW
Action: LOG
Truth: 0
Prediction: 0
Result: True Negative

Reason:
The original transaction already contains the feature values shown to the model.
The model made its decision based on the learned fraud patterns from these values.
Because the model estimated P(fraud) = 0.0100, which is below the alert threshold of 0.12, the system returned ALLOW.
The ground-truth label is legitimate, and the model also allowed it, so this is a True Negative."
01_normal_baseline-TX-177,01_normal_baseline,0.57,BLOCK,BLOCK,1,1,True Positive,23.611502001585905,20128.0,20128.0,0.0,6268.0,12145.85,0.12,0.3,"step = 1.0000
balance_diff_orig = 20,128.0000
error_orig = 0.0000
newbalanceOrig = 0.0000
type_PAYMENT = 0.0000","Scenario: 01_normal_baseline
Probability: 0.5700
Decision: BLOCK
Action: BLOCK
Truth: 1
Prediction: 1
Result: True Positive

Reason:
The model blocked this transaction because it matches an account-draining pattern.
The sender had 20,128 before the transaction, transferred 20,128, and was left with 0.
This means the transaction consumed the full available sender balance.
Because the model estimated P(fraud) = 0.5700, which is above the block threshold of 0.30, the system returned BLOCK.
The ground-truth label is also fraud, so this is a True Positive.","Scenario: 01_normal_baseline
Probability: 0.5700
Decision: BLOCK
Action: BLOCK
Truth: 1
Prediction: 1
Result: True Positive

Reason:
The model blocked this transaction because it matches an account-draining pattern.
The sender had 20,128 before the transaction, transferred 20,128, and was left with 0.
This means the transaction consumed the full available sender balance.
Because the model estimated P(fraud) = 0.5700, which is above the block threshold of 0.30, the system returned BLOCK.
The ground-truth label is also fraud, so this is a True Positive."
01_normal_baseline-TX-178,01_normal_baseline,0.005,ALLOW,LOG,0,0,True Negative,24.2296249998617,338961.93,0.0,0.0,394595.62,228783.05,0.12,0.3,"step = 7.0000
balance_diff_orig = 0.0000
error_orig = 338,961.9300
newbalanceOrig = 0.0000
type_PAYMENT = 0.0000","Scenario: 01_normal_baseline
Probability: 0.0050
Decision: ALLOW
Action: LOG
Truth: 0
Prediction: 0
Result: True Negative

Reason:
The original transaction already contains the feature values shown to the model.
The model made its decision based on the learned fraud patterns from these values.
Because the model estimated P(fraud) = 0.0050, which is below the alert threshold of 0.12, the system returned ALLOW.
The ground-truth label is legitimate, and the model also allowed it, so this is a True Negative.","Scenario: 01_normal_baseline
Probability: 0.0050
Decision: ALLOW
Action: LOG
Truth: 0
Prediction: 0
Result: True Negative

Reason:
The original transaction already contains the feature values shown to the model.
The model made its decision based on the learned fraud patterns from these values.
Because the model estimated P(fraud) = 0.0050, which is below the alert threshold of 0.12, the system returned ALLOW.
The ground-truth label is legitimate, and the model also allowed it, so this is a True Negative."
01_normal_baseline-TX-179,01_normal_baseline,0.0,ALLOW,LOG,0,0,True Negative,22.641012001258787,60686.34,33116.0,0.0,684874.5,494709.81,0.12,0.3,"step = 8.0000
balance_diff_orig = 33,116.0000
error_orig = 27,570.3400
newbalanceOrig = 0.0000
type_PAYMENT = 0.0000","Scenario: 01_normal_baseline
Probability: 0.0000
Decision: ALLOW
Action: LOG
Truth: 0
Prediction: 0
Result: True Negative

Reason:
The original transaction already contains the feature values shown to the model.
The model made its decision based on the learned fraud patterns from these values.
Because the model estimated P(fraud) = 0.0000, which is below the alert threshold of 0.12, the system returned ALLOW.
The ground-truth label is legitimate, and the model also allowed it, so this is a True Negative.","Scenario: 01_normal_baseline
Probability: 0.0000
Decision: ALLOW
Action: LOG
Truth: 0
Prediction: 0
Result: True Negative

Reason:
The original transaction already contains the feature values shown to the model.
The model made its decision based on the learned fraud patterns from these values.
Because the model estimated P(fraud) = 0.0000, which is below the alert threshold of 0.12, the system returned ALLOW.
The ground-truth label is legitimate, and the model also allowed it, so this is a True Negative."
01_normal_baseline-TX-180,01_normal_baseline,0.0,ALLOW,LOG,0,0,True Negative,23.31772099569207,2875.1,15443.0,12567.9,0.0,0.0,0.12,0.3,"step = 1.0000
balance_diff_orig = 2,875.1000
error_orig = 0.0000
newbalanceOrig = 12,567.9000
type_PAYMENT = 1.0000","Scenario: 01_normal_baseline
Probability: 0.0000
Decision: ALLOW
Action: LOG
Truth: 0
Prediction: 0
Result: True Negative

Reason:
The original transaction already contains the feature values shown to the model.
The model made its decision based on the learned fraud patterns from these values.
Because the model estimated P(fraud) = 0.0000, which is below the alert threshold of 0.12, the system returned ALLOW.
The ground-truth label is legitimate, and the model also allowed it, so this is a True Negative.","Scenario: 01_normal_baseline
Probability: 0.0000
Decision: ALLOW
Action: LOG
Truth: 0
Prediction: 0
Result: True Negative

Reason:
The original transaction already contains the feature values shown to the model.
The model made its decision based on the learned fraud patterns from these values.
Because the model estimated P(fraud) = 0.0000, which is below the alert threshold of 0.12, the system returned ALLOW.
The ground-truth label is legitimate, and the model also allowed it, so this is a True Negative."
01_normal_baseline-TX-181,01_normal_baseline,0.695,BLOCK,BLOCK,1,1,True Positive,22.75524699507514,164.0,164.0,0.0,4068.0,0.0,0.12,0.3,"step = 7.0000
balance_diff_orig = 164.0000
error_orig = 0.0000
newbalanceOrig = 0.0000
type_PAYMENT = 0.0000","Scenario: 01_normal_baseline
Probability: 0.6950
Decision: BLOCK
Action: BLOCK
Truth: 1
Prediction: 1
Result: True Positive

Reason:
The model blocked this transaction because it matches an account-draining pattern.
The sender had 164 before the transaction, transferred 164, and was left with 0.
This means the transaction consumed the full available sender balance.
Because the model estimated P(fraud) = 0.6950, which is above the block threshold of 0.30, the system returned BLOCK.
The ground-truth label is also fraud, so this is a True Positive.","Scenario: 01_normal_baseline
Probability: 0.6950
Decision: BLOCK
Action: BLOCK
Truth: 1
Prediction: 1
Result: True Positive

Reason:
The model blocked this transaction because it matches an account-draining pattern.
The sender had 164 before the transaction, transferred 164, and was left with 0.
This means the transaction consumed the full available sender balance.
Because the model estimated P(fraud) = 0.6950, which is above the block threshold of 0.30, the system returned BLOCK.
The ground-truth label is also fraud, so this is a True Positive."
01_normal_baseline-TX-182,01_normal_baseline,0.0,ALLOW,LOG,0,0,True Negative,23.442072997568175,4750.92,199112.0,194361.08,0.0,0.0,0.12,0.3,"step = 8.0000
balance_diff_orig = 4,750.9200
error_orig = 0.0000
newbalanceOrig = 194,361.0800
type_PAYMENT = 1.0000","Scenario: 01_normal_baseline
Probability: 0.0000
Decision: ALLOW
Action: LOG
Truth: 0
Prediction: 0
Result: True Negative

Reason:
The original transaction already contains the feature values shown to the model.
The model made its decision based on the learned fraud patterns from these values.
Because the model estimated P(fraud) = 0.0000, which is below the alert threshold of 0.12, the system returned ALLOW.
The ground-truth label is legitimate, and the model also allowed it, so this is a True Negative.","Scenario: 01_normal_baseline
Probability: 0.0000
Decision: ALLOW
Action: LOG
Truth: 0
Prediction: 0
Result: True Negative

Reason:
The original transaction already contains the feature values shown to the model.
The model made its decision based on the learned fraud patterns from these values.
Because the model estimated P(fraud) = 0.0000, which is below the alert threshold of 0.12, the system returned ALLOW.
The ground-truth label is legitimate, and the model also allowed it, so this is a True Negative."
01_normal_baseline-TX-183,01_normal_baseline,0.0,ALLOW,LOG,0,0,True Negative,23.259308996784966,3649.62,1480.0,0.0,0.0,0.0,0.12,0.3,"step = 8.0000
balance_diff_orig = 1,480.0000
error_orig = 2,169.6200
newbalanceOrig = 0.0000
type_PAYMENT = 1.0000","Scenario: 01_normal_baseline
Probability: 0.0000
Decision: ALLOW
Action: LOG
Truth: 0
Prediction: 0
Result: True Negative

Reason:
The original transaction already contains the feature values shown to the model.
The model made its decision based on the learned fraud patterns from these values.
Because the model estimated P(fraud) = 0.0000, which is below the alert threshold of 0.12, the system returned ALLOW.
The ground-truth label is legitimate, and the model also allowed it, so this is a True Negative.","Scenario: 01_normal_baseline
Probability: 0.0000
Decision: ALLOW
Action: LOG
Truth: 0
Prediction: 0
Result: True Negative

Reason:
The original transaction already contains the feature values shown to the model.
The model made its decision based on the learned fraud patterns from these values.
Because the model estimated P(fraud) = 0.0000, which is below the alert threshold of 0.12, the system returned ALLOW.
The ground-truth label is legitimate, and the model also allowed it, so this is a True Negative."
01_normal_baseline-TX-184,01_normal_baseline,0.005,ALLOW,LOG,0,0,True Negative,23.25460300198756,42456.46,5003799.8,5046256.26,1350356.55,751281.48,0.12,0.3,"step = 8.0000
balance_diff_orig = -42,456.4600
error_orig = 84,912.9200
newbalanceOrig = 5,046,256.2600
type_PAYMENT = 0.0000","Scenario: 01_normal_baseline
Probability: 0.0050
Decision: ALLOW
Action: LOG
Truth: 0
Prediction: 0
Result: True Negative

Reason:
The original transaction already contains the feature values shown to the model.
The model made its decision based on the learned fraud patterns from these values.
Because the model estimated P(fraud) = 0.0050, which is below the alert threshold of 0.12, the system returned ALLOW.
The ground-truth label is legitimate, and the model also allowed it, so this is a True Negative.","Scenario: 01_normal_baseline
Probability: 0.0050
Decision: ALLOW
Action: LOG
Truth: 0
Prediction: 0
Result: True Negative

Reason:
The original transaction already contains the feature values shown to the model.
The model made its decision based on the learned fraud patterns from these values.
Because the model estimated P(fraud) = 0.0050, which is below the alert threshold of 0.12, the system returned ALLOW.
The ground-truth label is legitimate, and the model also allowed it, so this is a True Negative."
01_normal_baseline-TX-185,01_normal_baseline,0.0,ALLOW,LOG,0,0,True Negative,23.180839998531155,8700.92,61916.0,53215.08,0.0,0.0,0.12,0.3,"step = 7.0000
balance_diff_orig = 8,700.9200
error_orig = 0.0000
newbalanceOrig = 53,215.0800
type_PAYMENT = 1.0000","Scenario: 01_normal_baseline
Probability: 0.0000
Decision: ALLOW
Action: LOG
Truth: 0
Prediction: 0
Result: True Negative

Reason:
The original transaction already contains the feature values shown to the model.
The model made its decision based on the learned fraud patterns from these values.
Because the model estimated P(fraud) = 0.0000, which is below the alert threshold of 0.12, the system returned ALLOW.
The ground-truth label is legitimate, and the model also allowed it, so this is a True Negative.","Scenario: 01_normal_baseline
Probability: 0.0000
Decision: ALLOW
Action: LOG
Truth: 0
Prediction: 0
Result: True Negative

Reason:
The original transaction already contains the feature values shown to the model.
The model made its decision based on the learned fraud patterns from these values.
Because the model estimated P(fraud) = 0.0000, which is below the alert threshold of 0.12, the system returned ALLOW.
The ground-truth label is legitimate, and the model also allowed it, so this is a True Negative."
01_normal_baseline-TX-186,01_normal_baseline,0.0,ALLOW,LOG,0,0,True Negative,22.94580299349036,1070.13,1419959.36,1418889.24,14079522.95,14456678.26,0.12,0.3,"step = 7.0000
balance_diff_orig = 1,070.1200
error_orig = 0.0100
newbalanceOrig = 1,418,889.2400
type_PAYMENT = 0.0000","Scenario: 01_normal_baseline
Probability: 0.0000
Decision: ALLOW
Action: LOG
Truth: 0
Prediction: 0
Result: True Negative

Reason:
The original transaction already contains the feature values shown to the model.
The model made its decision based on the learned fraud patterns from these values.
Because the model estimated P(fraud) = 0.0000, which is below the alert threshold of 0.12, the system returned ALLOW.
The ground-truth label is legitimate, and the model also allowed it, so this is a True Negative.","Scenario: 01_normal_baseline
Probability: 0.0000
Decision: ALLOW
Action: LOG
Truth: 0
Prediction: 0
Result: True Negative

Reason:
The original transaction already contains the feature values shown to the model.
The model made its decision based on the learned fraud patterns from these values.
Because the model estimated P(fraud) = 0.0000, which is below the alert threshold of 0.12, the system returned ALLOW.
The ground-truth label is legitimate, and the model also allowed it, so this is a True Negative."
01_normal_baseline-TX-187,01_normal_baseline,0.0,ALLOW,LOG,0,0,True Negative,23.117406999517698,8294.34,543936.31,535641.97,41182.36,49476.7,0.12,0.3,"step = 3.0000
balance_diff_orig = 8,294.3400
error_orig = 0.0000
newbalanceOrig = 535,641.9700
type_PAYMENT = 0.0000","Scenario: 01_normal_baseline
Probability: 0.0000
Decision: ALLOW
Action: LOG
Truth: 0
Prediction: 0
Result: True Negative

Reason:
The original transaction already contains the feature values shown to the model.
The model made its decision based on the learned fraud patterns from these values.
Because the model estimated P(fraud) = 0.0000, which is below the alert threshold of 0.12, the system returned ALLOW.
The ground-truth label is legitimate, and the model also allowed it, so this is a True Negative.","Scenario: 01_normal_baseline
Probability: 0.0000
Decision: ALLOW
Action: LOG
Truth: 0
Prediction: 0
Result: True Negative

Reason:
The original transaction already contains the feature values shown to the model.
The model made its decision based on the learned fraud patterns from these values.
Because the model estimated P(fraud) = 0.0000, which is below the alert threshold of 0.12, the system returned ALLOW.
The ground-truth label is legitimate, and the model also allowed it, so this is a True Negative."
01_normal_baseline-TX-188,01_normal_baseline,0.0,ALLOW,LOG,0,0,True Negative,23.215098997752648,21650.08,0.0,0.0,0.0,0.0,0.12,0.3,"step = 6.0000
balance_diff_orig = 0.0000
error_orig = 21,650.0800
newbalanceOrig = 0.0000
type_PAYMENT = 1.0000","Scenario: 01_normal_baseline
Probability: 0.0000
Decision: ALLOW
Action: LOG
Truth: 0
Prediction: 0
Result: True Negative

Reason:
The original transaction already contains the feature values shown to the model.
The model made its decision based on the learned fraud patterns from these values.
Because the model estimated P(fraud) = 0.0000, which is below the alert threshold of 0.12, the system returned ALLOW.
The ground-truth label is legitimate, and the model also allowed it, so this is a True Negative.","Scenario: 01_normal_baseline
Probability: 0.0000
Decision: ALLOW
Action: LOG
Truth: 0
Prediction: 0
Result: True Negative

Reason:
The original transaction already contains the feature values shown to the model.
The model made its decision based on the learned fraud patterns from these values.
Because the model estimated P(fraud) = 0.0000, which is below the alert threshold of 0.12, the system returned ALLOW.
The ground-truth label is legitimate, and the model also allowed it, so this is a True Negative."
01_normal_baseline-TX-189,01_normal_baseline,0.59,BLOCK,BLOCK,1,1,True Positive,24.303365004016086,17246.0,17246.0,0.0,0.0,101717.84,0.12,0.3,"step = 6.0000
balance_diff_orig = 17,246.0000
error_orig = 0.0000
newbalanceOrig = 0.0000
type_PAYMENT = 0.0000","Scenario: 01_normal_baseline
Probability: 0.5900
Decision: BLOCK
Action: BLOCK
Truth: 1
Prediction: 1
Result: True Positive

Reason:
The model blocked this transaction because it matches an account-draining pattern.
The sender had 17,246 before the transaction, transferred 17,246, and was left with 0.
This means the transaction consumed the full available sender balance.
Because the model estimated P(fraud) = 0.5900, which is above the block threshold of 0.30, the system returned BLOCK.
The ground-truth label is also fraud, so this is a True Positive.","Scenario: 01_normal_baseline
Probability: 0.5900
Decision: BLOCK
Action: BLOCK
Truth: 1
Prediction: 1
Result: True Positive

Reason:
The model blocked this transaction because it matches an account-draining pattern.
The sender had 17,246 before the transaction, transferred 17,246, and was left with 0.
This means the transaction consumed the full available sender balance.
Because the model estimated P(fraud) = 0.5900, which is above the block threshold of 0.30, the system returned BLOCK.
The ground-truth label is also fraud, so this is a True Positive."
01_normal_baseline-TX-190,01_normal_baseline,0.0,ALLOW,LOG,0,0,True Negative,23.92765499826055,54457.48,0.0,0.0,101869.46,0.0,0.12,0.3,"step = 8.0000
balance_diff_orig = 0.0000
error_orig = 54,457.4800
newbalanceOrig = 0.0000
type_PAYMENT = 0.0000","Scenario: 01_normal_baseline
Probability: 0.0000
Decision: ALLOW
Action: LOG
Truth: 0
Prediction: 0
Result: True Negative

Reason:
The original transaction already contains the feature values shown to the model.
The model made its decision based on the learned fraud patterns from these values.
Because the model estimated P(fraud) = 0.0000, which is below the alert threshold of 0.12, the system returned ALLOW.
The ground-truth label is legitimate, and the model also allowed it, so this is a True Negative.","Scenario: 01_normal_baseline
Probability: 0.0000
Decision: ALLOW
Action: LOG
Truth: 0
Prediction: 0
Result: True Negative

Reason:
The original transaction already contains the feature values shown to the model.
The model made its decision based on the learned fraud patterns from these values.
Because the model estimated P(fraud) = 0.0000, which is below the alert threshold of 0.12, the system returned ALLOW.
The ground-truth label is legitimate, and the model also allowed it, so this is a True Negative."
01_normal_baseline-TX-191,01_normal_baseline,0.035,ALLOW,LOG,0,0,True Negative,23.00023900170345,51208.37,2894202.93,2945411.3,62243.64,11035.27,0.12,0.3,"step = 4.0000
balance_diff_orig = -51,208.3700
error_orig = 102,416.7400
newbalanceOrig = 2,945,411.3000
type_PAYMENT = 0.0000","Scenario: 01_normal_baseline
Probability: 0.0350
Decision: ALLOW
Action: LOG
Truth: 0
Prediction: 0
Result: True Negative

Reason:
The original transaction already contains the feature values shown to the model.
The model made its decision based on the learned fraud patterns from these values.
Because the model estimated P(fraud) = 0.0350, which is below the alert threshold of 0.12, the system returned ALLOW.
The ground-truth label is legitimate, and the model also allowed it, so this is a True Negative.","Scenario: 01_normal_baseline
Probability: 0.0350
Decision: ALLOW
Action: LOG
Truth: 0
Prediction: 0
Result: True Negative

Reason:
The original transaction already contains the feature values shown to the model.
The model made its decision based on the learned fraud patterns from these values.
Because the model estimated P(fraud) = 0.0350, which is below the alert threshold of 0.12, the system returned ALLOW.
The ground-truth label is legitimate, and the model also allowed it, so this is a True Negative."
01_normal_baseline-TX-192,01_normal_baseline,0.02,ALLOW,LOG,0,0,True Negative,22.812568000517786,361748.99,97591.82,0.0,4927792.23,4923997.0,0.12,0.3,"step = 6.0000
balance_diff_orig = 97,591.8200
error_orig = 264,157.1700
newbalanceOrig = 0.0000
type_PAYMENT = 0.0000","Scenario: 01_normal_baseline
Probability: 0.0200
Decision: ALLOW
Action: LOG
Truth: 0
Prediction: 0
Result: True Negative

Reason:
The original transaction already contains the feature values shown to the model.
The model made its decision based on the learned fraud patterns from these values.
Because the model estimated P(fraud) = 0.0200, which is below the alert threshold of 0.12, the system returned ALLOW.
The ground-truth label is legitimate, and the model also allowed it, so this is a True Negative.","Scenario: 01_normal_baseline
Probability: 0.0200
Decision: ALLOW
Action: LOG
Truth: 0
Prediction: 0
Result: True Negative

Reason:
The original transaction already contains the feature values shown to the model.
The model made its decision based on the learned fraud patterns from these values.
Because the model estimated P(fraud) = 0.0200, which is below the alert threshold of 0.12, the system returned ALLOW.
The ground-truth label is legitimate, and the model also allowed it, so this is a True Negative."
01_normal_baseline-TX-193,01_normal_baseline,0.01,ALLOW,LOG,0,0,True Negative,24.0789110030164,515787.54,0.0,0.0,674406.0,2256720.17,0.12,0.3,"step = 7.0000
balance_diff_orig = 0.0000
error_orig = 515,787.5400
newbalanceOrig = 0.0000
type_PAYMENT = 0.0000","Scenario: 01_normal_baseline
Probability: 0.0100
Decision: ALLOW
Action: LOG
Truth: 0
Prediction: 0
Result: True Negative

Reason:
The original transaction already contains the feature values shown to the model.
The model made its decision based on the learned fraud patterns from these values.
Because the model estimated P(fraud) = 0.0100, which is below the alert threshold of 0.12, the system returned ALLOW.
The ground-truth label is legitimate, and the model also allowed it, so this is a True Negative.","Scenario: 01_normal_baseline
Probability: 0.0100
Decision: ALLOW
Action: LOG
Truth: 0
Prediction: 0
Result: True Negative

Reason:
The original transaction already contains the feature values shown to the model.
The model made its decision based on the learned fraud patterns from these values.
Because the model estimated P(fraud) = 0.0100, which is below the alert threshold of 0.12, the system returned ALLOW.
The ground-truth label is legitimate, and the model also allowed it, so this is a True Negative."
01_normal_baseline-TX-194,01_normal_baseline,0.0,ALLOW,LOG,0,0,True Negative,22.94183400226757,20956.91,23539.24,2582.33,0.0,0.0,0.12,0.3,"step = 8.0000
balance_diff_orig = 20,956.9100
error_orig = 0.0000
newbalanceOrig = 2,582.3300
type_PAYMENT = 1.0000","Scenario: 01_normal_baseline
Probability: 0.0000
Decision: ALLOW
Action: LOG
Truth: 0
Prediction: 0
Result: True Negative

Reason:
The original transaction already contains the feature values shown to the model.
The model made its decision based on the learned fraud patterns from these values.
Because the model estimated P(fraud) = 0.0000, which is below the alert threshold of 0.12, the system returned ALLOW.
The ground-truth label is legitimate, and the model also allowed it, so this is a True Negative.","Scenario: 01_normal_baseline
Probability: 0.0000
Decision: ALLOW
Action: LOG
Truth: 0
Prediction: 0
Result: True Negative

Reason:
The original transaction already contains the feature values shown to the model.
The model made its decision based on the learned fraud patterns from these values.
Because the model estimated P(fraud) = 0.0000, which is below the alert threshold of 0.12, the system returned ALLOW.
The ground-truth label is legitimate, and the model also allowed it, so this is a True Negative."
01_normal_baseline-TX-195,01_normal_baseline,0.535,BLOCK,BLOCK,1,1,True Positive,22.66134000092279,25975.86,25975.86,0.0,98152.0,28041.27,0.12,0.3,"step = 6.0000
balance_diff_orig = 25,975.8600
error_orig = 0.0000
newbalanceOrig = 0.0000
type_PAYMENT = 0.0000","Scenario: 01_normal_baseline
Probability: 0.5350
Decision: BLOCK
Action: BLOCK
Truth: 1
Prediction: 1
Result: True Positive

Reason:
The model blocked this transaction because it matches an account-draining pattern.
The sender had 25,976 before the transaction, transferred 25,976, and was left with 0.
This means the transaction consumed the full available sender balance.
Because the model estimated P(fraud) = 0.5350, which is above the block threshold of 0.30, the system returned BLOCK.
The ground-truth label is also fraud, so this is a True Positive.","Scenario: 01_normal_baseline
Probability: 0.5350
Decision: BLOCK
Action: BLOCK
Truth: 1
Prediction: 1
Result: True Positive

Reason:
The model blocked this transaction because it matches an account-draining pattern.
The sender had 25,976 before the transaction, transferred 25,976, and was left with 0.
This means the transaction consumed the full available sender balance.
Because the model estimated P(fraud) = 0.5350, which is above the block threshold of 0.30, the system returned BLOCK.
The ground-truth label is also fraud, so this is a True Positive."
01_normal_baseline-TX-196,01_normal_baseline,0.0,ALLOW,LOG,0,0,True Negative,23.235025997564662,2851.85,20301.0,17449.15,0.0,0.0,0.12,0.3,"step = 7.0000
balance_diff_orig = 2,851.8500
error_orig = 0.0000
newbalanceOrig = 17,449.1500
type_PAYMENT = 1.0000","Scenario: 01_normal_baseline
Probability: 0.0000
Decision: ALLOW
Action: LOG
Truth: 0
Prediction: 0
Result: True Negative

Reason:
The original transaction already contains the feature values shown to the model.
The model made its decision based on the learned fraud patterns from these values.
Because the model estimated P(fraud) = 0.0000, which is below the alert threshold of 0.12, the system returned ALLOW.
The ground-truth label is legitimate, and the model also allowed it, so this is a True Negative.","Scenario: 01_normal_baseline
Probability: 0.0000
Decision: ALLOW
Action: LOG
Truth: 0
Prediction: 0
Result: True Negative

Reason:
The original transaction already contains the feature values shown to the model.
The model made its decision based on the learned fraud patterns from these values.
Because the model estimated P(fraud) = 0.0000, which is below the alert threshold of 0.12, the system returned ALLOW.
The ground-truth label is legitimate, and the model also allowed it, so this is a True Negative."
01_normal_baseline-TX-197,01_normal_baseline,0.015,ALLOW,LOG,0,0,True Negative,22.93966800061753,253521.71,0.0,0.0,5460002.91,9281535.44,0.12,0.3,"step = 7.0000
balance_diff_orig = 0.0000
error_orig = 253,521.7100
newbalanceOrig = 0.0000
type_PAYMENT = 0.0000","Scenario: 01_normal_baseline
Probability: 0.0150
Decision: ALLOW
Action: LOG
Truth: 0
Prediction: 0
Result: True Negative

Reason:
The original transaction already contains the feature values shown to the model.
The model made its decision based on the learned fraud patterns from these values.
Because the model estimated P(fraud) = 0.0150, which is below the alert threshold of 0.12, the system returned ALLOW.
The ground-truth label is legitimate, and the model also allowed it, so this is a True Negative.","Scenario: 01_normal_baseline
Probability: 0.0150
Decision: ALLOW
Action: LOG
Truth: 0
Prediction: 0
Result: True Negative

Reason:
The original transaction already contains the feature values shown to the model.
The model made its decision based on the learned fraud patterns from these values.
Because the model estimated P(fraud) = 0.0150, which is below the alert threshold of 0.12, the system returned ALLOW.
The ground-truth label is legitimate, and the model also allowed it, so this is a True Negative."
01_normal_baseline-TX-198,01_normal_baseline,0.58,BLOCK,BLOCK,1,1,True Positive,22.82437500252854,33332.86,33332.86,0.0,31002.0,0.0,0.12,0.3,"step = 6.0000
balance_diff_orig = 33,332.8600
error_orig = 0.0000
newbalanceOrig = 0.0000
type_PAYMENT = 0.0000","Scenario: 01_normal_baseline
Probability: 0.5800
Decision: BLOCK
Action: BLOCK
Truth: 1
Prediction: 1
Result: True Positive

Reason:
The model blocked this transaction because it matches an account-draining pattern.
The sender had 33,333 before the transaction, transferred 33,333, and was left with 0.
This means the transaction consumed the full available sender balance.
Because the model estimated P(fraud) = 0.5800, which is above the block threshold of 0.30, the system returned BLOCK.
The ground-truth label is also fraud, so this is a True Positive.","Scenario: 01_normal_baseline
Probability: 0.5800
Decision: BLOCK
Action: BLOCK
Truth: 1
Prediction: 1
Result: True Positive

Reason:
The model blocked this transaction because it matches an account-draining pattern.
The sender had 33,333 before the transaction, transferred 33,333, and was left with 0.
This means the transaction consumed the full available sender balance.
Because the model estimated P(fraud) = 0.5800, which is above the block threshold of 0.30, the system returned BLOCK.
The ground-truth label is also fraud, so this is a True Positive."
01_normal_baseline-TX-199,01_normal_baseline,0.005,ALLOW,LOG,0,0,True Negative,22.77411900286097,365835.11,0.0,0.0,493020.6,2581338.81,0.12,0.3,"step = 8.0000
balance_diff_orig = 0.0000
error_orig = 365,835.1100
newbalanceOrig = 0.0000
type_PAYMENT = 0.0000","Scenario: 01_normal_baseline
Probability: 0.0050
Decision: ALLOW
Action: LOG
Truth: 0
Prediction: 0
Result: True Negative

Reason:
The original transaction already contains the feature values shown to the model.
The model made its decision based on the learned fraud patterns from these values.
Because the model estimated P(fraud) = 0.0050, which is below the alert threshold of 0.12, the system returned ALLOW.
The ground-truth label is legitimate, and the model also allowed it, so this is a True Negative.","Scenario: 01_normal_baseline
Probability: 0.0050
Decision: ALLOW
Action: LOG
Truth: 0
Prediction: 0
Result: True Negative

Reason:
The original transaction already contains the feature values shown to the model.
The model made its decision based on the learned fraud patterns from these values.
Because the model estimated P(fraud) = 0.0050, which is below the alert threshold of 0.12, the system returned ALLOW.
The ground-truth label is legitimate, and the model also allowed it, so this is a True Negative."
01_normal_baseline-TX-200,01_normal_baseline,0.565,BLOCK,BLOCK,1,1,True Positive,23.246035998454317,25071.46,25071.46,0.0,9083.76,34155.22,0.12,0.3,"step = 1.0000
balance_diff_orig = 25,071.4600
error_orig = 0.0000
newbalanceOrig = 0.0000
type_PAYMENT = 0.0000","Scenario: 01_normal_baseline
Probability: 0.5650
Decision: BLOCK
Action: BLOCK
Truth: 1
Prediction: 1
Result: True Positive

Reason:
The model blocked this transaction because it matches an account-draining pattern.
The sender had 25,071 before the transaction, transferred 25,071, and was left with 0.
This means the transaction consumed the full available sender balance.
Because the model estimated P(fraud) = 0.5650, which is above the block threshold of 0.30, the system returned BLOCK.
The ground-truth label is also fraud, so this is a True Positive.","Scenario: 01_normal_baseline
Probability: 0.5650
Decision: BLOCK
Action: BLOCK
Truth: 1
Prediction: 1
Result: True Positive

Reason:
The model blocked this transaction because it matches an account-draining pattern.
The sender had 25,071 before the transaction, transferred 25,071, and was left with 0.
This means the transaction consumed the full available sender balance.
Because the model estimated P(fraud) = 0.5650, which is above the block threshold of 0.30, the system returned BLOCK.
The ground-truth label is also fraud, so this is a True Positive."
01_normal_baseline-TX-201,01_normal_baseline,0.0,ALLOW,LOG,0,0,True Negative,23.82037800271064,7731.23,5816.0,0.0,0.0,0.0,0.12,0.3,"step = 1.0000
balance_diff_orig = 5,816.0000
error_orig = 1,915.2300
newbalanceOrig = 0.0000
type_PAYMENT = 1.0000","Scenario: 01_normal_baseline
Probability: 0.0000
Decision: ALLOW
Action: LOG
Truth: 0
Prediction: 0
Result: True Negative

Reason:
The original transaction already contains the feature values shown to the model.
The model made its decision based on the learned fraud patterns from these values.
Because the model estimated P(fraud) = 0.0000, which is below the alert threshold of 0.12, the system returned ALLOW.
The ground-truth label is legitimate, and the model also allowed it, so this is a True Negative.","Scenario: 01_normal_baseline
Probability: 0.0000
Decision: ALLOW
Action: LOG
Truth: 0
Prediction: 0
Result: True Negative

Reason:
The original transaction already contains the feature values shown to the model.
The model made its decision based on the learned fraud patterns from these values.
Because the model estimated P(fraud) = 0.0000, which is below the alert threshold of 0.12, the system returned ALLOW.
The ground-truth label is legitimate, and the model also allowed it, so this is a True Negative."
01_normal_baseline-TX-202,01_normal_baseline,0.57,BLOCK,BLOCK,1,1,True Positive,22.932790001505055,1096187.24,1096187.24,0.0,0.0,0.0,0.12,0.3,"step = 2.0000
balance_diff_orig = 1,096,187.2400
error_orig = 0.0000
newbalanceOrig = 0.0000
type_PAYMENT = 0.0000","Scenario: 01_normal_baseline
Probability: 0.5700
Decision: BLOCK
Action: BLOCK
Truth: 1
Prediction: 1
Result: True Positive

Reason:
The model blocked this transaction because it matches an account-draining pattern.
The sender had 1,096,187 before the transaction, transferred 1,096,187, and was left with 0.
This means the transaction consumed the full available sender balance.
Because the model estimated P(fraud) = 0.5700, which is above the block threshold of 0.30, the system returned BLOCK.
The ground-truth label is also fraud, so this is a True Positive.","Scenario: 01_normal_baseline
Probability: 0.5700
Decision: BLOCK
Action: BLOCK
Truth: 1
Prediction: 1
Result: True Positive

Reason:
The model blocked this transaction because it matches an account-draining pattern.
The sender had 1,096,187 before the transaction, transferred 1,096,187, and was left with 0.
This means the transaction consumed the full available sender balance.
Because the model estimated P(fraud) = 0.5700, which is above the block threshold of 0.30, the system returned BLOCK.
The ground-truth label is also fraud, so this is a True Positive."
01_normal_baseline-TX-203,01_normal_baseline,0.0,ALLOW,LOG,0,0,True Negative,23.1759329981287,13909.06,79629.0,65719.94,0.0,0.0,0.12,0.3,"step = 8.0000
balance_diff_orig = 13,909.0600
error_orig = 0.0000
newbalanceOrig = 65,719.9400
type_PAYMENT = 1.0000","Scenario: 01_normal_baseline
Probability: 0.0000
Decision: ALLOW
Action: LOG
Truth: 0
Prediction: 0
Result: True Negative

Reason:
The original transaction already contains the feature values shown to the model.
The model made its decision based on the learned fraud patterns from these values.
Because the model estimated P(fraud) = 0.0000, which is below the alert threshold of 0.12, the system returned ALLOW.
The ground-truth label is legitimate, and the model also allowed it, so this is a True Negative.","Scenario: 01_normal_baseline
Probability: 0.0000
Decision: ALLOW
Action: LOG
Truth: 0
Prediction: 0
Result: True Negative

Reason:
The original transaction already contains the feature values shown to the model.
The model made its decision based on the learned fraud patterns from these values.
Because the model estimated P(fraud) = 0.0000, which is below the alert threshold of 0.12, the system returned ALLOW.
The ground-truth label is legitimate, and the model also allowed it, so this is a True Negative."
01_normal_baseline-TX-204,01_normal_baseline,0.075,ALLOW,LOG,0,0,True Negative,22.704709001118317,1371578.05,5432.0,0.0,0.0,1571399.65,0.12,0.3,"step = 8.0000
balance_diff_orig = 5,432.0000
error_orig = 1,366,146.0500
newbalanceOrig = 0.0000
type_PAYMENT = 0.0000","Scenario: 01_normal_baseline
Probability: 0.0750
Decision: ALLOW
Action: LOG
Truth: 0
Prediction: 0
Result: True Negative

Reason:
The transaction uses a high-risk type (TRANSFER) and also contains high-risk amount behavior.
This combination is commonly suspicious in mobile-money fraud patterns.
Because the model estimated P(fraud) = 0.0750, which is below the alert threshold of 0.12, the system returned ALLOW.
The ground-truth label is legitimate, and the model also allowed it, so this is a True Negative.","Scenario: 01_normal_baseline
Probability: 0.0750
Decision: ALLOW
Action: LOG
Truth: 0
Prediction: 0
Result: True Negative

Reason:
The transaction uses a high-risk type (TRANSFER) and also contains high-risk amount behavior.
This combination is commonly suspicious in mobile-money fraud patterns.
Because the model estimated P(fraud) = 0.0750, which is below the alert threshold of 0.12, the system returned ALLOW.
The ground-truth label is legitimate, and the model also allowed it, so this is a True Negative."
01_normal_baseline-TX-205,01_normal_baseline,0.0,ALLOW,LOG,0,0,True Negative,22.942604002309963,1474998.09,0.0,0.0,1697229.22,6214174.81,0.12,0.3,"step = 8.0000
balance_diff_orig = 0.0000
error_orig = 1,474,998.0900
newbalanceOrig = 0.0000
type_PAYMENT = 0.0000","Scenario: 01_normal_baseline
Probability: 0.0000
Decision: ALLOW
Action: LOG
Truth: 0
Prediction: 0
Result: True Negative

Reason:
The transaction uses a high-risk type (TRANSFER) and also contains high-risk amount behavior.
This combination is commonly suspicious in mobile-money fraud patterns.
Because the model estimated P(fraud) = 0.0000, which is below the alert threshold of 0.12, the system returned ALLOW.
The ground-truth label is legitimate, and the model also allowed it, so this is a True Negative.","Scenario: 01_normal_baseline
Probability: 0.0000
Decision: ALLOW
Action: LOG
Truth: 0
Prediction: 0
Result: True Negative

Reason:
The transaction uses a high-risk type (TRANSFER) and also contains high-risk amount behavior.
This combination is commonly suspicious in mobile-money fraud patterns.
Because the model estimated P(fraud) = 0.0000, which is below the alert threshold of 0.12, the system returned ALLOW.
The ground-truth label is legitimate, and the model also allowed it, so this is a True Negative."
01_normal_baseline-TX-206,01_normal_baseline,0.025,ALLOW,LOG,0,0,True Negative,22.939697999390773,136664.14,11629.0,0.0,6746.45,0.0,0.12,0.3,"step = 8.0000
balance_diff_orig = 11,629.0000
error_orig = 125,035.1400
newbalanceOrig = 0.0000
type_PAYMENT = 0.0000","Scenario: 01_normal_baseline
Probability: 0.0250
Decision: ALLOW
Action: LOG
Truth: 0
Prediction: 0
Result: True Negative

Reason:
The original transaction already contains the feature values shown to the model.
The model made its decision based on the learned fraud patterns from these values.
Because the model estimated P(fraud) = 0.0250, which is below the alert threshold of 0.12, the system returned ALLOW.
The ground-truth label is legitimate, and the model also allowed it, so this is a True Negative.","Scenario: 01_normal_baseline
Probability: 0.0250
Decision: ALLOW
Action: LOG
Truth: 0
Prediction: 0
Result: True Negative

Reason:
The original transaction already contains the feature values shown to the model.
The model made its decision based on the learned fraud patterns from these values.
Because the model estimated P(fraud) = 0.0250, which is below the alert threshold of 0.12, the system returned ALLOW.
The ground-truth label is legitimate, and the model also allowed it, so this is a True Negative."
01_normal_baseline-TX-207,01_normal_baseline,0.0,ALLOW,LOG,0,0,True Negative,23.116785996535327,3896.42,11558.39,7661.97,0.0,0.0,0.12,0.3,"step = 1.0000
balance_diff_orig = 3,896.4200
error_orig = 0.0000
newbalanceOrig = 7,661.9700
type_PAYMENT = 1.0000","Scenario: 01_normal_baseline
Probability: 0.0000
Decision: ALLOW
Action: LOG
Truth: 0
Prediction: 0
Result: True Negative

Reason:
The original transaction already contains the feature values shown to the model.
The model made its decision based on the learned fraud patterns from these values.
Because the model estimated P(fraud) = 0.0000, which is below the alert threshold of 0.12, the system returned ALLOW.
The ground-truth label is legitimate, and the model also allowed it, so this is a True Negative.","Scenario: 01_normal_baseline
Probability: 0.0000
Decision: ALLOW
Action: LOG
Truth: 0
Prediction: 0
Result: True Negative

Reason:
The original transaction already contains the feature values shown to the model.
The model made its decision based on the learned fraud patterns from these values.
Because the model estimated P(fraud) = 0.0000, which is below the alert threshold of 0.12, the system returned ALLOW.
The ground-truth label is legitimate, and the model also allowed it, so this is a True Negative."
01_normal_baseline-TX-208,01_normal_baseline,0.005,ALLOW,LOG,0,0,True Negative,23.454384005162865,277584.34,0.0,0.0,813862.2,1461299.3,0.12,0.3,"step = 7.0000
balance_diff_orig = 0.0000
error_orig = 277,584.3400
newbalanceOrig = 0.0000
type_PAYMENT = 0.0000","Scenario: 01_normal_baseline
Probability: 0.0050
Decision: ALLOW
Action: LOG
Truth: 0
Prediction: 0
Result: True Negative

Reason:
The original transaction already contains the feature values shown to the model.
The model made its decision based on the learned fraud patterns from these values.
Because the model estimated P(fraud) = 0.0050, which is below the alert threshold of 0.12, the system returned ALLOW.
The ground-truth label is legitimate, and the model also allowed it, so this is a True Negative.","Scenario: 01_normal_baseline
Probability: 0.0050
Decision: ALLOW
Action: LOG
Truth: 0
Prediction: 0
Result: True Negative

Reason:
The original transaction already contains the feature values shown to the model.
The model made its decision based on the learned fraud patterns from these values.
Because the model estimated P(fraud) = 0.0050, which is below the alert threshold of 0.12, the system returned ALLOW.
The ground-truth label is legitimate, and the model also allowed it, so this is a True Negative."
01_normal_baseline-TX-209,01_normal_baseline,0.0,ALLOW,LOG,0,0,True Negative,23.29929400002584,8189.42,282788.74,274599.31,0.0,0.0,0.12,0.3,"step = 8.0000
balance_diff_orig = 8,189.4300
error_orig = 0.0100
newbalanceOrig = 274,599.3100
type_PAYMENT = 1.0000","Scenario: 01_normal_baseline
Probability: 0.0000
Decision: ALLOW
Action: LOG
Truth: 0
Prediction: 0
Result: True Negative

Reason:
The original transaction already contains the feature values shown to the model.
The model made its decision based on the learned fraud patterns from these values.
Because the model estimated P(fraud) = 0.0000, which is below the alert threshold of 0.12, the system returned ALLOW.
The ground-truth label is legitimate, and the model also allowed it, so this is a True Negative.","Scenario: 01_normal_baseline
Probability: 0.0000
Decision: ALLOW
Action: LOG
Truth: 0
Prediction: 0
Result: True Negative

Reason:
The original transaction already contains the feature values shown to the model.
The model made its decision based on the learned fraud patterns from these values.
Because the model estimated P(fraud) = 0.0000, which is below the alert threshold of 0.12, the system returned ALLOW.
The ground-truth label is legitimate, and the model also allowed it, so this is a True Negative."
01_normal_baseline-TX-210,01_normal_baseline,0.0,ALLOW,LOG,0,0,True Negative,23.08732500387123,99107.68,4567205.93,4666313.62,1807303.97,1628181.42,0.12,0.3,"step = 4.0000
balance_diff_orig = -99,107.6900
error_orig = 198,215.3700
newbalanceOrig = 4,666,313.6200
type_PAYMENT = 0.0000","Scenario: 01_normal_baseline
Probability: 0.0000
Decision: ALLOW
Action: LOG
Truth: 0
Prediction: 0
Result: True Negative

Reason:
The original transaction already contains the feature values shown to the model.
The model made its decision based on the learned fraud patterns from these values.
Because the model estimated P(fraud) = 0.0000, which is below the alert threshold of 0.12, the system returned ALLOW.
The ground-truth label is legitimate, and the model also allowed it, so this is a True Negative.","Scenario: 01_normal_baseline
Probability: 0.0000
Decision: ALLOW
Action: LOG
Truth: 0
Prediction: 0
Result: True Negative

Reason:
The original transaction already contains the feature values shown to the model.
The model made its decision based on the learned fraud patterns from these values.
Because the model estimated P(fraud) = 0.0000, which is below the alert threshold of 0.12, the system returned ALLOW.
The ground-truth label is legitimate, and the model also allowed it, so this is a True Negative."
01_normal_baseline-TX-211,01_normal_baseline,0.0,ALLOW,LOG,0,0,True Negative,23.207694001030177,1831.49,40996.75,39165.26,0.0,0.0,0.12,0.3,"step = 7.0000
balance_diff_orig = 1,831.4900
error_orig = 0.0000
newbalanceOrig = 39,165.2600
type_PAYMENT = 1.0000","Scenario: 01_normal_baseline
Probability: 0.0000
Decision: ALLOW
Action: LOG
Truth: 0
Prediction: 0
Result: True Negative

Reason:
The original transaction already contains the feature values shown to the model.
The model made its decision based on the learned fraud patterns from these values.
Because the model estimated P(fraud) = 0.0000, which is below the alert threshold of 0.12, the system returned ALLOW.
The ground-truth label is legitimate, and the model also allowed it, so this is a True Negative.","Scenario: 01_normal_baseline
Probability: 0.0000
Decision: ALLOW
Action: LOG
Truth: 0
Prediction: 0
Result: True Negative

Reason:
The original transaction already contains the feature values shown to the model.
The model made its decision based on the learned fraud patterns from these values.
Because the model estimated P(fraud) = 0.0000, which is below the alert threshold of 0.12, the system returned ALLOW.
The ground-truth label is legitimate, and the model also allowed it, so this is a True Negative."
01_normal_baseline-TX-212,01_normal_baseline,0.61,BLOCK,BLOCK,1,1,True Positive,23.437078998540528,20128.0,20128.0,0.0,0.0,0.0,0.12,0.3,"step = 1.0000
balance_diff_orig = 20,128.0000
error_orig = 0.0000
newbalanceOrig = 0.0000
type_PAYMENT = 0.0000","Scenario: 01_normal_baseline
Probability: 0.6100
Decision: BLOCK
Action: BLOCK
Truth: 1
Prediction: 1
Result: True Positive

Reason:
The model blocked this transaction because it matches an account-draining pattern.
The sender had 20,128 before the transaction, transferred 20,128, and was left with 0.
This means the transaction consumed the full available sender balance.
Because the model estimated P(fraud) = 0.6100, which is above the block threshold of 0.30, the system returned BLOCK.
The ground-truth label is also fraud, so this is a True Positive.","Scenario: 01_normal_baseline
Probability: 0.6100
Decision: BLOCK
Action: BLOCK
Truth: 1
Prediction: 1
Result: True Positive

Reason:
The model blocked this transaction because it matches an account-draining pattern.
The sender had 20,128 before the transaction, transferred 20,128, and was left with 0.
This means the transaction consumed the full available sender balance.
Because the model estimated P(fraud) = 0.6100, which is above the block threshold of 0.30, the system returned BLOCK.
The ground-truth label is also fraud, so this is a True Positive."
01_normal_baseline-TX-213,01_normal_baseline,0.0,ALLOW,LOG,0,0,True Negative,23.9365200031898,5655.17,9522.0,3866.83,0.0,0.0,0.12,0.3,"step = 1.0000
balance_diff_orig = 5,655.1700
error_orig = 0.0000
newbalanceOrig = 3,866.8300
type_PAYMENT = 1.0000","Scenario: 01_normal_baseline
Probability: 0.0000
Decision: ALLOW
Action: LOG
Truth: 0
Prediction: 0
Result: True Negative

Reason:
The original transaction already contains the feature values shown to the model.
The model made its decision based on the learned fraud patterns from these values.
Because the model estimated P(fraud) = 0.0000, which is below the alert threshold of 0.12, the system returned ALLOW.
The ground-truth label is legitimate, and the model also allowed it, so this is a True Negative.","Scenario: 01_normal_baseline
Probability: 0.0000
Decision: ALLOW
Action: LOG
Truth: 0
Prediction: 0
Result: True Negative

Reason:
The original transaction already contains the feature values shown to the model.
The model made its decision based on the learned fraud patterns from these values.
Because the model estimated P(fraud) = 0.0000, which is below the alert threshold of 0.12, the system returned ALLOW.
The ground-truth label is legitimate, and the model also allowed it, so this is a True Negative."
01_normal_baseline-TX-214,01_normal_baseline,0.0,ALLOW,LOG,0,0,True Negative,24.3713759991806,8566.46,50574.0,42007.54,0.0,0.0,0.12,0.3,"step = 8.0000
balance_diff_orig = 8,566.4600
error_orig = 0.0000
newbalanceOrig = 42,007.5400
type_PAYMENT = 1.0000","Scenario: 01_normal_baseline
Probability: 0.0000
Decision: ALLOW
Action: LOG
Truth: 0
Prediction: 0
Result: True Negative

Reason:
The original transaction already contains the feature values shown to the model.
The model made its decision based on the learned fraud patterns from these values.
Because the model estimated P(fraud) = 0.0000, which is below the alert threshold of 0.12, the system returned ALLOW.
The ground-truth label is legitimate, and the model also allowed it, so this is a True Negative.","Scenario: 01_normal_baseline
Probability: 0.0000
Decision: ALLOW
Action: LOG
Truth: 0
Prediction: 0
Result: True Negative

Reason:
The original transaction already contains the feature values shown to the model.
The model made its decision based on the learned fraud patterns from these values.
Because the model estimated P(fraud) = 0.0000, which is below the alert threshold of 0.12, the system returned ALLOW.
The ground-truth label is legitimate, and the model also allowed it, so this is a True Negative."
01_normal_baseline-TX-215,01_normal_baseline,0.0,ALLOW,LOG,0,0,True Negative,24.81483000156004,23723.97,0.0,0.0,0.0,0.0,0.12,0.3,"step = 8.0000
balance_diff_orig = 0.0000
error_orig = 23,723.9700
newbalanceOrig = 0.0000
type_PAYMENT = 1.0000","Scenario: 01_normal_baseline
Probability: 0.0000
Decision: ALLOW
Action: LOG
Truth: 0
Prediction: 0
Result: True Negative

Reason:
The original transaction already contains the feature values shown to the model.
The model made its decision based on the learned fraud patterns from these values.
Because the model estimated P(fraud) = 0.0000, which is below the alert threshold of 0.12, the system returned ALLOW.
The ground-truth label is legitimate, and the model also allowed it, so this is a True Negative.","Scenario: 01_normal_baseline
Probability: 0.0000
Decision: ALLOW
Action: LOG
Truth: 0
Prediction: 0
Result: True Negative

Reason:
The original transaction already contains the feature values shown to the model.
The model made its decision based on the learned fraud patterns from these values.
Because the model estimated P(fraud) = 0.0000, which is below the alert threshold of 0.12, the system returned ALLOW.
The ground-truth label is legitimate, and the model also allowed it, so this is a True Negative."
01_normal_baseline-TX-216,01_normal_baseline,0.545,BLOCK,BLOCK,1,1,True Positive,24.518396996427327,1096187.24,1096187.24,0.0,0.0,1096187.24,0.12,0.3,"step = 2.0000
balance_diff_orig = 1,096,187.2400
error_orig = 0.0000
newbalanceOrig = 0.0000
type_PAYMENT = 0.0000","Scenario: 01_normal_baseline
Probability: 0.5450
Decision: BLOCK
Action: BLOCK
Truth: 1
Prediction: 1
Result: True Positive

Reason:
The model blocked this transaction because it matches an account-draining pattern.
The sender had 1,096,187 before the transaction, transferred 1,096,187, and was left with 0.
This means the transaction consumed the full available sender balance.
Because the model estimated P(fraud) = 0.5450, which is above the block threshold of 0.30, the system returned BLOCK.
The ground-truth label is also fraud, so this is a True Positive.","Scenario: 01_normal_baseline
Probability: 0.5450
Decision: BLOCK
Action: BLOCK
Truth: 1
Prediction: 1
Result: True Positive

Reason:
The model blocked this transaction because it matches an account-draining pattern.
The sender had 1,096,187 before the transaction, transferred 1,096,187, and was left with 0.
This means the transaction consumed the full available sender balance.
Because the model estimated P(fraud) = 0.5450, which is above the block threshold of 0.30, the system returned BLOCK.
The ground-truth label is also fraud, so this is a True Positive."
01_normal_baseline-TX-217,01_normal_baseline,0.0,ALLOW,LOG,0,0,True Negative,22.759110004699323,154.15,714553.34,714399.19,0.0,0.0,0.12,0.3,"step = 8.0000
balance_diff_orig = 154.1500
error_orig = 0.0000
newbalanceOrig = 714,399.1900
type_PAYMENT = 1.0000","Scenario: 01_normal_baseline
Probability: 0.0000
Decision: ALLOW
Action: LOG
Truth: 0
Prediction: 0
Result: True Negative

Reason:
The original transaction already contains the feature values shown to the model.
The model made its decision based on the learned fraud patterns from these values.
Because the model estimated P(fraud) = 0.0000, which is below the alert threshold of 0.12, the system returned ALLOW.
The ground-truth label is legitimate, and the model also allowed it, so this is a True Negative.","Scenario: 01_normal_baseline
Probability: 0.0000
Decision: ALLOW
Action: LOG
Truth: 0
Prediction: 0
Result: True Negative

Reason:
The original transaction already contains the feature values shown to the model.
The model made its decision based on the learned fraud patterns from these values.
Because the model estimated P(fraud) = 0.0000, which is below the alert threshold of 0.12, the system returned ALLOW.
The ground-truth label is legitimate, and the model also allowed it, so this is a True Negative."
01_normal_baseline-TX-218,01_normal_baseline,0.0,ALLOW,LOG,0,0,True Negative,22.94899499975145,9686.85,0.0,0.0,0.0,0.0,0.12,0.3,"step = 1.0000
balance_diff_orig = 0.0000
error_orig = 9,686.8500
newbalanceOrig = 0.0000
type_PAYMENT = 1.0000","Scenario: 01_normal_baseline
Probability: 0.0000
Decision: ALLOW
Action: LOG
Truth: 0
Prediction: 0
Result: True Negative

Reason:
The original transaction already contains the feature values shown to the model.
The model made its decision based on the learned fraud patterns from these values.
Because the model estimated P(fraud) = 0.0000, which is below the alert threshold of 0.12, the system returned ALLOW.
The ground-truth label is legitimate, and the model also allowed it, so this is a True Negative.","Scenario: 01_normal_baseline
Probability: 0.0000
Decision: ALLOW
Action: LOG
Truth: 0
Prediction: 0
Result: True Negative

Reason:
The original transaction already contains the feature values shown to the model.
The model made its decision based on the learned fraud patterns from these values.
Because the model estimated P(fraud) = 0.0000, which is below the alert threshold of 0.12, the system returned ALLOW.
The ground-truth label is legitimate, and the model also allowed it, so this is a True Negative."
01_normal_baseline-TX-219,01_normal_baseline,0.56,BLOCK,BLOCK,1,1,True Positive,22.854400995129254,216422.0,216422.0,0.0,10097.0,48630.5,0.12,0.3,"step = 6.0000
balance_diff_orig = 216,422.0000
error_orig = 0.0000
newbalanceOrig = 0.0000
type_PAYMENT = 0.0000","Scenario: 01_normal_baseline
Probability: 0.5600
Decision: BLOCK
Action: BLOCK
Truth: 1
Prediction: 1
Result: True Positive

Reason:
The model blocked this transaction because it matches an account-draining pattern.
The sender had 216,422 before the transaction, transferred 216,422, and was left with 0.
This means the transaction consumed the full available sender balance.
Because the model estimated P(fraud) = 0.5600, which is above the block threshold of 0.30, the system returned BLOCK.
The ground-truth label is also fraud, so this is a True Positive.","Scenario: 01_normal_baseline
Probability: 0.5600
Decision: BLOCK
Action: BLOCK
Truth: 1
Prediction: 1
Result: True Positive

Reason:
The model blocked this transaction because it matches an account-draining pattern.
The sender had 216,422 before the transaction, transferred 216,422, and was left with 0.
This means the transaction consumed the full available sender balance.
Because the model estimated P(fraud) = 0.5600, which is above the block threshold of 0.30, the system returned BLOCK.
The ground-truth label is also fraud, so this is a True Positive."
01_normal_baseline-TX-220,01_normal_baseline,0.0,ALLOW,LOG,0,0,True Negative,23.163406003732234,4054.4,10287.64,6233.24,0.0,0.0,0.12,0.3,"step = 2.0000
balance_diff_orig = 4,054.4000
error_orig = 0.0000
newbalanceOrig = 6,233.2400
type_PAYMENT = 1.0000","Scenario: 01_normal_baseline
Probability: 0.0000
Decision: ALLOW
Action: LOG
Truth: 0
Prediction: 0
Result: True Negative

Reason:
The original transaction already contains the feature values shown to the model.
The model made its decision based on the learned fraud patterns from these values.
Because the model estimated P(fraud) = 0.0000, which is below the alert threshold of 0.12, the system returned ALLOW.
The ground-truth label is legitimate, and the model also allowed it, so this is a True Negative.","Scenario: 01_normal_baseline
Probability: 0.0000
Decision: ALLOW
Action: LOG
Truth: 0
Prediction: 0
Result: True Negative

Reason:
The original transaction already contains the feature values shown to the model.
The model made its decision based on the learned fraud patterns from these values.
Because the model estimated P(fraud) = 0.0000, which is below the alert threshold of 0.12, the system returned ALLOW.
The ground-truth label is legitimate, and the model also allowed it, so this is a True Negative."
01_normal_baseline-TX-221,01_normal_baseline,0.01,ALLOW,LOG,0,0,True Negative,23.217133995785844,177129.51,399159.34,576288.84,192849.29,15719.79,0.12,0.3,"step = 7.0000
balance_diff_orig = -177,129.5000
error_orig = 354,259.0100
newbalanceOrig = 576,288.8400
type_PAYMENT = 0.0000","Scenario: 01_normal_baseline
Probability: 0.0100
Decision: ALLOW
Action: LOG
Truth: 0
Prediction: 0
Result: True Negative

Reason:
The original transaction already contains the feature values shown to the model.
The model made its decision based on the learned fraud patterns from these values.
Because the model estimated P(fraud) = 0.0100, which is below the alert threshold of 0.12, the system returned ALLOW.
The ground-truth label is legitimate, and the model also allowed it, so this is a True Negative.","Scenario: 01_normal_baseline
Probability: 0.0100
Decision: ALLOW
Action: LOG
Truth: 0
Prediction: 0
Result: True Negative

Reason:
The original transaction already contains the feature values shown to the model.
The model made its decision based on the learned fraud patterns from these values.
Because the model estimated P(fraud) = 0.0100, which is below the alert threshold of 0.12, the system returned ALLOW.
The ground-truth label is legitimate, and the model also allowed it, so this is a True Negative."
01_normal_baseline-TX-222,01_normal_baseline,0.005,ALLOW,LOG,0,0,True Negative,24.32048499758821,2166.7,72.0,0.0,0.0,0.0,0.12,0.3,"step = 3.0000
balance_diff_orig = 72.0000
error_orig = 2,094.7000
newbalanceOrig = 0.0000
type_PAYMENT = 1.0000","Scenario: 01_normal_baseline
Probability: 0.0050
Decision: ALLOW
Action: LOG
Truth: 0
Prediction: 0
Result: True Negative

Reason:
The original transaction already contains the feature values shown to the model.
The model made its decision based on the learned fraud patterns from these values.
Because the model estimated P(fraud) = 0.0050, which is below the alert threshold of 0.12, the system returned ALLOW.
The ground-truth label is legitimate, and the model also allowed it, so this is a True Negative.","Scenario: 01_normal_baseline
Probability: 0.0050
Decision: ALLOW
Action: LOG
Truth: 0
Prediction: 0
Result: True Negative

Reason:
The original transaction already contains the feature values shown to the model.
The model made its decision based on the learned fraud patterns from these values.
Because the model estimated P(fraud) = 0.0050, which is below the alert threshold of 0.12, the system returned ALLOW.
The ground-truth label is legitimate, and the model also allowed it, so this is a True Negative."
01_normal_baseline-TX-223,01_normal_baseline,0.0,ALLOW,LOG,0,0,True Negative,23.123495004256256,6184.64,181932.0,175747.36,0.0,0.0,0.12,0.3,"step = 7.0000
balance_diff_orig = 6,184.6400
error_orig = 0.0000
newbalanceOrig = 175,747.3600
type_PAYMENT = 1.0000","Scenario: 01_normal_baseline
Probability: 0.0000
Decision: ALLOW
Action: LOG
Truth: 0
Prediction: 0
Result: True Negative

Reason:
The original transaction already contains the feature values shown to the model.
The model made its decision based on the learned fraud patterns from these values.
Because the model estimated P(fraud) = 0.0000, which is below the alert threshold of 0.12, the system returned ALLOW.
The ground-truth label is legitimate, and the model also allowed it, so this is a True Negative.","Scenario: 01_normal_baseline
Probability: 0.0000
Decision: ALLOW
Action: LOG
Truth: 0
Prediction: 0
Result: True Negative

Reason:
The original transaction already contains the feature values shown to the model.
The model made its decision based on the learned fraud patterns from these values.
Because the model estimated P(fraud) = 0.0000, which is below the alert threshold of 0.12, the system returned ALLOW.
The ground-truth label is legitimate, and the model also allowed it, so this is a True Negative."
01_normal_baseline-TX-224,01_normal_baseline,0.425,BLOCK,BLOCK,1,1,True Positive,22.467099995992612,10000000.0,12930418.44,2930418.44,0.0,0.0,0.12,0.3,"step = 4.0000
balance_diff_orig = 10,000,000.0000
error_orig = 0.0000
newbalanceOrig = 2,930,418.4400
type_PAYMENT = 0.0000","Scenario: 01_normal_baseline
Probability: 0.4250
Decision: BLOCK
Action: BLOCK
Truth: 1
Prediction: 1
Result: True Positive

Reason:
The transaction uses a high-risk type (TRANSFER) and also contains high-risk amount behavior.
This combination is commonly suspicious in mobile-money fraud patterns.
Because the model estimated P(fraud) = 0.4250, which is above the block threshold of 0.30, the system returned BLOCK.
The ground-truth label is also fraud, so this is a True Positive.","Scenario: 01_normal_baseline
Probability: 0.4250
Decision: BLOCK
Action: BLOCK
Truth: 1
Prediction: 1
Result: True Positive

Reason:
The transaction uses a high-risk type (TRANSFER) and also contains high-risk amount behavior.
This combination is commonly suspicious in mobile-money fraud patterns.
Because the model estimated P(fraud) = 0.4250, which is above the block threshold of 0.30, the system returned BLOCK.
The ground-truth label is also fraud, so this is a True Positive."
01_normal_baseline-TX-225,01_normal_baseline,0.0,ALLOW,LOG,0,0,True Negative,22.639374001300894,7868.9,601.0,0.0,0.0,0.0,0.12,0.3,"step = 1.0000
balance_diff_orig = 601.0000
error_orig = 7,267.9000
newbalanceOrig = 0.0000
type_PAYMENT = 1.0000","Scenario: 01_normal_baseline
Probability: 0.0000
Decision: ALLOW
Action: LOG
Truth: 0
Prediction: 0
Result: True Negative

Reason:
The original transaction already contains the feature values shown to the model.
The model made its decision based on the learned fraud patterns from these values.
Because the model estimated P(fraud) = 0.0000, which is below the alert threshold of 0.12, the system returned ALLOW.
The ground-truth label is legitimate, and the model also allowed it, so this is a True Negative.","Scenario: 01_normal_baseline
Probability: 0.0000
Decision: ALLOW
Action: LOG
Truth: 0
Prediction: 0
Result: True Negative

Reason:
The original transaction already contains the feature values shown to the model.
The model made its decision based on the learned fraud patterns from these values.
Because the model estimated P(fraud) = 0.0000, which is below the alert threshold of 0.12, the system returned ALLOW.
The ground-truth label is legitimate, and the model also allowed it, so this is a True Negative."
01_normal_baseline-TX-226,01_normal_baseline,0.0,ALLOW,LOG,0,0,True Negative,22.67854000092484,99495.99,69435.66,0.0,124324.0,0.0,0.12,0.3,"step = 8.0000
balance_diff_orig = 69,435.6600
error_orig = 30,060.3300
newbalanceOrig = 0.0000
type_PAYMENT = 0.0000","Scenario: 01_normal_baseline
Probability: 0.0000
Decision: ALLOW
Action: LOG
Truth: 0
Prediction: 0
Result: True Negative

Reason:
The original transaction already contains the feature values shown to the model.
The model made its decision based on the learned fraud patterns from these values.
Because the model estimated P(fraud) = 0.0000, which is below the alert threshold of 0.12, the system returned ALLOW.
The ground-truth label is legitimate, and the model also allowed it, so this is a True Negative.","Scenario: 01_normal_baseline
Probability: 0.0000
Decision: ALLOW
Action: LOG
Truth: 0
Prediction: 0
Result: True Negative

Reason:
The original transaction already contains the feature values shown to the model.
The model made its decision based on the learned fraud patterns from these values.
Because the model estimated P(fraud) = 0.0000, which is below the alert threshold of 0.12, the system returned ALLOW.
The ground-truth label is legitimate, and the model also allowed it, so this is a True Negative."
01_normal_baseline-TX-227,01_normal_baseline,0.005,ALLOW,LOG,0,0,True Negative,22.698004999256227,1830973.0,537.0,0.0,387195.29,2164952.74,0.12,0.3,"step = 8.0000
balance_diff_orig = 537.0000
error_orig = 1,830,436.0000
newbalanceOrig = 0.0000
type_PAYMENT = 0.0000","Scenario: 01_normal_baseline
Probability: 0.0050
Decision: ALLOW
Action: LOG
Truth: 0
Prediction: 0
Result: True Negative

Reason:
The transaction uses a high-risk type (TRANSFER) and also contains high-risk amount behavior.
This combination is commonly suspicious in mobile-money fraud patterns.
Because the model estimated P(fraud) = 0.0050, which is below the alert threshold of 0.12, the system returned ALLOW.
The ground-truth label is legitimate, and the model also allowed it, so this is a True Negative.","Scenario: 01_normal_baseline
Probability: 0.0050
Decision: ALLOW
Action: LOG
Truth: 0
Prediction: 0
Result: True Negative

Reason:
The transaction uses a high-risk type (TRANSFER) and also contains high-risk amount behavior.
This combination is commonly suspicious in mobile-money fraud patterns.
Because the model estimated P(fraud) = 0.0050, which is below the alert threshold of 0.12, the system returned ALLOW.
The ground-truth label is legitimate, and the model also allowed it, so this is a True Negative."
01_normal_baseline-TX-228,01_normal_baseline,0.0,ALLOW,LOG,0,0,True Negative,23.067696994985454,7094.53,0.0,0.0,0.0,0.0,0.12,0.3,"step = 2.0000
balance_diff_orig = 0.0000
error_orig = 7,094.5300
newbalanceOrig = 0.0000
type_PAYMENT = 1.0000","Scenario: 01_normal_baseline
Probability: 0.0000
Decision: ALLOW
Action: LOG
Truth: 0
Prediction: 0
Result: True Negative

Reason:
The original transaction already contains the feature values shown to the model.
The model made its decision based on the learned fraud patterns from these values.
Because the model estimated P(fraud) = 0.0000, which is below the alert threshold of 0.12, the system returned ALLOW.
The ground-truth label is legitimate, and the model also allowed it, so this is a True Negative.","Scenario: 01_normal_baseline
Probability: 0.0000
Decision: ALLOW
Action: LOG
Truth: 0
Prediction: 0
Result: True Negative

Reason:
The original transaction already contains the feature values shown to the model.
The model made its decision based on the learned fraud patterns from these values.
Because the model estimated P(fraud) = 0.0000, which is below the alert threshold of 0.12, the system returned ALLOW.
The ground-truth label is legitimate, and the model also allowed it, so this is a True Negative."
01_normal_baseline-TX-229,01_normal_baseline,0.005,ALLOW,LOG,0,0,True Negative,22.769055001845118,151069.68,0.0,0.0,751659.75,839166.91,0.12,0.3,"step = 8.0000
balance_diff_orig = 0.0000
error_orig = 151,069.6800
newbalanceOrig = 0.0000
type_PAYMENT = 0.0000","Scenario: 01_normal_baseline
Probability: 0.0050
Decision: ALLOW
Action: LOG
Truth: 0
Prediction: 0
Result: True Negative

Reason:
The original transaction already contains the feature values shown to the model.
The model made its decision based on the learned fraud patterns from these values.
Because the model estimated P(fraud) = 0.0050, which is below the alert threshold of 0.12, the system returned ALLOW.
The ground-truth label is legitimate, and the model also allowed it, so this is a True Negative.","Scenario: 01_normal_baseline
Probability: 0.0050
Decision: ALLOW
Action: LOG
Truth: 0
Prediction: 0
Result: True Negative

Reason:
The original transaction already contains the feature values shown to the model.
The model made its decision based on the learned fraud patterns from these values.
Because the model estimated P(fraud) = 0.0050, which is below the alert threshold of 0.12, the system returned ALLOW.
The ground-truth label is legitimate, and the model also allowed it, so this is a True Negative."
01_normal_baseline-TX-230,01_normal_baseline,0.575,BLOCK,BLOCK,1,1,True Positive,22.951095997996163,10539.37,10539.37,0.0,0.0,10539.37,0.12,0.3,"step = 3.0000
balance_diff_orig = 10,539.3700
error_orig = 0.0000
newbalanceOrig = 0.0000
type_PAYMENT = 0.0000","Scenario: 01_normal_baseline
Probability: 0.5750
Decision: BLOCK
Action: BLOCK
Truth: 1
Prediction: 1
Result: True Positive

Reason:
The model blocked this transaction because it matches an account-draining pattern.
The sender had 10,539 before the transaction, transferred 10,539, and was left with 0.
This means the transaction consumed the full available sender balance.
Because the model estimated P(fraud) = 0.5750, which is above the block threshold of 0.30, the system returned BLOCK.
The ground-truth label is also fraud, so this is a True Positive.","Scenario: 01_normal_baseline
Probability: 0.5750
Decision: BLOCK
Action: BLOCK
Truth: 1
Prediction: 1
Result: True Positive

Reason:
The model blocked this transaction because it matches an account-draining pattern.
The sender had 10,539 before the transaction, transferred 10,539, and was left with 0.
This means the transaction consumed the full available sender balance.
Because the model estimated P(fraud) = 0.5750, which is above the block threshold of 0.30, the system returned BLOCK.
The ground-truth label is also fraud, so this is a True Positive."
01_normal_baseline-TX-231,01_normal_baseline,0.0,ALLOW,LOG,0,0,True Negative,23.001240006124135,4067.51,23550.0,19482.49,0.0,0.0,0.12,0.3,"step = 7.0000
balance_diff_orig = 4,067.5100
error_orig = 0.0000
newbalanceOrig = 19,482.4900
type_PAYMENT = 1.0000","Scenario: 01_normal_baseline
Probability: 0.0000
Decision: ALLOW
Action: LOG
Truth: 0
Prediction: 0
Result: True Negative

Reason:
The original transaction already contains the feature values shown to the model.
The model made its decision based on the learned fraud patterns from these values.
Because the model estimated P(fraud) = 0.0000, which is below the alert threshold of 0.12, the system returned ALLOW.
The ground-truth label is legitimate, and the model also allowed it, so this is a True Negative.","Scenario: 01_normal_baseline
Probability: 0.0000
Decision: ALLOW
Action: LOG
Truth: 0
Prediction: 0
Result: True Negative

Reason:
The original transaction already contains the feature values shown to the model.
The model made its decision based on the learned fraud patterns from these values.
Because the model estimated P(fraud) = 0.0000, which is below the alert threshold of 0.12, the system returned ALLOW.
The ground-truth label is legitimate, and the model also allowed it, so this is a True Negative."
01_normal_baseline-TX-232,01_normal_baseline,0.0,ALLOW,LOG,0,0,True Negative,22.95209300064016,5114.06,5933.0,818.94,0.0,0.0,0.12,0.3,"step = 8.0000
balance_diff_orig = 5,114.0600
error_orig = 0.0000
newbalanceOrig = 818.9400
type_PAYMENT = 1.0000","Scenario: 01_normal_baseline
Probability: 0.0000
Decision: ALLOW
Action: LOG
Truth: 0
Prediction: 0
Result: True Negative

Reason:
The original transaction already contains the feature values shown to the model.
The model made its decision based on the learned fraud patterns from these values.
Because the model estimated P(fraud) = 0.0000, which is below the alert threshold of 0.12, the system returned ALLOW.
The ground-truth label is legitimate, and the model also allowed it, so this is a True Negative.","Scenario: 01_normal_baseline
Probability: 0.0000
Decision: ALLOW
Action: LOG
Truth: 0
Prediction: 0
Result: True Negative

Reason:
The original transaction already contains the feature values shown to the model.
The model made its decision based on the learned fraud patterns from these values.
Because the model estimated P(fraud) = 0.0000, which is below the alert threshold of 0.12, the system returned ALLOW.
The ground-truth label is legitimate, and the model also allowed it, so this is a True Negative."
01_normal_baseline-TX-233,01_normal_baseline,0.0,ALLOW,LOG,0,0,True Negative,22.946760997001547,7131.82,19261.0,12129.18,0.0,0.0,0.12,0.3,"step = 8.0000
balance_diff_orig = 7,131.8200
error_orig = 0.0000
newbalanceOrig = 12,129.1800
type_PAYMENT = 1.0000","Scenario: 01_normal_baseline
Probability: 0.0000
Decision: ALLOW
Action: LOG
Truth: 0
Prediction: 0
Result: True Negative

Reason:
The original transaction already contains the feature values shown to the model.
The model made its decision based on the learned fraud patterns from these values.
Because the model estimated P(fraud) = 0.0000, which is below the alert threshold of 0.12, the system returned ALLOW.
The ground-truth label is legitimate, and the model also allowed it, so this is a True Negative.","Scenario: 01_normal_baseline
Probability: 0.0000
Decision: ALLOW
Action: LOG
Truth: 0
Prediction: 0
Result: True Negative

Reason:
The original transaction already contains the feature values shown to the model.
The model made its decision based on the learned fraud patterns from these values.
Because the model estimated P(fraud) = 0.0000, which is below the alert threshold of 0.12, the system returned ALLOW.
The ground-truth label is legitimate, and the model also allowed it, so this is a True Negative."
01_normal_baseline-TX-234,01_normal_baseline,0.0,ALLOW,LOG,0,0,True Negative,22.901424999872688,5739.46,0.0,0.0,0.0,0.0,0.12,0.3,"step = 7.0000
balance_diff_orig = 0.0000
error_orig = 5,739.4600
newbalanceOrig = 0.0000
type_PAYMENT = 1.0000","Scenario: 01_normal_baseline
Probability: 0.0000
Decision: ALLOW
Action: LOG
Truth: 0
Prediction: 0
Result: True Negative

Reason:
The original transaction already contains the feature values shown to the model.
The model made its decision based on the learned fraud patterns from these values.
Because the model estimated P(fraud) = 0.0000, which is below the alert threshold of 0.12, the system returned ALLOW.
The ground-truth label is legitimate, and the model also allowed it, so this is a True Negative.","Scenario: 01_normal_baseline
Probability: 0.0000
Decision: ALLOW
Action: LOG
Truth: 0
Prediction: 0
Result: True Negative

Reason:
The original transaction already contains the feature values shown to the model.
The model made its decision based on the learned fraud patterns from these values.
Because the model estimated P(fraud) = 0.0000, which is below the alert threshold of 0.12, the system returned ALLOW.
The ground-truth label is legitimate, and the model also allowed it, so this is a True Negative."
01_normal_baseline-TX-235,01_normal_baseline,0.585,BLOCK,BLOCK,1,1,True Positive,24.58155099884607,17320.91,17320.91,0.0,6244.44,0.0,0.12,0.3,"step = 6.0000
balance_diff_orig = 17,320.9100
error_orig = 0.0000
newbalanceOrig = 0.0000
type_PAYMENT = 0.0000","Scenario: 01_normal_baseline
Probability: 0.5850
Decision: BLOCK
Action: BLOCK
Truth: 1
Prediction: 1
Result: True Positive

Reason:
The model blocked this transaction because it matches an account-draining pattern.
The sender had 17,321 before the transaction, transferred 17,321, and was left with 0.
This means the transaction consumed the full available sender balance.
Because the model estimated P(fraud) = 0.5850, which is above the block threshold of 0.30, the system returned BLOCK.
The ground-truth label is also fraud, so this is a True Positive.","Scenario: 01_normal_baseline
Probability: 0.5850
Decision: BLOCK
Action: BLOCK
Truth: 1
Prediction: 1
Result: True Positive

Reason:
The model blocked this transaction because it matches an account-draining pattern.
The sender had 17,321 before the transaction, transferred 17,321, and was left with 0.
This means the transaction consumed the full available sender balance.
Because the model estimated P(fraud) = 0.5850, which is above the block threshold of 0.30, the system returned BLOCK.
The ground-truth label is also fraud, so this is a True Positive."
01_normal_baseline-TX-236,01_normal_baseline,0.55,BLOCK,BLOCK,1,1,True Positive,23.59616899775574,262434.54,262434.54,0.0,0.0,0.0,0.12,0.3,"step = 7.0000
balance_diff_orig = 262,434.5400
error_orig = 0.0000
newbalanceOrig = 0.0000
type_PAYMENT = 0.0000","Scenario: 01_normal_baseline
Probability: 0.5500
Decision: BLOCK
Action: BLOCK
Truth: 1
Prediction: 1
Result: True Positive

Reason:
The model blocked this transaction because it matches an account-draining pattern.
The sender had 262,435 before the transaction, transferred 262,435, and was left with 0.
This means the transaction consumed the full available sender balance.
Because the model estimated P(fraud) = 0.5500, which is above the block threshold of 0.30, the system returned BLOCK.
The ground-truth label is also fraud, so this is a True Positive.","Scenario: 01_normal_baseline
Probability: 0.5500
Decision: BLOCK
Action: BLOCK
Truth: 1
Prediction: 1
Result: True Positive

Reason:
The model blocked this transaction because it matches an account-draining pattern.
The sender had 262,435 before the transaction, transferred 262,435, and was left with 0.
This means the transaction consumed the full available sender balance.
Because the model estimated P(fraud) = 0.5500, which is above the block threshold of 0.30, the system returned BLOCK.
The ground-truth label is also fraud, so this is a True Positive."
01_normal_baseline-TX-237,01_normal_baseline,0.0,ALLOW,LOG,0,0,True Negative,22.758122999221087,16795.7,61880.0,45084.3,0.0,0.0,0.12,0.3,"step = 3.0000
balance_diff_orig = 16,795.7000
error_orig = 0.0000
newbalanceOrig = 45,084.3000
type_PAYMENT = 1.0000","Scenario: 01_normal_baseline
Probability: 0.0000
Decision: ALLOW
Action: LOG
Truth: 0
Prediction: 0
Result: True Negative

Reason:
The original transaction already contains the feature values shown to the model.
The model made its decision based on the learned fraud patterns from these values.
Because the model estimated P(fraud) = 0.0000, which is below the alert threshold of 0.12, the system returned ALLOW.
The ground-truth label is legitimate, and the model also allowed it, so this is a True Negative.","Scenario: 01_normal_baseline
Probability: 0.0000
Decision: ALLOW
Action: LOG
Truth: 0
Prediction: 0
Result: True Negative

Reason:
The original transaction already contains the feature values shown to the model.
The model made its decision based on the learned fraud patterns from these values.
Because the model estimated P(fraud) = 0.0000, which is below the alert threshold of 0.12, the system returned ALLOW.
The ground-truth label is legitimate, and the model also allowed it, so this is a True Negative."
01_normal_baseline-TX-238,01_normal_baseline,0.0,ALLOW,LOG,0,0,True Negative,23.20876400335692,7932.87,42372.0,34439.13,0.0,0.0,0.12,0.3,"step = 8.0000
balance_diff_orig = 7,932.8700
error_orig = 0.0000
newbalanceOrig = 34,439.1300
type_PAYMENT = 1.0000","Scenario: 01_normal_baseline
Probability: 0.0000
Decision: ALLOW
Action: LOG
Truth: 0
Prediction: 0
Result: True Negative

Reason:
The original transaction already contains the feature values shown to the model.
The model made its decision based on the learned fraud patterns from these values.
Because the model estimated P(fraud) = 0.0000, which is below the alert threshold of 0.12, the system returned ALLOW.
The ground-truth label is legitimate, and the model also allowed it, so this is a True Negative.","Scenario: 01_normal_baseline
Probability: 0.0000
Decision: ALLOW
Action: LOG
Truth: 0
Prediction: 0
Result: True Negative

Reason:
The original transaction already contains the feature values shown to the model.
The model made its decision based on the learned fraud patterns from these values.
Because the model estimated P(fraud) = 0.0000, which is below the alert threshold of 0.12, the system returned ALLOW.
The ground-truth label is legitimate, and the model also allowed it, so this is a True Negative."
01_normal_baseline-TX-239,01_normal_baseline,0.0,ALLOW,LOG,0,0,True Negative,23.350556002696976,14118.32,1176.89,0.0,0.0,0.0,0.12,0.3,"step = 8.0000
balance_diff_orig = 1,176.8900
error_orig = 12,941.4300
newbalanceOrig = 0.0000
type_PAYMENT = 1.0000","Scenario: 01_normal_baseline
Probability: 0.0000
Decision: ALLOW
Action: LOG
Truth: 0
Prediction: 0
Result: True Negative

Reason:
The original transaction already contains the feature values shown to the model.
The model made its decision based on the learned fraud patterns from these values.
Because the model estimated P(fraud) = 0.0000, which is below the alert threshold of 0.12, the system returned ALLOW.
The ground-truth label is legitimate, and the model also allowed it, so this is a True Negative.","Scenario: 01_normal_baseline
Probability: 0.0000
Decision: ALLOW
Action: LOG
Truth: 0
Prediction: 0
Result: True Negative

Reason:
The original transaction already contains the feature values shown to the model.
The model made its decision based on the learned fraud patterns from these values.
Because the model estimated P(fraud) = 0.0000, which is below the alert threshold of 0.12, the system returned ALLOW.
The ground-truth label is legitimate, and the model also allowed it, so this is a True Negative."
01_normal_baseline-TX-240,01_normal_baseline,0.0,ALLOW,LOG,0,0,True Negative,22.70655099709984,3644.85,24111.0,20466.15,0.0,0.0,0.12,0.3,"step = 1.0000
balance_diff_orig = 3,644.8500
error_orig = 0.0000
newbalanceOrig = 20,466.1500
type_PAYMENT = 1.0000","Scenario: 01_normal_baseline
Probability: 0.0000
Decision: ALLOW
Action: LOG
Truth: 0
Prediction: 0
Result: True Negative

Reason:
The original transaction already contains the feature values shown to the model.
The model made its decision based on the learned fraud patterns from these values.
Because the model estimated P(fraud) = 0.0000, which is below the alert threshold of 0.12, the system returned ALLOW.
The ground-truth label is legitimate, and the model also allowed it, so this is a True Negative.","Scenario: 01_normal_baseline
Probability: 0.0000
Decision: ALLOW
Action: LOG
Truth: 0
Prediction: 0
Result: True Negative

Reason:
The original transaction already contains the feature values shown to the model.
The model made its decision based on the learned fraud patterns from these values.
Because the model estimated P(fraud) = 0.0000, which is below the alert threshold of 0.12, the system returned ALLOW.
The ground-truth label is legitimate, and the model also allowed it, so this is a True Negative."
01_normal_baseline-TX-241,01_normal_baseline,0.01,ALLOW,LOG,0,0,True Negative,22.79729700239841,158372.8,50974.0,0.0,41371.0,0.0,0.12,0.3,"step = 8.0000
balance_diff_orig = 50,974.0000
error_orig = 107,398.8000
newbalanceOrig = 0.0000
type_PAYMENT = 0.0000","Scenario: 01_normal_baseline
Probability: 0.0100
Decision: ALLOW
Action: LOG
Truth: 0
Prediction: 0
Result: True Negative

Reason:
The original transaction already contains the feature values shown to the model.
The model made its decision based on the learned fraud patterns from these values.
Because the model estimated P(fraud) = 0.0100, which is below the alert threshold of 0.12, the system returned ALLOW.
The ground-truth label is legitimate, and the model also allowed it, so this is a True Negative.","Scenario: 01_normal_baseline
Probability: 0.0100
Decision: ALLOW
Action: LOG
Truth: 0
Prediction: 0
Result: True Negative

Reason:
The original transaction already contains the feature values shown to the model.
The model made its decision based on the learned fraud patterns from these values.
Because the model estimated P(fraud) = 0.0100, which is below the alert threshold of 0.12, the system returned ALLOW.
The ground-truth label is legitimate, and the model also allowed it, so this is a True Negative."
01_normal_baseline-TX-242,01_normal_baseline,0.0,ALLOW,LOG,0,0,True Negative,22.987028998613823,4314.27,2176.0,0.0,0.0,0.0,0.12,0.3,"step = 7.0000
balance_diff_orig = 2,176.0000
error_orig = 2,138.2700
newbalanceOrig = 0.0000
type_PAYMENT = 1.0000","Scenario: 01_normal_baseline
Probability: 0.0000
Decision: ALLOW
Action: LOG
Truth: 0
Prediction: 0
Result: True Negative

Reason:
The original transaction already contains the feature values shown to the model.
The model made its decision based on the learned fraud patterns from these values.
Because the model estimated P(fraud) = 0.0000, which is below the alert threshold of 0.12, the system returned ALLOW.
The ground-truth label is legitimate, and the model also allowed it, so this is a True Negative.","Scenario: 01_normal_baseline
Probability: 0.0000
Decision: ALLOW
Action: LOG
Truth: 0
Prediction: 0
Result: True Negative

Reason:
The original transaction already contains the feature values shown to the model.
The model made its decision based on the learned fraud patterns from these values.
Because the model estimated P(fraud) = 0.0000, which is below the alert threshold of 0.12, the system returned ALLOW.
The ground-truth label is legitimate, and the model also allowed it, so this is a True Negative."
01_normal_baseline-TX-243,01_normal_baseline,0.705,BLOCK,BLOCK,1,1,True Positive,22.85171399853425,2806.0,2806.0,0.0,26202.0,0.0,0.12,0.3,"step = 1.0000
balance_diff_orig = 2,806.0000
error_orig = 0.0000
newbalanceOrig = 0.0000
type_PAYMENT = 0.0000","Scenario: 01_normal_baseline
Probability: 0.7050
Decision: BLOCK
Action: BLOCK
Truth: 1
Prediction: 1
Result: True Positive

Reason:
The model blocked this transaction because it matches an account-draining pattern.
The sender had 2,806 before the transaction, transferred 2,806, and was left with 0.
This means the transaction consumed the full available sender balance.
Because the model estimated P(fraud) = 0.7050, which is above the block threshold of 0.30, the system returned BLOCK.
The ground-truth label is also fraud, so this is a True Positive.","Scenario: 01_normal_baseline
Probability: 0.7050
Decision: BLOCK
Action: BLOCK
Truth: 1
Prediction: 1
Result: True Positive

Reason:
The model blocked this transaction because it matches an account-draining pattern.
The sender had 2,806 before the transaction, transferred 2,806, and was left with 0.
This means the transaction consumed the full available sender balance.
Because the model estimated P(fraud) = 0.7050, which is above the block threshold of 0.30, the system returned BLOCK.
The ground-truth label is also fraud, so this is a True Positive."
01_normal_baseline-TX-244,01_normal_baseline,0.0,ALLOW,LOG,0,0,True Negative,23.06423599657137,1853.22,28228.0,26374.78,0.0,0.0,0.12,0.3,"step = 7.0000
balance_diff_orig = 1,853.2200
error_orig = 0.0000
newbalanceOrig = 26,374.7800
type_PAYMENT = 1.0000","Scenario: 01_normal_baseline
Probability: 0.0000
Decision: ALLOW
Action: LOG
Truth: 0
Prediction: 0
Result: True Negative

Reason:
The original transaction already contains the feature values shown to the model.
The model made its decision based on the learned fraud patterns from these values.
Because the model estimated P(fraud) = 0.0000, which is below the alert threshold of 0.12, the system returned ALLOW.
The ground-truth label is legitimate, and the model also allowed it, so this is a True Negative.","Scenario: 01_normal_baseline
Probability: 0.0000
Decision: ALLOW
Action: LOG
Truth: 0
Prediction: 0
Result: True Negative

Reason:
The original transaction already contains the feature values shown to the model.
The model made its decision based on the learned fraud patterns from these values.
Because the model estimated P(fraud) = 0.0000, which is below the alert threshold of 0.12, the system returned ALLOW.
The ground-truth label is legitimate, and the model also allowed it, so this is a True Negative."
01_normal_baseline-TX-245,01_normal_baseline,0.0,ALLOW,LOG,0,0,True Negative,22.759455001505557,6403.08,21309.0,14905.92,0.0,0.0,0.12,0.3,"step = 7.0000
balance_diff_orig = 6,403.0800
error_orig = 0.0000
newbalanceOrig = 14,905.9200
type_PAYMENT = 1.0000","Scenario: 01_normal_baseline
Probability: 0.0000
Decision: ALLOW
Action: LOG
Truth: 0
Prediction: 0
Result: True Negative

Reason:
The original transaction already contains the feature values shown to the model.
The model made its decision based on the learned fraud patterns from these values.
Because the model estimated P(fraud) = 0.0000, which is below the alert threshold of 0.12, the system returned ALLOW.
The ground-truth label is legitimate, and the model also allowed it, so this is a True Negative.","Scenario: 01_normal_baseline
Probability: 0.0000
Decision: ALLOW
Action: LOG
Truth: 0
Prediction: 0
Result: True Negative

Reason:
The original transaction already contains the feature values shown to the model.
The model made its decision based on the learned fraud patterns from these values.
Because the model estimated P(fraud) = 0.0000, which is below the alert threshold of 0.12, the system returned ALLOW.
The ground-truth label is legitimate, and the model also allowed it, so this is a True Negative."
01_normal_baseline-TX-246,01_normal_baseline,0.0,ALLOW,LOG,0,0,True Negative,23.339946994383354,2593.74,43412.41,40818.67,0.0,0.0,0.12,0.3,"step = 5.0000
balance_diff_orig = 2,593.7400
error_orig = 0.0000
newbalanceOrig = 40,818.6700
type_PAYMENT = 1.0000","Scenario: 01_normal_baseline
Probability: 0.0000
Decision: ALLOW
Action: LOG
Truth: 0
Prediction: 0
Result: True Negative

Reason:
The original transaction already contains the feature values shown to the model.
The model made its decision based on the learned fraud patterns from these values.
Because the model estimated P(fraud) = 0.0000, which is below the alert threshold of 0.12, the system returned ALLOW.
The ground-truth label is legitimate, and the model also allowed it, so this is a True Negative.","Scenario: 01_normal_baseline
Probability: 0.0000
Decision: ALLOW
Action: LOG
Truth: 0
Prediction: 0
Result: True Negative

Reason:
The original transaction already contains the feature values shown to the model.
The model made its decision based on the learned fraud patterns from these values.
Because the model estimated P(fraud) = 0.0000, which is below the alert threshold of 0.12, the system returned ALLOW.
The ground-truth label is legitimate, and the model also allowed it, so this is a True Negative."
01_normal_baseline-TX-247,01_normal_baseline,0.06,ALLOW,LOG,0,0,True Negative,23.477993003325537,622463.62,2618049.03,3240512.65,7735732.05,8663416.6,0.12,0.3,"step = 8.0000
balance_diff_orig = -622,463.6200
error_orig = 1,244,927.2400
newbalanceOrig = 3,240,512.6500
type_PAYMENT = 0.0000","Scenario: 01_normal_baseline
Probability: 0.0600
Decision: ALLOW
Action: LOG
Truth: 0
Prediction: 0
Result: True Negative

Reason:
The original transaction already contains the feature values shown to the model.
The model made its decision based on the learned fraud patterns from these values.
Because the model estimated P(fraud) = 0.0600, which is below the alert threshold of 0.12, the system returned ALLOW.
The ground-truth label is legitimate, and the model also allowed it, so this is a True Negative.","Scenario: 01_normal_baseline
Probability: 0.0600
Decision: ALLOW
Action: LOG
Truth: 0
Prediction: 0
Result: True Negative

Reason:
The original transaction already contains the feature values shown to the model.
The model made its decision based on the learned fraud patterns from these values.
Because the model estimated P(fraud) = 0.0600, which is below the alert threshold of 0.12, the system returned ALLOW.
The ground-truth label is legitimate, and the model also allowed it, so this is a True Negative."
01_normal_baseline-TX-248,01_normal_baseline,0.005,ALLOW,LOG,0,0,True Negative,23.083216001396067,359841.34,0.0,0.0,399758.82,147988.14,0.12,0.3,"step = 8.0000
balance_diff_orig = 0.0000
error_orig = 359,841.3400
newbalanceOrig = 0.0000
type_PAYMENT = 0.0000","Scenario: 01_normal_baseline
Probability: 0.0050
Decision: ALLOW
Action: LOG
Truth: 0
Prediction: 0
Result: True Negative

Reason:
The original transaction already contains the feature values shown to the model.
The model made its decision based on the learned fraud patterns from these values.
Because the model estimated P(fraud) = 0.0050, which is below the alert threshold of 0.12, the system returned ALLOW.
The ground-truth label is legitimate, and the model also allowed it, so this is a True Negative.","Scenario: 01_normal_baseline
Probability: 0.0050
Decision: ALLOW
Action: LOG
Truth: 0
Prediction: 0
Result: True Negative

Reason:
The original transaction already contains the feature values shown to the model.
The model made its decision based on the learned fraud patterns from these values.
Because the model estimated P(fraud) = 0.0050, which is below the alert threshold of 0.12, the system returned ALLOW.
The ground-truth label is legitimate, and the model also allowed it, so this is a True Negative."
01_normal_baseline-TX-249,01_normal_baseline,0.61,BLOCK,BLOCK,1,1,True Positive,23.657564997847658,18627.02,18627.02,0.0,0.0,0.0,0.12,0.3,"step = 2.0000
balance_diff_orig = 18,627.0200
error_orig = 0.0000
newbalanceOrig = 0.0000
type_PAYMENT = 0.0000","Scenario: 01_normal_baseline
Probability: 0.6100
Decision: BLOCK
Action: BLOCK
Truth: 1
Prediction: 1
Result: True Positive

Reason:
The model blocked this transaction because it matches an account-draining pattern.
The sender had 18,627 before the transaction, transferred 18,627, and was left with 0.
This means the transaction consumed the full available sender balance.
Because the model estimated P(fraud) = 0.6100, which is above the block threshold of 0.30, the system returned BLOCK.
The ground-truth label is also fraud, so this is a True Positive.","Scenario: 01_normal_baseline
Probability: 0.6100
Decision: BLOCK
Action: BLOCK
Truth: 1
Prediction: 1
Result: True Positive

Reason:
The model blocked this transaction because it matches an account-draining pattern.
The sender had 18,627 before the transaction, transferred 18,627, and was left with 0.
This means the transaction consumed the full available sender balance.
Because the model estimated P(fraud) = 0.6100, which is above the block threshold of 0.30, the system returned BLOCK.
The ground-truth label is also fraud, so this is a True Positive."
01_normal_baseline-TX-250,01_normal_baseline,0.0,ALLOW,LOG,0,0,True Negative,22.849670000141487,63830.49,0.0,0.0,412307.54,55974.56,0.12,0.3,"step = 1.0000
balance_diff_orig = 0.0000
error_orig = 63,830.4900
newbalanceOrig = 0.0000
type_PAYMENT = 0.0000","Scenario: 01_normal_baseline
Probability: 0.0000
Decision: ALLOW
Action: LOG
Truth: 0
Prediction: 0
Result: True Negative

Reason:
The original transaction already contains the feature values shown to the model.
The model made its decision based on the learned fraud patterns from these values.
Because the model estimated P(fraud) = 0.0000, which is below the alert threshold of 0.12, the system returned ALLOW.
The ground-truth label is legitimate, and the model also allowed it, so this is a True Negative.","Scenario: 01_normal_baseline
Probability: 0.0000
Decision: ALLOW
Action: LOG
Truth: 0
Prediction: 0
Result: True Negative

Reason:
The original transaction already contains the feature values shown to the model.
The model made its decision based on the learned fraud patterns from these values.
Because the model estimated P(fraud) = 0.0000, which is below the alert threshold of 0.12, the system returned ALLOW.
The ground-truth label is legitimate, and the model also allowed it, so this is a True Negative."
01_normal_baseline-TX-251,01_normal_baseline,0.0,ALLOW,LOG,0,0,True Negative,22.71180499519687,3417.26,150286.0,146868.74,0.0,0.0,0.12,0.3,"step = 8.0000
balance_diff_orig = 3,417.2600
error_orig = 0.0000
newbalanceOrig = 146,868.7400
type_PAYMENT = 1.0000","Scenario: 01_normal_baseline
Probability: 0.0000
Decision: ALLOW
Action: LOG
Truth: 0
Prediction: 0
Result: True Negative

Reason:
The original transaction already contains the feature values shown to the model.
The model made its decision based on the learned fraud patterns from these values.
Because the model estimated P(fraud) = 0.0000, which is below the alert threshold of 0.12, the system returned ALLOW.
The ground-truth label is legitimate, and the model also allowed it, so this is a True Negative.","Scenario: 01_normal_baseline
Probability: 0.0000
Decision: ALLOW
Action: LOG
Truth: 0
Prediction: 0
Result: True Negative

Reason:
The original transaction already contains the feature values shown to the model.
The model made its decision based on the learned fraud patterns from these values.
Because the model estimated P(fraud) = 0.0000, which is below the alert threshold of 0.12, the system returned ALLOW.
The ground-truth label is legitimate, and the model also allowed it, so this is a True Negative."
01_normal_baseline-TX-252,01_normal_baseline,0.005,ALLOW,LOG,0,0,True Negative,22.60322499932954,117762.75,87495.57,0.0,467670.57,266931.55,0.12,0.3,"step = 7.0000
balance_diff_orig = 87,495.5700
error_orig = 30,267.1800
newbalanceOrig = 0.0000
type_PAYMENT = 0.0000","Scenario: 01_normal_baseline
Probability: 0.0050
Decision: ALLOW
Action: LOG
Truth: 0
Prediction: 0
Result: True Negative

Reason:
The original transaction already contains the feature values shown to the model.
The model made its decision based on the learned fraud patterns from these values.
Because the model estimated P(fraud) = 0.0050, which is below the alert threshold of 0.12, the system returned ALLOW.
The ground-truth label is legitimate, and the model also allowed it, so this is a True Negative.","Scenario: 01_normal_baseline
Probability: 0.0050
Decision: ALLOW
Action: LOG
Truth: 0
Prediction: 0
Result: True Negative

Reason:
The original transaction already contains the feature values shown to the model.
The model made its decision based on the learned fraud patterns from these values.
Because the model estimated P(fraud) = 0.0050, which is below the alert threshold of 0.12, the system returned ALLOW.
The ground-truth label is legitimate, and the model also allowed it, so this is a True Negative."
01_normal_baseline-TX-253,01_normal_baseline,0.725,BLOCK,BLOCK,1,1,True Positive,23.18720800394658,181.0,181.0,0.0,0.0,0.0,0.12,0.3,"step = 1.0000
balance_diff_orig = 181.0000
error_orig = 0.0000
newbalanceOrig = 0.0000
type_PAYMENT = 0.0000","Scenario: 01_normal_baseline
Probability: 0.7250
Decision: BLOCK
Action: BLOCK
Truth: 1
Prediction: 1
Result: True Positive

Reason:
The model blocked this transaction because it matches an account-draining pattern.
The sender had 181 before the transaction, transferred 181, and was left with 0.
This means the transaction consumed the full available sender balance.
Because the model estimated P(fraud) = 0.7250, which is above the block threshold of 0.30, the system returned BLOCK.
The ground-truth label is also fraud, so this is a True Positive.","Scenario: 01_normal_baseline
Probability: 0.7250
Decision: BLOCK
Action: BLOCK
Truth: 1
Prediction: 1
Result: True Positive

Reason:
The model blocked this transaction because it matches an account-draining pattern.
The sender had 181 before the transaction, transferred 181, and was left with 0.
This means the transaction consumed the full available sender balance.
Because the model estimated P(fraud) = 0.7250, which is above the block threshold of 0.30, the system returned BLOCK.
The ground-truth label is also fraud, so this is a True Positive."
01_normal_baseline-TX-254,01_normal_baseline,0.01,ALLOW,LOG,0,0,True Negative,23.44713400088949,7108.61,21319.53,14210.92,34704.23,13707.11,0.12,0.3,"step = 3.0000
balance_diff_orig = 7,108.6100
error_orig = 0.0000
newbalanceOrig = 14,210.9200
type_PAYMENT = 0.0000","Scenario: 01_normal_baseline
Probability: 0.0100
Decision: ALLOW
Action: LOG
Truth: 0
Prediction: 0
Result: True Negative

Reason:
The original transaction already contains the feature values shown to the model.
The model made its decision based on the learned fraud patterns from these values.
Because the model estimated P(fraud) = 0.0100, which is below the alert threshold of 0.12, the system returned ALLOW.
The ground-truth label is legitimate, and the model also allowed it, so this is a True Negative.","Scenario: 01_normal_baseline
Probability: 0.0100
Decision: ALLOW
Action: LOG
Truth: 0
Prediction: 0
Result: True Negative

Reason:
The original transaction already contains the feature values shown to the model.
The model made its decision based on the learned fraud patterns from these values.
Because the model estimated P(fraud) = 0.0100, which is below the alert threshold of 0.12, the system returned ALLOW.
The ground-truth label is legitimate, and the model also allowed it, so this is a True Negative."
01_normal_baseline-TX-255,01_normal_baseline,0.01,ALLOW,LOG,0,0,True Negative,23.256290005519986,162252.11,1309487.41,1147235.3,17882664.78,18123750.85,0.12,0.3,"step = 8.0000
balance_diff_orig = 162,252.1100
error_orig = 0.0000
newbalanceOrig = 1,147,235.3000
type_PAYMENT = 0.0000","Scenario: 01_normal_baseline
Probability: 0.0100
Decision: ALLOW
Action: LOG
Truth: 0
Prediction: 0
Result: True Negative

Reason:
The original transaction already contains the feature values shown to the model.
The model made its decision based on the learned fraud patterns from these values.
Because the model estimated P(fraud) = 0.0100, which is below the alert threshold of 0.12, the system returned ALLOW.
The ground-truth label is legitimate, and the model also allowed it, so this is a True Negative.","Scenario: 01_normal_baseline
Probability: 0.0100
Decision: ALLOW
Action: LOG
Truth: 0
Prediction: 0
Result: True Negative

Reason:
The original transaction already contains the feature values shown to the model.
The model made its decision based on the learned fraud patterns from these values.
Because the model estimated P(fraud) = 0.0100, which is below the alert threshold of 0.12, the system returned ALLOW.
The ground-truth label is legitimate, and the model also allowed it, so this is a True Negative."
01_normal_baseline-TX-256,01_normal_baseline,0.605,BLOCK,BLOCK,1,1,True Positive,22.98965200316161,86070.17,86070.17,0.0,0.0,0.0,0.12,0.3,"step = 4.0000
balance_diff_orig = 86,070.1700
error_orig = 0.0000
newbalanceOrig = 0.0000
type_PAYMENT = 0.0000","Scenario: 01_normal_baseline
Probability: 0.6050
Decision: BLOCK
Action: BLOCK
Truth: 1
Prediction: 1
Result: True Positive

Reason:
The model blocked this transaction because it matches an account-draining pattern.
The sender had 86,070 before the transaction, transferred 86,070, and was left with 0.
This means the transaction consumed the full available sender balance.
Because the model estimated P(fraud) = 0.6050, which is above the block threshold of 0.30, the system returned BLOCK.
The ground-truth label is also fraud, so this is a True Positive.","Scenario: 01_normal_baseline
Probability: 0.6050
Decision: BLOCK
Action: BLOCK
Truth: 1
Prediction: 1
Result: True Positive

Reason:
The model blocked this transaction because it matches an account-draining pattern.
The sender had 86,070 before the transaction, transferred 86,070, and was left with 0.
This means the transaction consumed the full available sender balance.
Because the model estimated P(fraud) = 0.6050, which is above the block threshold of 0.30, the system returned BLOCK.
The ground-truth label is also fraud, so this is a True Positive."
01_normal_baseline-TX-257,01_normal_baseline,0.005,ALLOW,LOG,0,0,True Negative,23.360302002402022,131927.88,5613451.88,5745379.77,1061002.63,1230912.07,0.12,0.3,"step = 8.0000
balance_diff_orig = -131,927.8900
error_orig = 263,855.7700
newbalanceOrig = 5,745,379.7700
type_PAYMENT = 0.0000","Scenario: 01_normal_baseline
Probability: 0.0050
Decision: ALLOW
Action: LOG
Truth: 0
Prediction: 0
Result: True Negative

Reason:
The original transaction already contains the feature values shown to the model.
The model made its decision based on the learned fraud patterns from these values.
Because the model estimated P(fraud) = 0.0050, which is below the alert threshold of 0.12, the system returned ALLOW.
The ground-truth label is legitimate, and the model also allowed it, so this is a True Negative.","Scenario: 01_normal_baseline
Probability: 0.0050
Decision: ALLOW
Action: LOG
Truth: 0
Prediction: 0
Result: True Negative

Reason:
The original transaction already contains the feature values shown to the model.
The model made its decision based on the learned fraud patterns from these values.
Because the model estimated P(fraud) = 0.0050, which is below the alert threshold of 0.12, the system returned ALLOW.
The ground-truth label is legitimate, and the model also allowed it, so this is a True Negative."
01_normal_baseline-TX-258,01_normal_baseline,0.005,ALLOW,LOG,0,0,True Negative,22.984123999776784,221672.9,794086.49,572413.6,987293.88,899588.81,0.12,0.3,"step = 8.0000
balance_diff_orig = 221,672.8900
error_orig = 0.0100
newbalanceOrig = 572,413.6000
type_PAYMENT = 0.0000","Scenario: 01_normal_baseline
Probability: 0.0050
Decision: ALLOW
Action: LOG
Truth: 0
Prediction: 0
Result: True Negative

Reason:
The original transaction already contains the feature values shown to the model.
The model made its decision based on the learned fraud patterns from these values.
Because the model estimated P(fraud) = 0.0050, which is below the alert threshold of 0.12, the system returned ALLOW.
The ground-truth label is legitimate, and the model also allowed it, so this is a True Negative.","Scenario: 01_normal_baseline
Probability: 0.0050
Decision: ALLOW
Action: LOG
Truth: 0
Prediction: 0
Result: True Negative

Reason:
The original transaction already contains the feature values shown to the model.
The model made its decision based on the learned fraud patterns from these values.
Because the model estimated P(fraud) = 0.0050, which is below the alert threshold of 0.12, the system returned ALLOW.
The ground-truth label is legitimate, and the model also allowed it, so this is a True Negative."
01_normal_baseline-TX-259,01_normal_baseline,0.57,BLOCK,BLOCK,1,1,True Positive,23.79754599678563,1277212.77,1277212.77,0.0,0.0,0.0,0.12,0.3,"step = 1.0000
balance_diff_orig = 1,277,212.7700
error_orig = 0.0000
newbalanceOrig = 0.0000
type_PAYMENT = 0.0000","Scenario: 01_normal_baseline
Probability: 0.5700
Decision: BLOCK
Action: BLOCK
Truth: 1
Prediction: 1
Result: True Positive

Reason:
The model blocked this transaction because it matches an account-draining pattern.
The sender had 1,277,213 before the transaction, transferred 1,277,213, and was left with 0.
This means the transaction consumed the full available sender balance.
Because the model estimated P(fraud) = 0.5700, which is above the block threshold of 0.30, the system returned BLOCK.
The ground-truth label is also fraud, so this is a True Positive.","Scenario: 01_normal_baseline
Probability: 0.5700
Decision: BLOCK
Action: BLOCK
Truth: 1
Prediction: 1
Result: True Positive

Reason:
The model blocked this transaction because it matches an account-draining pattern.
The sender had 1,277,213 before the transaction, transferred 1,277,213, and was left with 0.
This means the transaction consumed the full available sender balance.
Because the model estimated P(fraud) = 0.5700, which is above the block threshold of 0.30, the system returned BLOCK.
The ground-truth label is also fraud, so this is a True Positive."
01_normal_baseline-TX-260,01_normal_baseline,0.05,ALLOW,LOG,0,0,True Negative,23.37420899857534,311699.07,9498297.92,9809996.99,3248443.3,8398562.84,0.12,0.3,"step = 7.0000
balance_diff_orig = -311,699.0700
error_orig = 623,398.1400
newbalanceOrig = 9,809,996.9900
type_PAYMENT = 0.0000","Scenario: 01_normal_baseline
Probability: 0.0500
Decision: ALLOW
Action: LOG
Truth: 0
Prediction: 0
Result: True Negative

Reason:
The original transaction already contains the feature values shown to the model.
The model made its decision based on the learned fraud patterns from these values.
Because the model estimated P(fraud) = 0.0500, which is below the alert threshold of 0.12, the system returned ALLOW.
The ground-truth label is legitimate, and the model also allowed it, so this is a True Negative.","Scenario: 01_normal_baseline
Probability: 0.0500
Decision: ALLOW
Action: LOG
Truth: 0
Prediction: 0
Result: True Negative

Reason:
The original transaction already contains the feature values shown to the model.
The model made its decision based on the learned fraud patterns from these values.
Because the model estimated P(fraud) = 0.0500, which is below the alert threshold of 0.12, the system returned ALLOW.
The ground-truth label is legitimate, and the model also allowed it, so this is a True Negative."
01_normal_baseline-TX-261,01_normal_baseline,0.02,ALLOW,LOG,0,0,True Negative,23.210072999063414,105860.8,11318.0,117178.8,0.0,0.0,0.12,0.3,"step = 7.0000
balance_diff_orig = -105,860.8000
error_orig = 211,721.6000
newbalanceOrig = 117,178.8000
type_PAYMENT = 0.0000","Scenario: 01_normal_baseline
Probability: 0.0200
Decision: ALLOW
Action: LOG
Truth: 0
Prediction: 0
Result: True Negative

Reason:
The original transaction already contains the feature values shown to the model.
The model made its decision based on the learned fraud patterns from these values.
Because the model estimated P(fraud) = 0.0200, which is below the alert threshold of 0.12, the system returned ALLOW.
The ground-truth label is legitimate, and the model also allowed it, so this is a True Negative.","Scenario: 01_normal_baseline
Probability: 0.0200
Decision: ALLOW
Action: LOG
Truth: 0
Prediction: 0
Result: True Negative

Reason:
The original transaction already contains the feature values shown to the model.
The model made its decision based on the learned fraud patterns from these values.
Because the model estimated P(fraud) = 0.0200, which is below the alert threshold of 0.12, the system returned ALLOW.
The ground-truth label is legitimate, and the model also allowed it, so this is a True Negative."
01_normal_baseline-TX-262,01_normal_baseline,0.0,ALLOW,LOG,0,0,True Negative,22.534398995048832,1659.42,38287.77,36628.35,0.0,0.0,0.12,0.3,"step = 8.0000
balance_diff_orig = 1,659.4200
error_orig = 0.0000
newbalanceOrig = 36,628.3500
type_PAYMENT = 1.0000","Scenario: 01_normal_baseline
Probability: 0.0000
Decision: ALLOW
Action: LOG
Truth: 0
Prediction: 0
Result: True Negative

Reason:
The original transaction already contains the feature values shown to the model.
The model made its decision based on the learned fraud patterns from these values.
Because the model estimated P(fraud) = 0.0000, which is below the alert threshold of 0.12, the system returned ALLOW.
The ground-truth label is legitimate, and the model also allowed it, so this is a True Negative.","Scenario: 01_normal_baseline
Probability: 0.0000
Decision: ALLOW
Action: LOG
Truth: 0
Prediction: 0
Result: True Negative

Reason:
The original transaction already contains the feature values shown to the model.
The model made its decision based on the learned fraud patterns from these values.
Because the model estimated P(fraud) = 0.0000, which is below the alert threshold of 0.12, the system returned ALLOW.
The ground-truth label is legitimate, and the model also allowed it, so this is a True Negative."
01_normal_baseline-TX-263,01_normal_baseline,0.735,BLOCK,BLOCK,1,1,True Positive,24.125179996190127,1996.17,1996.17,0.0,0.0,0.0,0.12,0.3,"step = 8.0000
balance_diff_orig = 1,996.1700
error_orig = 0.0000
newbalanceOrig = 0.0000
type_PAYMENT = 0.0000","Scenario: 01_normal_baseline
Probability: 0.7350
Decision: BLOCK
Action: BLOCK
Truth: 1
Prediction: 1
Result: True Positive

Reason:
The model blocked this transaction because it matches an account-draining pattern.
The sender had 1,996 before the transaction, transferred 1,996, and was left with 0.
This means the transaction consumed the full available sender balance.
Because the model estimated P(fraud) = 0.7350, which is above the block threshold of 0.30, the system returned BLOCK.
The ground-truth label is also fraud, so this is a True Positive.","Scenario: 01_normal_baseline
Probability: 0.7350
Decision: BLOCK
Action: BLOCK
Truth: 1
Prediction: 1
Result: True Positive

Reason:
The model blocked this transaction because it matches an account-draining pattern.
The sender had 1,996 before the transaction, transferred 1,996, and was left with 0.
This means the transaction consumed the full available sender balance.
Because the model estimated P(fraud) = 0.7350, which is above the block threshold of 0.30, the system returned BLOCK.
The ground-truth label is also fraud, so this is a True Positive."
01_normal_baseline-TX-264,01_normal_baseline,0.0,ALLOW,LOG,0,0,True Negative,23.03476499946555,13870.79,99718.0,85847.21,0.0,0.0,0.12,0.3,"step = 7.0000
balance_diff_orig = 13,870.7900
error_orig = 0.0000
newbalanceOrig = 85,847.2100
type_PAYMENT = 1.0000","Scenario: 01_normal_baseline
Probability: 0.0000
Decision: ALLOW
Action: LOG
Truth: 0
Prediction: 0
Result: True Negative

Reason:
The original transaction already contains the feature values shown to the model.
The model made its decision based on the learned fraud patterns from these values.
Because the model estimated P(fraud) = 0.0000, which is below the alert threshold of 0.12, the system returned ALLOW.
The ground-truth label is legitimate, and the model also allowed it, so this is a True Negative.","Scenario: 01_normal_baseline
Probability: 0.0000
Decision: ALLOW
Action: LOG
Truth: 0
Prediction: 0
Result: True Negative

Reason:
The original transaction already contains the feature values shown to the model.
The model made its decision based on the learned fraud patterns from these values.
Because the model estimated P(fraud) = 0.0000, which is below the alert threshold of 0.12, the system returned ALLOW.
The ground-truth label is legitimate, and the model also allowed it, so this is a True Negative."
01_normal_baseline-TX-265,01_normal_baseline,0.0,ALLOW,LOG,0,0,True Negative,23.01621800143039,3577.63,0.0,0.0,0.0,0.0,0.12,0.3,"step = 8.0000
balance_diff_orig = 0.0000
error_orig = 3,577.6300
newbalanceOrig = 0.0000
type_PAYMENT = 1.0000","Scenario: 01_normal_baseline
Probability: 0.0000
Decision: ALLOW
Action: LOG
Truth: 0
Prediction: 0
Result: True Negative

Reason:
The original transaction already contains the feature values shown to the model.
The model made its decision based on the learned fraud patterns from these values.
Because the model estimated P(fraud) = 0.0000, which is below the alert threshold of 0.12, the system returned ALLOW.
The ground-truth label is legitimate, and the model also allowed it, so this is a True Negative.","Scenario: 01_normal_baseline
Probability: 0.0000
Decision: ALLOW
Action: LOG
Truth: 0
Prediction: 0
Result: True Negative

Reason:
The original transaction already contains the feature values shown to the model.
The model made its decision based on the learned fraud patterns from these values.
Because the model estimated P(fraud) = 0.0000, which is below the alert threshold of 0.12, the system returned ALLOW.
The ground-truth label is legitimate, and the model also allowed it, so this is a True Negative."
01_normal_baseline-TX-266,01_normal_baseline,0.0,ALLOW,LOG,0,0,True Negative,22.56297500571236,19325.38,30369.0,11043.62,0.0,0.0,0.12,0.3,"step = 8.0000
balance_diff_orig = 19,325.3800
error_orig = 0.0000
newbalanceOrig = 11,043.6200
type_PAYMENT = 1.0000","Scenario: 01_normal_baseline
Probability: 0.0000
Decision: ALLOW
Action: LOG
Truth: 0
Prediction: 0
Result: True Negative

Reason:
The original transaction already contains the feature values shown to the model.
The model made its decision based on the learned fraud patterns from these values.
Because the model estimated P(fraud) = 0.0000, which is below the alert threshold of 0.12, the system returned ALLOW.
The ground-truth label is legitimate, and the model also allowed it, so this is a True Negative.","Scenario: 01_normal_baseline
Probability: 0.0000
Decision: ALLOW
Action: LOG
Truth: 0
Prediction: 0
Result: True Negative

Reason:
The original transaction already contains the feature values shown to the model.
The model made its decision based on the learned fraud patterns from these values.
Because the model estimated P(fraud) = 0.0000, which is below the alert threshold of 0.12, the system returned ALLOW.
The ground-truth label is legitimate, and the model also allowed it, so this is a True Negative."
01_normal_baseline-TX-267,01_normal_baseline,0.0,ALLOW,LOG,0,0,True Negative,22.829430003184825,9589.51,25022.0,15432.49,0.0,0.0,0.12,0.3,"step = 8.0000
balance_diff_orig = 9,589.5100
error_orig = 0.0000
newbalanceOrig = 15,432.4900
type_PAYMENT = 1.0000","Scenario: 01_normal_baseline
Probability: 0.0000
Decision: ALLOW
Action: LOG
Truth: 0
Prediction: 0
Result: True Negative

Reason:
The original transaction already contains the feature values shown to the model.
The model made its decision based on the learned fraud patterns from these values.
Because the model estimated P(fraud) = 0.0000, which is below the alert threshold of 0.12, the system returned ALLOW.
The ground-truth label is legitimate, and the model also allowed it, so this is a True Negative.","Scenario: 01_normal_baseline
Probability: 0.0000
Decision: ALLOW
Action: LOG
Truth: 0
Prediction: 0
Result: True Negative

Reason:
The original transaction already contains the feature values shown to the model.
The model made its decision based on the learned fraud patterns from these values.
Because the model estimated P(fraud) = 0.0000, which is below the alert threshold of 0.12, the system returned ALLOW.
The ground-truth label is legitimate, and the model also allowed it, so this is a True Negative."
01_normal_baseline-TX-268,01_normal_baseline,0.14,REVIEW,ALERT,0,0,True Negative,22.59736999985762,161353.15,45409.0,0.0,924.7,232827.22,0.12,0.3,"step = 8.0000
balance_diff_orig = 45,409.0000
error_orig = 115,944.1500
newbalanceOrig = 0.0000
type_PAYMENT = 0.0000","Scenario: 01_normal_baseline
Probability: 0.1400
Decision: REVIEW
Action: ALERT
Truth: 0
Prediction: 0
Result: True Negative

Reason:
The original transaction already contains the feature values shown to the model.
The model made its decision based on the learned fraud patterns from these values.
Because the model estimated P(fraud) = 0.1400, which is above the alert threshold of 0.12 but below the block threshold of 0.30, the system returned REVIEW.
The ground-truth label is legitimate, and the model also allowed it, so this is a True Negative.","Scenario: 01_normal_baseline
Probability: 0.1400
Decision: REVIEW
Action: ALERT
Truth: 0
Prediction: 0
Result: True Negative

Reason:
The original transaction already contains the feature values shown to the model.
The model made its decision based on the learned fraud patterns from these values.
Because the model estimated P(fraud) = 0.1400, which is above the alert threshold of 0.12 but below the block threshold of 0.30, the system returned REVIEW.
The ground-truth label is legitimate, and the model also allowed it, so this is a True Negative."
01_normal_baseline-TX-269,01_normal_baseline,0.04,ALLOW,LOG,0,0,True Negative,23.272785998415202,401672.66,0.0,0.0,581071.09,982743.75,0.12,0.3,"step = 7.0000
balance_diff_orig = 0.0000
error_orig = 401,672.6600
newbalanceOrig = 0.0000
type_PAYMENT = 0.0000","Scenario: 01_normal_baseline
Probability: 0.0400
Decision: ALLOW
Action: LOG
Truth: 0
Prediction: 0
Result: True Negative

Reason:
The original transaction already contains the feature values shown to the model.
The model made its decision based on the learned fraud patterns from these values.
Because the model estimated P(fraud) = 0.0400, which is below the alert threshold of 0.12, the system returned ALLOW.
The ground-truth label is legitimate, and the model also allowed it, so this is a True Negative.","Scenario: 01_normal_baseline
Probability: 0.0400
Decision: ALLOW
Action: LOG
Truth: 0
Prediction: 0
Result: True Negative

Reason:
The original transaction already contains the feature values shown to the model.
The model made its decision based on the learned fraud patterns from these values.
Because the model estimated P(fraud) = 0.0400, which is below the alert threshold of 0.12, the system returned ALLOW.
The ground-truth label is legitimate, and the model also allowed it, so this is a True Negative."
01_normal_baseline-TX-270,01_normal_baseline,0.0,ALLOW,LOG,0,0,True Negative,22.694511004374363,127520.73,0.0,0.0,179184.52,31831.51,0.12,0.3,"step = 7.0000
balance_diff_orig = 0.0000
error_orig = 127,520.7300
newbalanceOrig = 0.0000
type_PAYMENT = 0.0000","Scenario: 01_normal_baseline
Probability: 0.0000
Decision: ALLOW
Action: LOG
Truth: 0
Prediction: 0
Result: True Negative

Reason:
The original transaction already contains the feature values shown to the model.
The model made its decision based on the learned fraud patterns from these values.
Because the model estimated P(fraud) = 0.0000, which is below the alert threshold of 0.12, the system returned ALLOW.
The ground-truth label is legitimate, and the model also allowed it, so this is a True Negative.","Scenario: 01_normal_baseline
Probability: 0.0000
Decision: ALLOW
Action: LOG
Truth: 0
Prediction: 0
Result: True Negative

Reason:
The original transaction already contains the feature values shown to the model.
The model made its decision based on the learned fraud patterns from these values.
Because the model estimated P(fraud) = 0.0000, which is below the alert threshold of 0.12, the system returned ALLOW.
The ground-truth label is legitimate, and the model also allowed it, so this is a True Negative."
01_normal_baseline-TX-271,01_normal_baseline,0.005,ALLOW,LOG,0,0,True Negative,22.632357002294157,165283.57,0.0,0.0,311507.37,1142330.03,0.12,0.3,"step = 8.0000
balance_diff_orig = 0.0000
error_orig = 165,283.5700
newbalanceOrig = 0.0000
type_PAYMENT = 0.0000","Scenario: 01_normal_baseline
Probability: 0.0050
Decision: ALLOW
Action: LOG
Truth: 0
Prediction: 0
Result: True Negative

Reason:
The original transaction already contains the feature values shown to the model.
The model made its decision based on the learned fraud patterns from these values.
Because the model estimated P(fraud) = 0.0050, which is below the alert threshold of 0.12, the system returned ALLOW.
The ground-truth label is legitimate, and the model also allowed it, so this is a True Negative.","Scenario: 01_normal_baseline
Probability: 0.0050
Decision: ALLOW
Action: LOG
Truth: 0
Prediction: 0
Result: True Negative

Reason:
The original transaction already contains the feature values shown to the model.
The model made its decision based on the learned fraud patterns from these values.
Because the model estimated P(fraud) = 0.0050, which is below the alert threshold of 0.12, the system returned ALLOW.
The ground-truth label is legitimate, and the model also allowed it, so this is a True Negative."
01_normal_baseline-TX-272,01_normal_baseline,0.0,ALLOW,LOG,0,0,True Negative,23.64609199867118,3966.99,18552.0,14585.01,0.0,0.0,0.12,0.3,"step = 3.0000
balance_diff_orig = 3,966.9900
error_orig = 0.0000
newbalanceOrig = 14,585.0100
type_PAYMENT = 1.0000","Scenario: 01_normal_baseline
Probability: 0.0000
Decision: ALLOW
Action: LOG
Truth: 0
Prediction: 0
Result: True Negative

Reason:
The original transaction already contains the feature values shown to the model.
The model made its decision based on the learned fraud patterns from these values.
Because the model estimated P(fraud) = 0.0000, which is below the alert threshold of 0.12, the system returned ALLOW.
The ground-truth label is legitimate, and the model also allowed it, so this is a True Negative.","Scenario: 01_normal_baseline
Probability: 0.0000
Decision: ALLOW
Action: LOG
Truth: 0
Prediction: 0
Result: True Negative

Reason:
The original transaction already contains the feature values shown to the model.
The model made its decision based on the learned fraud patterns from these values.
Because the model estimated P(fraud) = 0.0000, which is below the alert threshold of 0.12, the system returned ALLOW.
The ground-truth label is legitimate, and the model also allowed it, so this is a True Negative."
01_normal_baseline-TX-273,01_normal_baseline,0.0,ALLOW,LOG,0,0,True Negative,23.42833500006236,3156.41,585.0,0.0,0.0,0.0,0.12,0.3,"step = 8.0000
balance_diff_orig = 585.0000
error_orig = 2,571.4100
newbalanceOrig = 0.0000
type_PAYMENT = 1.0000","Scenario: 01_normal_baseline
Probability: 0.0000
Decision: ALLOW
Action: LOG
Truth: 0
Prediction: 0
Result: True Negative

Reason:
The original transaction already contains the feature values shown to the model.
The model made its decision based on the learned fraud patterns from these values.
Because the model estimated P(fraud) = 0.0000, which is below the alert threshold of 0.12, the system returned ALLOW.
The ground-truth label is legitimate, and the model also allowed it, so this is a True Negative.","Scenario: 01_normal_baseline
Probability: 0.0000
Decision: ALLOW
Action: LOG
Truth: 0
Prediction: 0
Result: True Negative

Reason:
The original transaction already contains the feature values shown to the model.
The model made its decision based on the learned fraud patterns from these values.
Because the model estimated P(fraud) = 0.0000, which is below the alert threshold of 0.12, the system returned ALLOW.
The ground-truth label is legitimate, and the model also allowed it, so this is a True Negative."
01_normal_baseline-TX-274,01_normal_baseline,0.005,ALLOW,LOG,0,0,True Negative,24.955123000836466,345998.83,0.0,0.0,1115250.26,6965916.76,0.12,0.3,"step = 8.0000
balance_diff_orig = 0.0000
error_orig = 345,998.8300
newbalanceOrig = 0.0000
type_PAYMENT = 0.0000","Scenario: 01_normal_baseline
Probability: 0.0050
Decision: ALLOW
Action: LOG
Truth: 0
Prediction: 0
Result: True Negative

Reason:
The original transaction already contains the feature values shown to the model.
The model made its decision based on the learned fraud patterns from these values.
Because the model estimated P(fraud) = 0.0050, which is below the alert threshold of 0.12, the system returned ALLOW.
The ground-truth label is legitimate, and the model also allowed it, so this is a True Negative.","Scenario: 01_normal_baseline
Probability: 0.0050
Decision: ALLOW
Action: LOG
Truth: 0
Prediction: 0
Result: True Negative

Reason:
The original transaction already contains the feature values shown to the model.
The model made its decision based on the learned fraud patterns from these values.
Because the model estimated P(fraud) = 0.0050, which is below the alert threshold of 0.12, the system returned ALLOW.
The ground-truth label is legitimate, and the model also allowed it, so this is a True Negative."
01_normal_baseline-TX-275,01_normal_baseline,0.005,ALLOW,LOG,0,0,True Negative,23.60239600238856,85.69,106.0,20.31,0.0,0.0,0.12,0.3,"step = 8.0000
balance_diff_orig = 85.6900
error_orig = 0.0000
newbalanceOrig = 20.3100
type_PAYMENT = 1.0000","Scenario: 01_normal_baseline
Probability: 0.0050
Decision: ALLOW
Action: LOG
Truth: 0
Prediction: 0
Result: True Negative

Reason:
The original transaction already contains the feature values shown to the model.
The model made its decision based on the learned fraud patterns from these values.
Because the model estimated P(fraud) = 0.0050, which is below the alert threshold of 0.12, the system returned ALLOW.
The ground-truth label is legitimate, and the model also allowed it, so this is a True Negative.","Scenario: 01_normal_baseline
Probability: 0.0050
Decision: ALLOW
Action: LOG
Truth: 0
Prediction: 0
Result: True Negative

Reason:
The original transaction already contains the feature values shown to the model.
The model made its decision based on the learned fraud patterns from these values.
Because the model estimated P(fraud) = 0.0050, which is below the alert threshold of 0.12, the system returned ALLOW.
The ground-truth label is legitimate, and the model also allowed it, so this is a True Negative."
01_normal_baseline-TX-276,01_normal_baseline,0.01,ALLOW,LOG,0,0,True Negative,22.80358999996679,24479.2,7882263.95,7906743.15,342097.51,2098492.52,0.12,0.3,"step = 8.0000
balance_diff_orig = -24,479.2000
error_orig = 48,958.4000
newbalanceOrig = 7,906,743.1500
type_PAYMENT = 0.0000","Scenario: 01_normal_baseline
Probability: 0.0100
Decision: ALLOW
Action: LOG
Truth: 0
Prediction: 0
Result: True Negative

Reason:
The original transaction already contains the feature values shown to the model.
The model made its decision based on the learned fraud patterns from these values.
Because the model estimated P(fraud) = 0.0100, which is below the alert threshold of 0.12, the system returned ALLOW.
The ground-truth label is legitimate, and the model also allowed it, so this is a True Negative.","Scenario: 01_normal_baseline
Probability: 0.0100
Decision: ALLOW
Action: LOG
Truth: 0
Prediction: 0
Result: True Negative

Reason:
The original transaction already contains the feature values shown to the model.
The model made its decision based on the learned fraud patterns from these values.
Because the model estimated P(fraud) = 0.0100, which is below the alert threshold of 0.12, the system returned ALLOW.
The ground-truth label is legitimate, and the model also allowed it, so this is a True Negative."
01_normal_baseline-TX-277,01_normal_baseline,0.0,ALLOW,LOG,0,0,True Negative,23.420079000061378,13243.48,0.0,0.0,43388.63,56632.12,0.12,0.3,"step = 8.0000
balance_diff_orig = 0.0000
error_orig = 13,243.4800
newbalanceOrig = 0.0000
type_PAYMENT = 0.0000","Scenario: 01_normal_baseline
Probability: 0.0000
Decision: ALLOW
Action: LOG
Truth: 0
Prediction: 0
Result: True Negative

Reason:
The original transaction already contains the feature values shown to the model.
The model made its decision based on the learned fraud patterns from these values.
Because the model estimated P(fraud) = 0.0000, which is below the alert threshold of 0.12, the system returned ALLOW.
The ground-truth label is legitimate, and the model also allowed it, so this is a True Negative.","Scenario: 01_normal_baseline
Probability: 0.0000
Decision: ALLOW
Action: LOG
Truth: 0
Prediction: 0
Result: True Negative

Reason:
The original transaction already contains the feature values shown to the model.
The model made its decision based on the learned fraud patterns from these values.
Because the model estimated P(fraud) = 0.0000, which is below the alert threshold of 0.12, the system returned ALLOW.
The ground-truth label is legitimate, and the model also allowed it, so this is a True Negative."
01_normal_baseline-TX-278,01_normal_baseline,0.865,BLOCK,BLOCK,1,1,True Positive,23.698851000517607,416001.33,0.0,0.0,102.0,9291619.62,0.12,0.3,"step = 1.0000
balance_diff_orig = 0.0000
error_orig = 416,001.3300
newbalanceOrig = 0.0000
type_PAYMENT = 0.0000","Scenario: 01_normal_baseline
Probability: 0.8650
Decision: BLOCK
Action: BLOCK
Truth: 1
Prediction: 1
Result: True Positive

Reason:
The original transaction already contains the feature values shown to the model.
The model made its decision based on the learned fraud patterns from these values.
Because the model estimated P(fraud) = 0.8650, which is above the block threshold of 0.30, the system returned BLOCK.
The ground-truth label is also fraud, so this is a True Positive.","Scenario: 01_normal_baseline
Probability: 0.8650
Decision: BLOCK
Action: BLOCK
Truth: 1
Prediction: 1
Result: True Positive

Reason:
The original transaction already contains the feature values shown to the model.
The model made its decision based on the learned fraud patterns from these values.
Because the model estimated P(fraud) = 0.8650, which is above the block threshold of 0.30, the system returned BLOCK.
The ground-truth label is also fraud, so this is a True Positive."
01_normal_baseline-TX-279,01_normal_baseline,0.025,ALLOW,LOG,0,0,True Negative,23.07463900069706,217136.62,3883410.08,4100546.7,236514.67,272559.94,0.12,0.3,"step = 7.0000
balance_diff_orig = -217,136.6200
error_orig = 434,273.2400
newbalanceOrig = 4,100,546.7000
type_PAYMENT = 0.0000","Scenario: 01_normal_baseline
Probability: 0.0250
Decision: ALLOW
Action: LOG
Truth: 0
Prediction: 0
Result: True Negative

Reason:
The original transaction already contains the feature values shown to the model.
The model made its decision based on the learned fraud patterns from these values.
Because the model estimated P(fraud) = 0.0250, which is below the alert threshold of 0.12, the system returned ALLOW.
The ground-truth label is legitimate, and the model also allowed it, so this is a True Negative.","Scenario: 01_normal_baseline
Probability: 0.0250
Decision: ALLOW
Action: LOG
Truth: 0
Prediction: 0
Result: True Negative

Reason:
The original transaction already contains the feature values shown to the model.
The model made its decision based on the learned fraud patterns from these values.
Because the model estimated P(fraud) = 0.0250, which is below the alert threshold of 0.12, the system returned ALLOW.
The ground-truth label is legitimate, and the model also allowed it, so this is a True Negative."
01_normal_baseline-TX-280,01_normal_baseline,0.0,ALLOW,LOG,0,0,True Negative,22.914922003110405,2648.55,0.0,0.0,0.0,0.0,0.12,0.3,"step = 8.0000
balance_diff_orig = 0.0000
error_orig = 2,648.5500
newbalanceOrig = 0.0000
type_PAYMENT = 1.0000","Scenario: 01_normal_baseline
Probability: 0.0000
Decision: ALLOW
Action: LOG
Truth: 0
Prediction: 0
Result: True Negative

Reason:
The original transaction already contains the feature values shown to the model.
The model made its decision based on the learned fraud patterns from these values.
Because the model estimated P(fraud) = 0.0000, which is below the alert threshold of 0.12, the system returned ALLOW.
The ground-truth label is legitimate, and the model also allowed it, so this is a True Negative.","Scenario: 01_normal_baseline
Probability: 0.0000
Decision: ALLOW
Action: LOG
Truth: 0
Prediction: 0
Result: True Negative

Reason:
The original transaction already contains the feature values shown to the model.
The model made its decision based on the learned fraud patterns from these values.
Because the model estimated P(fraud) = 0.0000, which is below the alert threshold of 0.12, the system returned ALLOW.
The ground-truth label is legitimate, and the model also allowed it, so this is a True Negative."
01_normal_baseline-TX-281,01_normal_baseline,0.575,BLOCK,BLOCK,1,1,True Positive,23.058038001181558,2930418.44,2930418.44,0.0,0.0,0.0,0.12,0.3,"step = 4.0000
balance_diff_orig = 2,930,418.4400
error_orig = 0.0000
newbalanceOrig = 0.0000
type_PAYMENT = 0.0000","Scenario: 01_normal_baseline
Probability: 0.5750
Decision: BLOCK
Action: BLOCK
Truth: 1
Prediction: 1
Result: True Positive

Reason:
The model blocked this transaction because it matches an account-draining pattern.
The sender had 2,930,418 before the transaction, transferred 2,930,418, and was left with 0.
This means the transaction consumed the full available sender balance.
Because the model estimated P(fraud) = 0.5750, which is above the block threshold of 0.30, the system returned BLOCK.
The ground-truth label is also fraud, so this is a True Positive.","Scenario: 01_normal_baseline
Probability: 0.5750
Decision: BLOCK
Action: BLOCK
Truth: 1
Prediction: 1
Result: True Positive

Reason:
The model blocked this transaction because it matches an account-draining pattern.
The sender had 2,930,418 before the transaction, transferred 2,930,418, and was left with 0.
This means the transaction consumed the full available sender balance.
Because the model estimated P(fraud) = 0.5750, which is above the block threshold of 0.30, the system returned BLOCK.
The ground-truth label is also fraud, so this is a True Positive."
01_normal_baseline-TX-282,01_normal_baseline,0.0,ALLOW,LOG,0,0,True Negative,22.87463600077899,22850.11,19807.0,0.0,0.0,0.0,0.12,0.3,"step = 6.0000
balance_diff_orig = 19,807.0000
error_orig = 3,043.1100
newbalanceOrig = 0.0000
type_PAYMENT = 1.0000","Scenario: 01_normal_baseline
Probability: 0.0000
Decision: ALLOW
Action: LOG
Truth: 0
Prediction: 0
Result: True Negative

Reason:
The original transaction already contains the feature values shown to the model.
The model made its decision based on the learned fraud patterns from these values.
Because the model estimated P(fraud) = 0.0000, which is below the alert threshold of 0.12, the system returned ALLOW.
The ground-truth label is legitimate, and the model also allowed it, so this is a True Negative.","Scenario: 01_normal_baseline
Probability: 0.0000
Decision: ALLOW
Action: LOG
Truth: 0
Prediction: 0
Result: True Negative

Reason:
The original transaction already contains the feature values shown to the model.
The model made its decision based on the learned fraud patterns from these values.
Because the model estimated P(fraud) = 0.0000, which is below the alert threshold of 0.12, the system returned ALLOW.
The ground-truth label is legitimate, and the model also allowed it, so this is a True Negative."
01_normal_baseline-TX-283,01_normal_baseline,0.055,ALLOW,LOG,0,0,True Negative,23.498002999986056,147588.63,103880.0,0.0,0.0,52096.77,0.12,0.3,"step = 8.0000
balance_diff_orig = 103,880.0000
error_orig = 43,708.6300
newbalanceOrig = 0.0000
type_PAYMENT = 0.0000","Scenario: 01_normal_baseline
Probability: 0.0550
Decision: ALLOW
Action: LOG
Truth: 0
Prediction: 0
Result: True Negative

Reason:
The original transaction already contains the feature values shown to the model.
The model made its decision based on the learned fraud patterns from these values.
Because the model estimated P(fraud) = 0.0550, which is below the alert threshold of 0.12, the system returned ALLOW.
The ground-truth label is legitimate, and the model also allowed it, so this is a True Negative.","Scenario: 01_normal_baseline
Probability: 0.0550
Decision: ALLOW
Action: LOG
Truth: 0
Prediction: 0
Result: True Negative

Reason:
The original transaction already contains the feature values shown to the model.
The model made its decision based on the learned fraud patterns from these values.
Because the model estimated P(fraud) = 0.0550, which is below the alert threshold of 0.12, the system returned ALLOW.
The ground-truth label is legitimate, and the model also allowed it, so this is a True Negative."
01_normal_baseline-TX-284,01_normal_baseline,0.005,ALLOW,LOG,0,0,True Negative,23.107510001864284,196133.89,241482.94,45349.06,394790.12,148564.66,0.12,0.3,"step = 8.0000
balance_diff_orig = 196,133.8800
error_orig = 0.0100
newbalanceOrig = 45,349.0600
type_PAYMENT = 0.0000","Scenario: 01_normal_baseline
Probability: 0.0050
Decision: ALLOW
Action: LOG
Truth: 0
Prediction: 0
Result: True Negative

Reason:
The original transaction already contains the feature values shown to the model.
The model made its decision based on the learned fraud patterns from these values.
Because the model estimated P(fraud) = 0.0050, which is below the alert threshold of 0.12, the system returned ALLOW.
The ground-truth label is legitimate, and the model also allowed it, so this is a True Negative.","Scenario: 01_normal_baseline
Probability: 0.0050
Decision: ALLOW
Action: LOG
Truth: 0
Prediction: 0
Result: True Negative

Reason:
The original transaction already contains the feature values shown to the model.
The model made its decision based on the learned fraud patterns from these values.
Because the model estimated P(fraud) = 0.0050, which is below the alert threshold of 0.12, the system returned ALLOW.
The ground-truth label is legitimate, and the model also allowed it, so this is a True Negative."
01_normal_baseline-TX-285,01_normal_baseline,0.0,ALLOW,LOG,0,0,True Negative,23.315149002883118,7105.09,10717.0,3611.91,0.0,0.0,0.12,0.3,"step = 7.0000
balance_diff_orig = 7,105.0900
error_orig = 0.0000
newbalanceOrig = 3,611.9100
type_PAYMENT = 1.0000","Scenario: 01_normal_baseline
Probability: 0.0000
Decision: ALLOW
Action: LOG
Truth: 0
Prediction: 0
Result: True Negative

Reason:
The original transaction already contains the feature values shown to the model.
The model made its decision based on the learned fraud patterns from these values.
Because the model estimated P(fraud) = 0.0000, which is below the alert threshold of 0.12, the system returned ALLOW.
The ground-truth label is legitimate, and the model also allowed it, so this is a True Negative.","Scenario: 01_normal_baseline
Probability: 0.0000
Decision: ALLOW
Action: LOG
Truth: 0
Prediction: 0
Result: True Negative

Reason:
The original transaction already contains the feature values shown to the model.
The model made its decision based on the learned fraud patterns from these values.
Because the model estimated P(fraud) = 0.0000, which is below the alert threshold of 0.12, the system returned ALLOW.
The ground-truth label is legitimate, and the model also allowed it, so this is a True Negative."
01_normal_baseline-TX-286,01_normal_baseline,0.0,ALLOW,LOG,0,0,True Negative,23.242415001732297,21285.57,0.0,0.0,0.0,0.0,0.12,0.3,"step = 7.0000
balance_diff_orig = 0.0000
error_orig = 21,285.5700
newbalanceOrig = 0.0000
type_PAYMENT = 1.0000","Scenario: 01_normal_baseline
Probability: 0.0000
Decision: ALLOW
Action: LOG
Truth: 0
Prediction: 0
Result: True Negative

Reason:
The original transaction already contains the feature values shown to the model.
The model made its decision based on the learned fraud patterns from these values.
Because the model estimated P(fraud) = 0.0000, which is below the alert threshold of 0.12, the system returned ALLOW.
The ground-truth label is legitimate, and the model also allowed it, so this is a True Negative.","Scenario: 01_normal_baseline
Probability: 0.0000
Decision: ALLOW
Action: LOG
Truth: 0
Prediction: 0
Result: True Negative

Reason:
The original transaction already contains the feature values shown to the model.
The model made its decision based on the learned fraud patterns from these values.
Because the model estimated P(fraud) = 0.0000, which is below the alert threshold of 0.12, the system returned ALLOW.
The ground-truth label is legitimate, and the model also allowed it, so this is a True Negative."
01_normal_baseline-TX-287,01_normal_baseline,0.0,ALLOW,LOG,0,0,True Negative,23.330739997618366,16028.47,0.0,0.0,0.0,0.0,0.12,0.3,"step = 8.0000
balance_diff_orig = 0.0000
error_orig = 16,028.4700
newbalanceOrig = 0.0000
type_PAYMENT = 1.0000","Scenario: 01_normal_baseline
Probability: 0.0000
Decision: ALLOW
Action: LOG
Truth: 0
Prediction: 0
Result: True Negative

Reason:
The original transaction already contains the feature values shown to the model.
The model made its decision based on the learned fraud patterns from these values.
Because the model estimated P(fraud) = 0.0000, which is below the alert threshold of 0.12, the system returned ALLOW.
The ground-truth label is legitimate, and the model also allowed it, so this is a True Negative.","Scenario: 01_normal_baseline
Probability: 0.0000
Decision: ALLOW
Action: LOG
Truth: 0
Prediction: 0
Result: True Negative

Reason:
The original transaction already contains the feature values shown to the model.
The model made its decision based on the learned fraud patterns from these values.
Because the model estimated P(fraud) = 0.0000, which is below the alert threshold of 0.12, the system returned ALLOW.
The ground-truth label is legitimate, and the model also allowed it, so this is a True Negative."
01_normal_baseline-TX-288,01_normal_baseline,0.02,ALLOW,LOG,0,0,True Negative,23.544503994344268,193934.43,2607483.45,2801417.89,839003.09,645068.66,0.12,0.3,"step = 7.0000
balance_diff_orig = -193,934.4400
error_orig = 387,868.8700
newbalanceOrig = 2,801,417.8900
type_PAYMENT = 0.0000","Scenario: 01_normal_baseline
Probability: 0.0200
Decision: ALLOW
Action: LOG
Truth: 0
Prediction: 0
Result: True Negative

Reason:
The original transaction already contains the feature values shown to the model.
The model made its decision based on the learned fraud patterns from these values.
Because the model estimated P(fraud) = 0.0200, which is below the alert threshold of 0.12, the system returned ALLOW.
The ground-truth label is legitimate, and the model also allowed it, so this is a True Negative.","Scenario: 01_normal_baseline
Probability: 0.0200
Decision: ALLOW
Action: LOG
Truth: 0
Prediction: 0
Result: True Negative

Reason:
The original transaction already contains the feature values shown to the model.
The model made its decision based on the learned fraud patterns from these values.
Because the model estimated P(fraud) = 0.0200, which is below the alert threshold of 0.12, the system returned ALLOW.
The ground-truth label is legitimate, and the model also allowed it, so this is a True Negative."
01_normal_baseline-TX-289,01_normal_baseline,0.0,ALLOW,LOG,0,0,True Negative,23.16890100337332,6029.47,30366.0,24336.53,0.0,0.0,0.12,0.3,"step = 7.0000
balance_diff_orig = 6,029.4700
error_orig = 0.0000
newbalanceOrig = 24,336.5300
type_PAYMENT = 1.0000","Scenario: 01_normal_baseline
Probability: 0.0000
Decision: ALLOW
Action: LOG
Truth: 0
Prediction: 0
Result: True Negative

Reason:
The original transaction already contains the feature values shown to the model.
The model made its decision based on the learned fraud patterns from these values.
Because the model estimated P(fraud) = 0.0000, which is below the alert threshold of 0.12, the system returned ALLOW.
The ground-truth label is legitimate, and the model also allowed it, so this is a True Negative.","Scenario: 01_normal_baseline
Probability: 0.0000
Decision: ALLOW
Action: LOG
Truth: 0
Prediction: 0
Result: True Negative

Reason:
The original transaction already contains the feature values shown to the model.
The model made its decision based on the learned fraud patterns from these values.
Because the model estimated P(fraud) = 0.0000, which is below the alert threshold of 0.12, the system returned ALLOW.
The ground-truth label is legitimate, and the model also allowed it, so this is a True Negative."
01_normal_baseline-TX-290,01_normal_baseline,0.0,ALLOW,LOG,0,0,True Negative,22.807321001891978,2844.83,498894.0,496049.17,0.0,0.0,0.12,0.3,"step = 8.0000
balance_diff_orig = 2,844.8300
error_orig = 0.0000
newbalanceOrig = 496,049.1700
type_PAYMENT = 1.0000","Scenario: 01_normal_baseline
Probability: 0.0000
Decision: ALLOW
Action: LOG
Truth: 0
Prediction: 0
Result: True Negative

Reason:
The original transaction already contains the feature values shown to the model.
The model made its decision based on the learned fraud patterns from these values.
Because the model estimated P(fraud) = 0.0000, which is below the alert threshold of 0.12, the system returned ALLOW.
The ground-truth label is legitimate, and the model also allowed it, so this is a True Negative.","Scenario: 01_normal_baseline
Probability: 0.0000
Decision: ALLOW
Action: LOG
Truth: 0
Prediction: 0
Result: True Negative

Reason:
The original transaction already contains the feature values shown to the model.
The model made its decision based on the learned fraud patterns from these values.
Because the model estimated P(fraud) = 0.0000, which is below the alert threshold of 0.12, the system returned ALLOW.
The ground-truth label is legitimate, and the model also allowed it, so this is a True Negative."
01_normal_baseline-TX-291,01_normal_baseline,0.005,ALLOW,LOG,0,0,True Negative,22.827685002994258,190685.75,0.0,0.0,209087.13,589589.05,0.12,0.3,"step = 8.0000
balance_diff_orig = 0.0000
error_orig = 190,685.7500
newbalanceOrig = 0.0000
type_PAYMENT = 0.0000","Scenario: 01_normal_baseline
Probability: 0.0050
Decision: ALLOW
Action: LOG
Truth: 0
Prediction: 0
Result: True Negative

Reason:
The original transaction already contains the feature values shown to the model.
The model made its decision based on the learned fraud patterns from these values.
Because the model estimated P(fraud) = 0.0050, which is below the alert threshold of 0.12, the system returned ALLOW.
The ground-truth label is legitimate, and the model also allowed it, so this is a True Negative.","Scenario: 01_normal_baseline
Probability: 0.0050
Decision: ALLOW
Action: LOG
Truth: 0
Prediction: 0
Result: True Negative

Reason:
The original transaction already contains the feature values shown to the model.
The model made its decision based on the learned fraud patterns from these values.
Because the model estimated P(fraud) = 0.0050, which is below the alert threshold of 0.12, the system returned ALLOW.
The ground-truth label is legitimate, and the model also allowed it, so this is a True Negative."
01_normal_baseline-TX-292,01_normal_baseline,0.015,ALLOW,LOG,0,0,True Negative,23.31673399748979,73743.26,4709857.03,4783600.3,100386.17,26642.91,0.12,0.3,"step = 7.0000
balance_diff_orig = -73,743.2700
error_orig = 147,486.5300
newbalanceOrig = 4,783,600.3000
type_PAYMENT = 0.0000","Scenario: 01_normal_baseline
Probability: 0.0150
Decision: ALLOW
Action: LOG
Truth: 0
Prediction: 0
Result: True Negative

Reason:
The original transaction already contains the feature values shown to the model.
The model made its decision based on the learned fraud patterns from these values.
Because the model estimated P(fraud) = 0.0150, which is below the alert threshold of 0.12, the system returned ALLOW.
The ground-truth label is legitimate, and the model also allowed it, so this is a True Negative.","Scenario: 01_normal_baseline
Probability: 0.0150
Decision: ALLOW
Action: LOG
Truth: 0
Prediction: 0
Result: True Negative

Reason:
The original transaction already contains the feature values shown to the model.
The model made its decision based on the learned fraud patterns from these values.
Because the model estimated P(fraud) = 0.0150, which is below the alert threshold of 0.12, the system returned ALLOW.
The ground-truth label is legitimate, and the model also allowed it, so this is a True Negative."
01_normal_baseline-TX-293,01_normal_baseline,0.0,ALLOW,LOG,0,0,True Negative,24.24962200166192,32643.79,0.0,0.0,0.0,0.0,0.12,0.3,"step = 1.0000
balance_diff_orig = 0.0000
error_orig = 32,643.7900
newbalanceOrig = 0.0000
type_PAYMENT = 1.0000","Scenario: 01_normal_baseline
Probability: 0.0000
Decision: ALLOW
Action: LOG
Truth: 0
Prediction: 0
Result: True Negative

Reason:
The original transaction already contains the feature values shown to the model.
The model made its decision based on the learned fraud patterns from these values.
Because the model estimated P(fraud) = 0.0000, which is below the alert threshold of 0.12, the system returned ALLOW.
The ground-truth label is legitimate, and the model also allowed it, so this is a True Negative.","Scenario: 01_normal_baseline
Probability: 0.0000
Decision: ALLOW
Action: LOG
Truth: 0
Prediction: 0
Result: True Negative

Reason:
The original transaction already contains the feature values shown to the model.
The model made its decision based on the learned fraud patterns from these values.
Because the model estimated P(fraud) = 0.0000, which is below the alert threshold of 0.12, the system returned ALLOW.
The ground-truth label is legitimate, and the model also allowed it, so this is a True Negative."
01_normal_baseline-TX-294,01_normal_baseline,0.605,BLOCK,BLOCK,1,1,True Positive,23.00698700128123,25071.46,25071.46,0.0,0.0,0.0,0.12,0.3,"step = 1.0000
balance_diff_orig = 25,071.4600
error_orig = 0.0000
newbalanceOrig = 0.0000
type_PAYMENT = 0.0000","Scenario: 01_normal_baseline
Probability: 0.6050
Decision: BLOCK
Action: BLOCK
Truth: 1
Prediction: 1
Result: True Positive

Reason:
The model blocked this transaction because it matches an account-draining pattern.
The sender had 25,071 before the transaction, transferred 25,071, and was left with 0.
This means the transaction consumed the full available sender balance.
Because the model estimated P(fraud) = 0.6050, which is above the block threshold of 0.30, the system returned BLOCK.
The ground-truth label is also fraud, so this is a True Positive.","Scenario: 01_normal_baseline
Probability: 0.6050
Decision: BLOCK
Action: BLOCK
Truth: 1
Prediction: 1
Result: True Positive

Reason:
The model blocked this transaction because it matches an account-draining pattern.
The sender had 25,071 before the transaction, transferred 25,071, and was left with 0.
This means the transaction consumed the full available sender balance.
Because the model estimated P(fraud) = 0.6050, which is above the block threshold of 0.30, the system returned BLOCK.
The ground-truth label is also fraud, so this is a True Positive."
01_normal_baseline-TX-295,01_normal_baseline,0.0,ALLOW,LOG,0,0,True Negative,22.79017299588304,18046.34,78685.0,60638.66,0.0,0.0,0.12,0.3,"step = 6.0000
balance_diff_orig = 18,046.3400
error_orig = 0.0000
newbalanceOrig = 60,638.6600
type_PAYMENT = 1.0000","Scenario: 01_normal_baseline
Probability: 0.0000
Decision: ALLOW
Action: LOG
Truth: 0
Prediction: 0
Result: True Negative

Reason:
The original transaction already contains the feature values shown to the model.
The model made its decision based on the learned fraud patterns from these values.
Because the model estimated P(fraud) = 0.0000, which is below the alert threshold of 0.12, the system returned ALLOW.
The ground-truth label is legitimate, and the model also allowed it, so this is a True Negative.","Scenario: 01_normal_baseline
Probability: 0.0000
Decision: ALLOW
Action: LOG
Truth: 0
Prediction: 0
Result: True Negative

Reason:
The original transaction already contains the feature values shown to the model.
The model made its decision based on the learned fraud patterns from these values.
Because the model estimated P(fraud) = 0.0000, which is below the alert threshold of 0.12, the system returned ALLOW.
The ground-truth label is legitimate, and the model also allowed it, so this is a True Negative."
01_normal_baseline-TX-296,01_normal_baseline,0.01,ALLOW,LOG,0,0,True Negative,22.73627300019143,315325.25,0.0,0.0,5341103.79,5515763.34,0.12,0.3,"step = 1.0000
balance_diff_orig = 0.0000
error_orig = 315,325.2500
newbalanceOrig = 0.0000
type_PAYMENT = 0.0000","Scenario: 01_normal_baseline
Probability: 0.0100
Decision: ALLOW
Action: LOG
Truth: 0
Prediction: 0
Result: True Negative

Reason:
The original transaction already contains the feature values shown to the model.
The model made its decision based on the learned fraud patterns from these values.
Because the model estimated P(fraud) = 0.0100, which is below the alert threshold of 0.12, the system returned ALLOW.
The ground-truth label is legitimate, and the model also allowed it, so this is a True Negative.","Scenario: 01_normal_baseline
Probability: 0.0100
Decision: ALLOW
Action: LOG
Truth: 0
Prediction: 0
Result: True Negative

Reason:
The original transaction already contains the feature values shown to the model.
The model made its decision based on the learned fraud patterns from these values.
Because the model estimated P(fraud) = 0.0100, which is below the alert threshold of 0.12, the system returned ALLOW.
The ground-truth label is legitimate, and the model also allowed it, so this is a True Negative."
01_normal_baseline-TX-297,01_normal_baseline,0.0,ALLOW,LOG,0,0,True Negative,22.640610004600603,22379.48,15447.0,0.0,0.0,0.0,0.12,0.3,"step = 8.0000
balance_diff_orig = 15,447.0000
error_orig = 6,932.4800
newbalanceOrig = 0.0000
type_PAYMENT = 1.0000","Scenario: 01_normal_baseline
Probability: 0.0000
Decision: ALLOW
Action: LOG
Truth: 0
Prediction: 0
Result: True Negative

Reason:
The original transaction already contains the feature values shown to the model.
The model made its decision based on the learned fraud patterns from these values.
Because the model estimated P(fraud) = 0.0000, which is below the alert threshold of 0.12, the system returned ALLOW.
The ground-truth label is legitimate, and the model also allowed it, so this is a True Negative.","Scenario: 01_normal_baseline
Probability: 0.0000
Decision: ALLOW
Action: LOG
Truth: 0
Prediction: 0
Result: True Negative

Reason:
The original transaction already contains the feature values shown to the model.
The model made its decision based on the learned fraud patterns from these values.
Because the model estimated P(fraud) = 0.0000, which is below the alert threshold of 0.12, the system returned ALLOW.
The ground-truth label is legitimate, and the model also allowed it, so this is a True Negative."
01_normal_baseline-TX-298,01_normal_baseline,0.0,ALLOW,LOG,0,0,True Negative,22.473490003903862,1770.69,0.0,0.0,0.0,0.0,0.12,0.3,"step = 7.0000
balance_diff_orig = 0.0000
error_orig = 1,770.6900
newbalanceOrig = 0.0000
type_PAYMENT = 1.0000","Scenario: 01_normal_baseline
Probability: 0.0000
Decision: ALLOW
Action: LOG
Truth: 0
Prediction: 0
Result: True Negative

Reason:
The original transaction already contains the feature values shown to the model.
The model made its decision based on the learned fraud patterns from these values.
Because the model estimated P(fraud) = 0.0000, which is below the alert threshold of 0.12, the system returned ALLOW.
The ground-truth label is legitimate, and the model also allowed it, so this is a True Negative.","Scenario: 01_normal_baseline
Probability: 0.0000
Decision: ALLOW
Action: LOG
Truth: 0
Prediction: 0
Result: True Negative

Reason:
The original transaction already contains the feature values shown to the model.
The model made its decision based on the learned fraud patterns from these values.
Because the model estimated P(fraud) = 0.0000, which is below the alert threshold of 0.12, the system returned ALLOW.
The ground-truth label is legitimate, and the model also allowed it, so this is a True Negative."
01_normal_baseline-TX-299,01_normal_baseline,0.02,ALLOW,LOG,0,0,True Negative,22.582964003959205,268661.88,276278.0,7616.12,5067.0,32981.25,0.12,0.3,"step = 8.0000
balance_diff_orig = 268,661.8800
error_orig = 0.0000
newbalanceOrig = 7,616.1200
type_PAYMENT = 0.0000","Scenario: 01_normal_baseline
Probability: 0.0200
Decision: ALLOW
Action: LOG
Truth: 0
Prediction: 0
Result: True Negative

Reason:
The original transaction already contains the feature values shown to the model.
The model made its decision based on the learned fraud patterns from these values.
Because the model estimated P(fraud) = 0.0200, which is below the alert threshold of 0.12, the system returned ALLOW.
The ground-truth label is legitimate, and the model also allowed it, so this is a True Negative.","Scenario: 01_normal_baseline
Probability: 0.0200
Decision: ALLOW
Action: LOG
Truth: 0
Prediction: 0
Result: True Negative

Reason:
The original transaction already contains the feature values shown to the model.
The model made its decision based on the learned fraud patterns from these values.
Because the model estimated P(fraud) = 0.0200, which is below the alert threshold of 0.12, the system returned ALLOW.
The ground-truth label is legitimate, and the model also allowed it, so this is a True Negative."
